id_aluno;ano;genero;idade;anos_na_pm;instituicao;fase;fase_ideal;defasagem;inde;pedra;IAA;IEG;IPS;IPP;IDA;IPV;IAN;nota_mat;nota_por;nota_ing;qtd_avaliadores;defasagem_prox;inde_prox;fase_prox;var_defasagem;var_inde;risco
RA-1;2022;F;19,0;6;Pública;7,0;8,0;-1,0;5,783;Quartzo;8,3;4,1;5,6;;4,0;7,278;5,0;2,7;3,5;6,0;4,0;0,0;;8,0;1,0;;0
RA-1;2023;F;20,0;7;Privada - Bolsa 100%;8,0;8,0;0,0;;;;;;;;;10,0;;;;;0,0;;8,0;0,0;;0
RA-1000;2023;F;8,0;0;Pública;0,0;0,0;0,0;7,9162;Ametista;8,5;9,4;3,77;6,25;7,0;8,92;10,0;7,0;7,0;;2,0;0,0;8,364790909100002;1,0;0,0;0,44859090910000177;0
RA-1001;2023;F;9,0;0;Pública;0,0;1,0;-1,0;8,1162;Topázio;9,0;9,1;7,52;7,5;7,8;9,17;5,0;8,3;7,3;;2,0;-1,0;7,7964318841;1,0;0,0;-0,31976811589999876;0
RA-1002;2023;F;9,0;0;Pública;0,0;1,0;-1,0;7,9012;Ametista;9,0;9,7;7,52;6,25;7,0;8,92;5,0;7,0;7,0;;2,0;-1,0;7,967866666700001;0,0;0,0;0,06666666670000065;0
RA-1003;2023;M;8,0;0;Pública;0,0;0,0;0,0;7,6522;Ametista;9,0;8,5;7,52;7,5;4,0;8,75;10,0;8,0;0,0;;2,0;-1,0;7,627588888900001;0,0;-1,0;-0,024611111099998695;1
RA-1004;2023;F;8,0;0;Pública;0,0;0,0;0,0;8,3137;Topázio;9,0;9,6;7,52;6,875;7,9;7,42;10,0;6,5;9,2;;2,0;-1,0;7,801200000000001;0,0;-1,0;-0,5125000000000002;1
RA-1006;2023;F;8,0;0;Pública;0,0;0,0;0,0;8,5922;Topázio;9,0;9,3;7,52;7,5;8,7;8,0;10,0;8,7;8,6;;2,0;-1,0;7,040088888900001;0,0;-1,0;-1,5521111110999994;1
RA-1008;2023;M;8,0;0;Pública;0,0;0,0;0,0;8,13595;Topázio;9,0;8,6;7,52;5,9375;8,4;7,5;10,0;7,5;9,2;;2,0;-1,0;6,8667414438000005;0,0;-1,0;-1,2692085561999988;1
RA-1009;2023;M;8,0;0;Pública;0,0;0,0;0,0;7,245;Ametista;0,0;9,0;3,77;7,5;8,8;7,84;10,0;8,3;9,2;;2,0;-1,0;6,395389393900001;0,0;-1,0;-0,8496106060999988;1
RA-1012;2023;F;8,0;0;Pública;0,0;0,0;0,0;7,96495;Ametista;10,0;9,9;3,77;7,1875;6,6;7,845;10,0;7,0;6,2;;2,0;-1,0;8,057128571400002;0,0;-1,0;0,09217857140000163;1
RA-1013;2023;M;7,0;0;Pública;0,0;0,0;0,0;7,6237;Ametista;9,0;9,6;4,39;5,625;8,3;5,76;10,0;7,0;9,5;;2,0;-1,0;5,7839559808;0,0;-1,0;-1,8397440192000003;1
RA-1014;2023;F;7,0;0;Pública;0,0;0,0;0,0;8,2582;Topázio;9,0;9,7;3,77;7,5;8,2;8,255;10,0;7,7;8,7;;2,0;-1,0;6,315972727300001;0,0;-1,0;-1,9422272726999994;1
RA-1015;2023;F;10,0;0;Pública;1,0;2,0;-1,0;7,538908333;Ametista;10,0;9,3;6,27;7,34375;6,3;7,786666667;5,0;5,0;7,6;;3,0;0,0;6,643252381000002;2,0;1,0;-0,8956559519999985;0
RA-1017;2023;M;11,0;0;Pública;1,0;2,0;-1,0;6,505333333;Ágata;0,0;8,0;5,02;7,5;7,7;8,116666667;5,0;7,0;8,3;;3,0;0,0;7,345521428500001;2,0;1,0;0,8401880955000003;0
RA-1018;2023;M;9,0;0;Pública;1,0;1,0;0,0;6,824;Ágata;0,0;8,5;5,02;7,5;6,3;8,06;10,0;5,8;6,8;;3,0;-1,0;7,7054045454;1,0;-1,0;0,8814045454000006;1
RA-1019;2023;F;8,0;0;Pública;1,0;0,0;1,0;7,177033333;Ametista;7,5;9,1;5,02;6,875;4,3;7,836666667;10,0;0,5;8,0;;3,0;0,0;8,692255194900001;1,0;-1,0;1,5152218619000015;0
RA-1020;2023;F;9,0;0;Pública;1,0;1,0;0,0;7,612283333;Ametista;10,0;9,1;2,52;7,1875;6,1;8,056666667;10,0;4,3;7,8;;3,0;0,0;8,9544954545;1,0;0,0;1,3422121215000002;0
RA-1021;2023;M;9,0;0;Pública;1,0;1,0;0,0;6,964616667;Ágata;8,0;9,2;3,77;7,1875;3,3;7,893333333;10,0;2,5;4,0;;3,0;-1,0;8,0985863636;1,0;-1,0;1,1339696966000012;1
RA-1022;2023;M;9,0;0;Pública;1,0;1,0;0,0;7,164616667;Ametista;8,5;8,5;3,77;7,1875;4,7;7,893333333;10,0;4,7;4,7;;3,0;-1,0;7,613169697000002;1,0;-1,0;0,448553030000002;1
RA-1023;2023;F;9,0;0;Pública;1,0;1,0;0,0;9,1342;Topázio;10,0;10,0;6,27;8,75;9,1;9,06;10,0;8,5;9,7;;3,0;0,0;9,4985809523;2,0;0,0;0,36438095229999945;0
RA-1024;2023;F;10,0;0;Pública;1,0;2,0;-1,0;7,788875;Ametista;0,0;10,0;6,27;9,21875;9,8;8,95;5,0;10,0;9,5;;3,0;-1,0;8,6516166666;1,0;0,0;0,8627416666000007;0
RA-1025;2023;M;9,0;0;Pública;1,0;1,0;0,0;8,215158333;Topázio;8,5;8,9;7,52;7,65625;7,5;7,836666667;10,0;7,5;7,5;;3,0;-1,0;7,897071212;1,0;-1,0;-0,3180871209999996;1
RA-1027;2023;F;10,0;0;Pública;1,0;2,0;-1,0;7,748866667;Ametista;9,5;9,7;7,52;7,5;6,0;8,333333333;5,0;4,2;7,7;;3,0;0,0;8,220866666700001;2,0;1,0;0,4719999997000013;0
RA-1028;2023;M;11,0;0;Pública;1,0;2,0;-1,0;6,415708333;Ágata;0,0;9,2;7,52;7,34375;5,0;7,946666667;5,0;5,0;5,0;;3,0;-2,0;7,1404338602;1,0;-1,0;0,7247255271999995;1
RA-1029;2023;F;9,0;0;Pública;1,0;1,0;0,0;7,058533333;Ametista;10,0;6,3;3,77;7,5;5,4;8,006666667;10,0;3,5;7,2;;3,0;-1,0;7,797790909100001;1,0;-1,0;0,7392575761000009;1
RA-103;2022;F;13,0;2;Privada - Parceira;4,0;3,0;1,0;8,107;Topázio;7,9;8,7;7,5;;7,3;7,708;10,0;7,3;7,3;7,3;4,0;1,0;8,0239;5,0;0,0;-0,08309999999999995;0
RA-103;2023;F;14,0;3;Privada - Apadrinhamento;5,0;4,0;1,0;8,0239;Topázio;8,3;9,2;5,0;8,125;7,1;8,09;10,0;7,3;6,3;7,7;4,0;0,0;8,775268254;5,0;-1,0;0,7513682540000008;0
RA-1030;2023;M;11,0;0;Pública;1,0;2,0;-1,0;7,4027;Ametista;8,5;9,7;3,77;6,875;6,9;8,39;5,0;6,2;7,5;;3,0;0,0;7,740191604;2,0;1,0;0,33749160399999933;0
RA-1031;2023;M;10,0;0;Pública;1,0;2,0;-1,0;7,0602;Ametista;8,0;8,8;7,52;6,666666667;5,9;7,006666667;5,0;4,8;7,0;;3,0;-1,0;6,8757227273;1,0;0,0;-0,1844772726999997;0
RA-1032;2023;M;10,0;0;Pública;1,0;2,0;-1,0;7,434033333;Ametista;8,5;9,5;7,52;7,291666667;6,0;7,563333333;5,0;5,7;6,2;;3,0;-1,0;8,01645;1,0;0,0;0,5824166670000004;0
RA-1034;2023;M;10,0;0;Pública;1,0;2,0;-1,0;7,9642;Ametista;7,5;9,0;7,52;8,333333333;8,3;8,393333333;5,0;7,8;8,7;;3,0;0,0;8,0333666666;2,0;1,0;0,06916666659999926;0
RA-1035;2023;M;9,0;0;Pública;1,0;1,0;0,0;6,888833333;Ágata;0,0;8,3;7,52;7,708333333;5,8;7,78;10,0;4,0;7,5;;3,0;-1,0;7,833495454500001;1,0;-1,0;0,9446621215000013;1
RA-1036;2023;F;11,0;0;Pública;1,0;2,0;-1,0;6,970583333;Ágata;0,0;9,6;3,77;9,0625;8,0;8,336666667;5,0;9,0;7,0;;3,0;0,0;8,2841303831;2,0;1,0;1,3135470501000004;0
RA-1038;2023;F;10,0;0;Privada;1,0;2,0;-1,0;7,736825;Ametista;8,0;9,3;7,52;8,90625;6,5;8,17;5,0;7,5;5,5;;3,0;0,0;7,9646385965;2,0;1,0;0,22781359650000077;0
RA-1039;2023;M;12,0;0;Pública;1,0;3,0;-2,0;7,686033333;Ametista;8,0;9,9;7,52;8,125;6,2;8,056666667;5,0;6,0;6,3;;3,0;-1,0;7,549644444400001;2,0;1,0;-0,1363888885999991;0
RA-104;2022;M;18,0;0;Pública;4,0;8,0;-4,0;6,315;Ágata;7,9;8,7;7,5;;3,7;6,708;2,5;4,8;5,8;0,3;4,0;-3,0;4,25;5,0;1,0;-2,0650000000000004;0
RA-1040;2023;M;11,0;0;Pública;1,0;2,0;-1,0;7,81545;Ametista;10,0;9,3;7,52;7,8125;6,6;8,06;5,0;5,8;7,3;;3,0;-1,0;7,764199999900001;2,0;0,0;-0,05125000009999958;0
RA-1043;2023;M;10,0;0;Pública;1,0;2,0;-1,0;6,5447;Ágata;10,0;7,9;6,27;7,708333333;2,5;7,833333333;5,0;2,0;3,0;;3,0;-1,0;7,539847562500002;1,0;0,0;0,9951475625000024;0
RA-1044;2023;F;10,0;0;Pública;1,0;2,0;-1,0;7,629533333;Ametista;8,0;9,7;7,52;7,5;6,1;8,336666667;5,0;4,5;7,7;;3,0;0,0;7,966711904800001;2,0;1,0;0,3371785718000009;0
RA-1048;2023;F;10,0;0;Privada;1,0;2,0;-1,0;7,811366667;Ametista;8,5;9,5;3,77;8,541666667;8,2;8,5;5,0;7,5;8,8;;3,0;1,0;7,5198666666;2,0;2,0;-0,2915000004000001;0
RA-1049;2023;M;10,0;0;Pública;1,0;2,0;-1,0;7,443366667;Ametista;10,0;7,7;7,52;8,125;6,3;7,943333333;5,0;5,5;7,0;;3,0;-1,0;6,821885606;1,0;0,0;-0,6214810609999999;0
RA-1052;2023;M;9,0;0;Pública;1,0;1,0;0,0;6,960333333;Ágata;0,0;9,0;7,52;7,916666667;5,3;7,833333333;10,0;5,0;5,5;;3,0;-1,0;7,744032575800001;1,0;-1,0;0,7836992428000009;1
RA-1054;2023;M;12,0;0;Pública;1,0;3,0;-2,0;7,459533333;Ametista;8,5;8,6;7,52;7,5;6,6;7,836666667;5,0;5,0;8,2;;3,0;-1,0;6,985788509300001;2,0;1,0;-0,4737448236999997;0
RA-1055;2023;M;11,0;0;Pública;1,0;2,0;-1,0;5,9765;Quartzo;0,0;7,2;7,52;7,291666667;5,5;7,276666667;5,0;6,0;5,0;;3,0;-2,0;6,403040909100001;1,0;-1,0;0,42654090910000164;1
RA-1056;2023;M;9,0;0;Pública;1,0;1,0;0,0;8,551741667;Topázio;8,5;9,6;7,52;7,96875;8,1;8,113333333;10,0;7,8;8,3;;3,0;-1,0;8,192009523800001;1,0;-1,0;-0,3597321431999987;1
RA-1057;2023;F;9,0;0;Pública;1,0;1,0;0,0;8,4827;Topázio;10,0;10,0;7,52;8,125;6,3;8,34;10,0;6,5;6,0;;3,0;-1,0;8,2352;1,0;-1,0;-0,24749999999999872;1
RA-1058;2023;F;9,0;0;Pública;1,0;1,0;0,0;7,356533333;Ametista;10,0;8,7;3,14;7,083333333;5,4;7,62;10,0;4,0;6,7;;3,0;-1,0;7,703347619;1,0;-1,0;0,34681428599999986;1
RA-1059;2023;M;10,0;0;Pública;1,0;2,0;-1,0;7,763741667;Ametista;10,0;9,8;2,52;7,96875;7,6;8,673333333;5,0;6,2;9,0;;3,0;0,0;8,678450000000002;2,0;1,0;0,9147083330000019;0
RA-106;2022;F;15,0;6;Privada - Parceira;4,0;5,0;-1,0;7,973;Ametista;9,2;8,0;9,4;;7,4;8,375;5,0;7,8;7,2;7,2;4,0;0,0;7,769658333;5,0;1,0;-0,20334166700000011;0
RA-106;2023;F;15,0;7;Privada - Apadrinhamento;5,0;5,0;0,0;7,769658333;Ametista;7,9;9,1;5,0;7,03125;7,3;7,5075;10,0;6,7;6,8;8,3;4,0;0,0;7,721664285733334;6,0;0,0;-0,04799404726666534;0
RA-1060;2023;M;10,0;0;Pública;1,0;2,0;-1,0;7,095741667;Ametista;9,0;8,6;3,14;7,96875;5,7;8,673333333;5,0;4,3;7,0;;3,0;0,0;6,448416666600001;2,0;1,0;-0,6473250003999995;0
RA-1061;2023;M;10,0;0;Pública;1,0;2,0;-1,0;8,196533333;Topázio;9,5;9,7;3,14;8,75;9,3;8,836666667;5,0;8,8;9,7;;3,0;0,0;8,76595;2,0;1,0;0,5694166670000005;0
RA-1062;2023;M;9,0;0;Pública;1,0;1,0;0,0;7,448841667;Ametista;7,4;7,7;3,77;8,59375;6,2;8,503333333;10,0;4,8;7,5;;3,0;-1,0;7,6147238096;1,0;-1,0;0,16588214260000012;1
RA-1063;2023;M;11,0;0;Privada - Apadrinhamento;1,0;2,0;-1,0;7,490825;Ametista;9,5;9,5;7,52;6,40625;5,9;7,89;5,0;4,7;7,0;;3,0;-1,0;7,279250000000001;2,0;0,0;-0,21157499999999896;0
RA-1064;2023;M;10,0;0;Pública;1,0;2,0;-1,0;8,4777;Topázio;8,5;9,8;7,52;9,375;8,6;8,84;5,0;8,3;8,8;;3,0;0,0;8,9802350877;2,0;1,0;0,5025350877000001;0
RA-1065;2023;F;10,0;0;Pública;1,0;2,0;-1,0;8,03395;Topázio;8,5;9,6;7,52;8,4375;7,0;8,84;5,0;7,7;6,3;;3,0;0,0;8,8634934783;2,0;1,0;0,8295434782999997;0
RA-1066;2023;F;10,0;0;Pública;1,0;2,0;-1,0;7,262616667;Ametista;8,5;6,6;7,52;8,4375;6,2;8,783333333;5,0;4,2;8,2;;3,0;0,0;7,9326223603;2,0;1,0;0,6700056933000003;0
RA-1067;2023;M;10,0;0;Pública;1,0;2,0;-1,0;6,541458333;Ágata;0,0;7,9;7,52;8,28125;5,4;9,006666667;5,0;4,5;6,3;;3,0;-1,0;7,840033333300001;1,0;0,0;1,2985750003000014;0
RA-1068;2023;M;10,0;0;Pública;1,0;2,0;-1,0;8,472533333;Topázio;8,5;9,3;6,89;9,166666667;9,0;9,283333333;5,0;8,3;9,7;;3,0;0,0;9,0150030303;2,0;1,0;0,5424696973000014;0
RA-1069;2023;M;11,0;0;Pública;1,0;2,0;-1,0;7,590033333;Ametista;9,0;7,8;7,52;8,125;7,1;8,226666667;5,0;7,5;6,7;;3,0;0,0;7,678917391300001;2,0;1,0;0,08888405830000057;0
RA-107;2022;F;15,0;4;Pública;4,0;5,0;-1,0;6,258;Ágata;7,5;6,4;7,5;;4,6;6,5;5,0;3,3;4,3;6,0;4,0;0,0;6,845208333;5,0;1,0;0,5872083330000004;0
RA-107;2023;F;15,0;5;Pública;5,0;5,0;0,0;6,845208333;Ágata;0,0;8,5;5,0;7,34375;7,0;7,5875;10,0;6,0;5,2;9,7;4,0;-1,0;6,676130827066667;5,0;-1,0;-0,16907750593333315;1
RA-1070;2023;M;11,0;0;Pública;1,0;2,0;-1,0;6,939033333;Ágata;9,0;7,8;3,14;7,708333333;5,8;8,67;5,0;5,3;6,3;;3,0;-1,0;6,287171861500001;1,0;0,0;-0,6518614714999993;0
RA-1071;2023;M;11,0;0;Pública;1,0;2,0;-1,0;6,414033333;Ágata;9,0;8,6;7,52;5,625;3,5;6,396666667;5,0;1,7;5,3;;3,0;-1,0;4,8048623378;2,0;0,0;-1,6091709951999995;0
RA-1072;2023;M;11,0;0;Pública;2,0;2,0;0,0;8,0152;Topázio;9,0;8,6;5,0;8,125;6,7;8,7125;10,0;5,2;8,2;;3,0;0,0;7,8153856754;3,0;0,0;-0,19981432460000015;0
RA-1073;2023;F;12,0;1;Pública;2,0;3,0;-1,0;6,384333333;Ágata;0,0;8,8;2,52;8,333333333;6,2;9,045;5,0;4,8;7,5;;3,0;0,0;7,0859945773333335;3,0;1,0;0,7016612443333337;0
RA-1075;2023;F;12,0;0;Pública;2,0;3,0;-1,0;6,591333333;Ágata;0,0;9,6;5,0;7,708333333;5,5;9,0025;5,0;5,0;6,0;;3,0;-1,0;6,8100812324;2,0;0,0;0,21874789940000028;0
RA-1076;2023;F;12,0;2;Pública;2,0;3,0;-1,0;7,901033333;Ametista;9,0;9,7;2,52;8,333333333;8,5;8,8775;5,0;9,0;8,0;;3,0;0,0;7,479598365200001;3,0;1,0;-0,4214349677999989;0
RA-1077;2023;M;11,0;0;Pública;2,0;2,0;0,0;7,2115;Ametista;0,0;9,7;2,52;8,75;7,3;8,4225;10,0;6,8;7,8;;3,0;0,0;5,543865740733334;3,0;0,0;-1,6676342592666664;0
RA-1079;2023;M;12,0;0;Pública;2,0;3,0;-1,0;6,916533333;Ágata;9,0;8,1;2,52;7,083333333;7,6;7,13;5,0;7,3;7,8;;3,0;0,0;5,4253413299333335;3,0;1,0;-1,4911920030666668;0
RA-108;2022;F;17,0;3;Pública;4,0;7,0;-3,0;5,547;Quartzo;4,6;7,7;5,0;;5,0;6,125;2,5;3,0;5,8;6,2;4,0;-2,0;4,9308;5,0;1,0;-0,6162000000000001;0
RA-1081;2023;F;14,0;0;Pública;2,0;4,0;-2,0;7,666033333;Ametista;10,0;10,0;2,52;8,958333333;6,5;8,59;5,0;8,0;5,0;;3,0;0,0;8,5452952381;4,0;2,0;0,8792619050999999;0
RA-1082;2023;F;12,0;0;Pública;2,0;3,0;-1,0;7,1617;Ametista;9,5;9,5;2,52;8,75;5,0;8,4225;5,0;3,5;6,5;;3,0;-1,0;6,6114857142;2,0;0,0;-0,5502142858000001;0
RA-1084;2023;F;11,0;0;Pública;2,0;2,0;0,0;7,9948;Ametista;8,4;10,0;2,52;8,75;6,8;8,38;10,0;5,0;8,5;;3,0;0,0;6,9071109649333335;3,0;0,0;-1,0876890350666661;0
RA-1087;2023;F;12,0;0;Pública;2,0;3,0;-1,0;7,2067;Ametista;10,0;9,5;2,52;8,75;5,4;8,0475;5,0;3,7;7,0;;3,0;0,0;6,913936532;3,0;1,0;-0,2927634679999995;0
RA-1089;2023;F;11,0;0;Pública;2,0;2,0;0,0;7,9947;Ametista;9,0;9,5;2,52;8,75;7,0;8,3375;10,0;6,0;8,0;;3,0;0,0;7,6221531746;3,0;0,0;-0,3725468253999997;0
RA-109;2022;M;16,0;1;Privada - Parceira;4,0;6,0;-2,0;8,512;Topázio;8,8;10,0;8,8;;8,4;8,667;5,0;7,8;7,5;9,9;4,0;-1,0;8,3184;6,0;1,0;-0,1936;0
RA-1090;2023;M;13,0;0;Pública;2,0;3,0;-1,0;7,844033333;Ametista;9,0;9,6;2,52;8,958333333;9,0;7,88;5,0;8,7;9,3;;3,0;0,0;7,7652831384;3,0;1,0;-0,07875019459999955;0
RA-1093;2023;M;11,0;0;Pública;2,0;2,0;0,0;8,197533333;Topázio;7,0;9,3;2,52;8,958333333;9,2;8,2975;10,0;9,3;9,0;;3,0;0,0;8,5079027778;3,0;0,0;0,3103694447999992;0
RA-1094;2023;F;11,0;0;Pública;2,0;2,0;0,0;8,1779;Topázio;7,8;9,5;2,52;8,75;8,5;8,3375;10,0;7,8;9,2;;3,0;0,0;8,0164785714;3,0;0,0;-0,16142142859999886;0
RA-1095;2023;M;13,0;0;Pública;2,0;3,0;-1,0;6,238;Ágata;0,0;9,8;2,52;8,75;5,3;8,005;5,0;5,8;4,7;;3,0;0,0;6,108547514666667;3,0;1,0;-0,1294524853333332;0
RA-1096;2023;F;10,0;0;Pública;2,0;2,0;0,0;8,615533333;Topázio;9,5;9,9;2,52;8,958333333;9,6;8,0875;10,0;9,5;9,7;;3,0;1,0;9,189883333333334;3,0;1,0;0,5743500003333342;0
RA-1097;2023;M;14,0;0;Pública;2,0;4,0;-2,0;6,9547;Ágata;9,5;8,6;5,0;8,125;5,4;6,96;5,0;4,3;6,5;;3,0;-1,0;5,475324895633334;3,0;1,0;-1,4793751043666656;0
RA-1098;2023;F;13,0;0;Pública;2,0;3,0;-1,0;7,2787;Ametista;9,5;9,5;2,52;8,125;6,4;7,92;5,0;6,3;6,5;;3,0;0,0;6,5744562514;3,0;1,0;-0,7042437485999997;0
RA-1099;2023;F;13,0;0;Pública;2,0;3,0;-1,0;7,113533333;Ametista;9,0;9,6;2,52;8,333333333;5,2;8,34;5,0;5,7;4,7;;3,0;0,0;7,332483333333334;3,0;1,0;0,21895000033333378;0
RA-110;2022;M;14,0;5;Privada - Parceira;4,0;4,0;0,0;8,15;Topázio;9,2;9,7;5,6;;6,7;8,0;10,0;8,3;5,7;6,0;4,0;0,0;8,0879;5,0;0,0;-0,06210000000000093;0
RA-110;2023;M;15,0;6;Privada - Apadrinhamento;5,0;5,0;0,0;8,0879;Topázio;8,3;8,6;5,0;8,75;7,5;8,2975;10,0;8,3;6,2;8,0;4,0;0,0;8,6324939394;5,0;0,0;0,5445939394000003;0
RA-1100;2023;M;11,0;0;Pública;2,0;2,0;0,0;8,261033333;Topázio;10,0;9,2;5,0;8,541666667;7,1;8,283333333;10,0;6,3;7,8;;3,0;1,0;6,649708333333334;3,0;1,0;-1,6113249996666665;0
RA-1102;2023;M;11,0;0;Pública;2,0;2,0;0,0;8,123033333;Topázio;9,5;9,5;5,0;7,708333333;7,5;7,56;10,0;5,7;9,2;;3,0;1,0;8,440611904733334;3,0;1,0;0,3175785717333337;0
RA-1103;2023;M;10,0;0;Pública;2,0;2,0;0,0;7,574866667;Ametista;9,0;8,7;5,0;8,333333333;5,0;8,006666667;10,0;4,5;5,5;;3,0;0,0;7,861995031000001;2,0;0,0;0,28712836400000086;0
RA-1106;2023;M;12,0;0;Pública;2,0;3,0;-1,0;7,1642;Ametista;8,5;9,3;5,0;8,333333333;5,1;8,003333333;5,0;5,2;5,0;;3,0;0,0;5,936272086266667;3,0;1,0;-1,2279279137333328;0
RA-1107;2023;F;12,0;0;Pública;2,0;3,0;-1,0;7,9327;Ametista;9,0;9,4;5,0;8,958333333;7,5;8,783333333;5,0;8,0;7,0;;3,0;0,0;5,9731;3,0;1,0;-1,9596;0
RA-1108;2023;M;12,0;0;Pública;2,0;3,0;-1,0;6,310833333;Ágata;0,0;9,3;5,0;8,541666667;4,7;8,283333333;5,0;3,7;5,7;;3,0;0,0;6,017215010400001;3,0;1,0;-0,29361832259999865;0
RA-111;2022;F;13,0;2;Privada - Parceira;4,0;3,0;1,0;8,646;Topázio;7,5;9,4;8,1;;8,0;8,667;10,0;6,7;7,5;9,7;4,0;1,0;7,566458333;5,0;0,0;-1,0795416670000009;0
RA-111;2023;F;14,0;3;Privada - Apadrinhamento;5,0;4,0;1,0;7,566458333;Ametista;7,5;8,7;5,0;7,65625;6,0;8,0875;10,0;6,0;5,2;6,7;4,0;0,0;8,667693939400001;5,0;-1,0;1,1012356064000013;0
RA-1111;2023;F;11,0;0;Pública;2,0;2,0;0,0;6,559166667;Ágata;0,0;8,9;2,52;8,125;5,4;8,173333333;10,0;4,8;6,0;;3,0;1,0;6,116032815733334;3,0;1,0;-0,4431338512666665;0
RA-1112;2023;M;12,0;0;Pública;2,0;3,0;-1,0;7,088866667;Ametista;9,5;7,9;2,52;8,333333333;6,3;8,616666667;5,0;5,2;7,3;;3,0;0,0;6,856082394;3,0;1,0;-0,23278427299999915;0
RA-1114;2023;F;11,0;0;Pública;2,0;2,0;0,0;7,5667;Ametista;8,5;9,8;2,52;8,125;4,9;8,56;10,0;4,3;5,5;;3,0;0,0;7,437466666666667;3,0;0,0;-0,12923333333333265;0
RA-1115;2023;F;11,0;0;Pública;2,0;2,0;0,0;6,474;Ágata;0,0;8,3;7,52;7,5;4,0;7,56;10,0;6,0;2,0;;3,0;0,0;6,570068686900001;2,0;0,0;0,0960686869000007;0
RA-1116;2023;M;13,0;0;Pública;2,0;3,0;-1,0;6,956533333;Ágata;9,5;9,2;5,0;7,083333333;4,9;7,39;5,0;3,8;6,0;;3,0;-1,0;3,7894777778;3,0;0,0;-3,1670555552;0
RA-1117;2023;F;11,0;0;Pública;2,0;2,0;0,0;8,382366667;Topázio;9,0;9,6;7,52;7,708333333;7,3;7,946666667;10,0;6,0;8,5;;3,0;1,0;7,601562962866668;3,0;1,0;-0,7808037041333318;0
RA-1118;2023;F;12,0;0;Pública;2,0;3,0;-1,0;7,163833333;Ametista;5,3;8,8;7,52;7,708333333;6,0;8,28;5,0;4,8;7,2;;3,0;0,0;7,0305545924;3,0;1,0;-0,13327874060000067;0
RA-1119;2023;F;13,0;0;Pública;2,0;3,0;-1,0;7,192;Ametista;7,3;9,7;3,77;7,708333333;5,9;8,453333333;5,0;3,0;8,8;;3,0;-1,0;7,388266666666667;3,0;0,0;0,19626666666666726;0
RA-112;2022;F;15,0;6;Privada - Parceira;4,0;5,0;-1,0;7,836;Ametista;7,9;7,8;6,3;;8,5;8,833;5,0;9,0;7,5;9,1;4,0;-1,0;7,141308333;5,0;0,0;-0,6946916670000007;0
RA-112;2023;F;16,0;7;Privada - Apadrinhamento;5,0;6,0;-1,0;7,141308333;Ametista;6,7;8,1;5,0;7,96875;7,4;7,9225;5,0;7,3;6,5;8,3;4,0;0,0;8,052609920666667;6,0;1,0;0,9113015876666672;0
RA-1121;2023;M;11,0;0;Pública;2,0;2,0;0,0;8,049;Topázio;0,0;9,9;6,26;8,75;8,0;9,84;10,0;6,5;9,5;;3,0;0,0;8,407166666633334;3,0;0,0;0,3581666666333341;0
RA-1122;2023;M;11,0;0;Pública;2,0;2,0;0,0;7,3715;Ametista;0,0;9,3;6,89;7,291666667;6,9;8,616666667;10,0;5,2;8,5;;3,0;1,0;7,817322222166666;3,0;1,0;0,4458222221666661;0
RA-1127;2023;F;11,0;0;Pública;2,0;2,0;0,0;8,3167;Topázio;8,5;9,9;5,02;8,125;6,9;9,01;10,0;5,0;8,7;;3,0;0,0;8,180966666666668;3,0;0,0;-0,1357333333333326;0
RA-1129;2023;M;11,0;0;Pública;2,0;2,0;0,0;7,309333333;Ametista;0,0;9,2;6,27;7,916666667;7,8;7,503333333;10,0;6,8;8,7;;3,0;0,0;7,360417647066668;3,0;0,0;0,051084314066668135;0
RA-1130;2023;M;11,0;0;Pública;2,0;2,0;0,0;8,0037;Topázio;8,5;8,4;7,52;7,708333333;7,3;7,503333333;10,0;6,3;8,2;;3,0;0,0;6,563952941199999;3,0;0,0;-1,439747058800001;0
RA-1131;2023;F;12,0;0;Pública;2,0;3,0;-1,0;8,316133333;Topázio;7,9;9,9;5,02;8,75;9,1;9,286666667;5,0;8,3;9,8;;3,0;0,0;8,2889555555;3,0;1,0;-0,02717777750000039;0
RA-1133;2023;F;10,0;0;Pública;2,0;2,0;0,0;8,600033333;Topázio;9,5;10,0;6,27;8,541666667;6,5;9,343333333;10,0;5,0;8,0;;3,0;1,0;8,238553968266668;3,0;1,0;-0,36147936473333253;0
RA-1134;2023;M;11,0;0;Pública;2,0;2,0;0,0;7,769866667;Ametista;8,0;9,7;3,76;7,916666667;6,8;7,56;10,0;5,5;8,0;;3,0;0,0;7,7564571427;3,0;0,0;-0,013409524299999198;0
RA-1136;2023;F;13,0;0;Pública;2,0;3,0;-1,0;6,7351;Ágata;6,8;8,1;2,52;8,333333333;6,6;7,723333333;5,0;4,8;8,3;;3,0;-1,0;5,458179831866667;3,0;0,0;-1,2769201681333326;0
RA-1137;2023;F;10,0;0;Pública;2,0;2,0;0,0;8,743366667;Topázio;9,5;9,8;6,27;9,375;6,5;9,843333333;10,0;6,0;7,0;;3,0;1,0;7,183752652466668;3,0;1,0;-1,5596140145333317;0
RA-1139;2023;M;11,0;0;Pública;2,0;2,0;0,0;7,6647;Ametista;8,5;9,1;5,64;8,125;5,3;7,79;10,0;6,3;4,3;;3,0;1,0;6,906276357600001;3,0;1,0;-0,7584236423999986;0
RA-114;2022;M;16,0;0;Pública;4,0;6,0;-2,0;5,894;Quartzo;7,9;6,3;7,5;;5,3;5,0;5,0;6,0;4,5;;4,0;-2,0;5,335;5,0;0,0;-0,5590000000000002;0
RA-1140;2023;F;11,0;0;Pública;2,0;2,0;0,0;7,703533333;Ametista;4,7;8,7;7,52;7,708333333;7,3;7,62;10,0;8,5;6,0;;3,0;0,0;7,3473880383;2,0;0,0;-0,3561452947000001;0
RA-1141;2023;F;12,0;0;Pública;2,0;3,0;-1,0;7,2757;Ametista;9,0;8,8;7,52;7,708333333;5,9;7,113333333;5,0;5,5;6,2;;3,0;0,0;6,793890866866667;3,0;1,0;-0,48180913313333296;0
RA-1142;2023;F;11,0;0;Pública;2,0;2,0;0,0;9,175033333;Topázio;9,0;10,0;7,52;8,541666667;10,0;8,343333333;10,0;10,0;10,0;;3,0;0,0;8,390566666666668;3,0;0,0;-0,7844666663333317;0
RA-1143;2023;F;15,0;2;Pública;3,0;5,0;-2,0;6,445933333;Ágata;8,8;7,0;6,26;7,5;5,3;6,2075;5,0;6,0;6,3;3,5;4,0;-3,0;5,881225668333334;3,0;-1,0;-0,564707664666666;1
RA-1146;2023;F;14,0;0;Pública;3,0;4,0;-1,0;6,689583333;Ágata;9,6;8,8;6,26;7,1875;3,7;6,965;5,0;5,0;3,3;2,7;4,0;-2,0;5,3933086048000005;3,0;-1,0;-1,2962747281999993;1
RA-1147;2023;F;14,0;0;Pública;3,0;4,0;-1,0;7,072983333;Ametista;8,3;8,3;6,26;7,1875;6,7;7,0075;5,0;5,0;7,5;7,5;4,0;-1,0;5,833118518533334;3,0;0,0;-1,2398648144666655;0
RA-1149;2023;F;14,0;0;Pública;3,0;4,0;-1,0;7,410108333;Ametista;8,3;9,8;2,52;7,96875;7,2;8,1725;5,0;6,0;6,8;8,7;4,0;-1,0;8,1371;4,0;0,0;0,7269916670000001;0
RA-115;2022;F;16,0;3;Pública;4,0;6,0;-2,0;5,886;Quartzo;8,3;6,8;6,3;;3,8;5,583;5,0;3,0;5,7;2,7;4,0;-1,0;6,319141667;5,0;1,0;0,4331416670000001;0
RA-115;2023;F;16,0;4;Pública;5,0;6,0;-1,0;6,319141667;Ágata;8,8;7,1;5,0;7,34375;4,2;7,215;5,0;3,7;3,8;5,2;4,0;-2,0;5,404184695733334;5,0;-1,0;-0,9149569712666663;1
RA-1150;2023;M;16,0;0;Pública;3,0;6,0;-3,0;7,076008333;Ametista;9,2;9,8;2,52;7,96875;6,7;7,835;2,5;7,0;6,5;6,5;4,0;-2,0;7,1023212964;4,0;1,0;0,026312963400000555;0
RA-1151;2023;F;12,0;0;Pública;3,0;3,0;0,0;7,829958333;Ametista;7,5;9,5;2,52;7,65625;8,3;7,545;10,0;7,3;8,8;8,7;4,0;1,0;8,749111111066668;4,0;1,0;0,9191527780666675;0
RA-1153;2023;F;14,0;2;Pública;3,0;4,0;-1,0;7,968658333;Ametista;7,9;10,0;7,52;7,65625;7,2;8,63;5,0;6,7;7,8;7,0;4,0;-1,0;8,268876190466667;4,0;0,0;0,3002178574666674;0
RA-1154;2023;M;13,0;0;Pública;3,0;3,0;0,0;7,701125;Ametista;9,6;9,3;5,63;7,65625;5,1;7,67;10,0;5,3;5,0;5,0;4,0;-1,0;7,566075;3,0;-1,0;-0,13505000000000056;1
RA-1155;2023;F;14,0;0;Pública;3,0;4,0;-1,0;7,821633333;Ametista;9,2;9,2;5,63;7,5;8,0;8,2925;5,0;6,7;8,2;9,0;4,0;-1,0;7,119011111133333;4,0;0,0;-0,7026222218666671;0
RA-1156;2023;F;12,0;0;Pública;3,0;3,0;0,0;7,340775;Ametista;8,3;9,2;2,52;7,96875;5,3;7,7925;10,0;6,2;6,0;3,7;4,0;1,0;6,6777135642;4,0;1,0;-0,6630614357999995;0
RA-1157;2023;M;14,0;0;Pública;3,0;4,0;-1,0;7,086633333;Ametista;9,2;8,8;6,26;7,5;5,7;7,0025;5,0;5,0;6,3;5,7;4,0;-1,0;7,916082936533334;3,0;0,0;0,8294496035333339;0
RA-116;2022;F;16,0;3;Pública;4,0;6,0;-2,0;6,854;Ágata;5,8;8,1;6,3;;5,9;7,792;5,0;5,0;7,2;5,5;4,0;-2,0;6,433075;5,0;0,0;-0,42092500000000044;0
RA-116;2023;F;17,0;4;Pública;5,0;7,0;-2,0;6,433075;Ágata;6,7;7,6;5,0;7,96875;4,7;7,5475;5,0;2,3;5,0;6,8;4,0;-2,0;6,337470707133334;5,0;0,0;-0,09560429286666583;0
RA-1160;2023;M;13,0;0;Pública;3,0;3,0;0,0;6,636166667;Ágata;9,6;8,7;2,52;6,875;2,7;7,2575;10,0;4,8;2,7;0,7;4,0;-1,0;6,274190982333334;3,0;-1,0;-0,36197568466666663;1
RA-1162;2023;F;13,0;0;Pública;3,0;3,0;0,0;7,44215;Ametista;8,3;8,5;3,77;7,8125;6,0;7,7525;10,0;7,3;5,5;5,2;4,0;0,0;7,473167836266667;4,0;0,0;0,031017836266666876;0
RA-1163;2023;M;14,0;0;Pública;3,0;4,0;-1,0;7,749391667;Ametista;8,8;9,3;7,52;7,65625;7,2;7,75;5,0;7,0;6,7;8,0;4,0;0,0;8,6794789474;4,0;1,0;0,9300872803999995;0
RA-1165;2023;F;12,0;0;Pública;3,0;3,0;0,0;7,880716667;Ametista;9,2;9,1;5,0;7,1875;7,3;7,2925;10,0;7,0;6,0;9,0;4,0;0,0;7,908044272466667;3,0;0,0;0,02732760546666757;0
RA-1166;2023;F;15,0;0;Pública;3,0;5,0;-2,0;7,307858333;Ametista;8,3;9,6;7,52;7,65625;4,8;7,9175;5,0;5,3;2,8;6,2;4,0;-1,0;7,452799122766667;4,0;1,0;0,14494078976666636;0
RA-1168;2023;F;13,0;0;Pública;3,0;3,0;0,0;5,886625;Quartzo;0,0;8,8;2,52;7,65625;3,5;7,045;10,0;5,0;2,0;3,5;4,0;-1,0;6,864053921600001;3,0;-1,0;0,9774289216000005;1
RA-1169;2023;F;14,0;0;Pública;3,0;4,0;-1,0;7,213625;Ametista;7,5;9,5;5,0;7,03125;6,3;8,0025;5,0;6,8;7,3;4,8;4,0;-1,0;6,885305555533334;4,0;0,0;-0,3283194444666666;0
RA-1170;2023;M;14,0;0;Pública;3,0;4,0;-1,0;6,874683333;Ágata;8,8;7,7;7,52;7,1875;5,9;6,5775;5,0;6,0;6,8;4,8;4,0;-2,0;6,095440873;3,0;-1,0;-0,7792424599999999;1
RA-1171;2023;M;14,0;0;Pública;3,0;4,0;-1,0;7,856033333;Ametista;7,9;8,4;5,0;8,75;8,7;8,88;5,0;7,3;9,0;9,7;4,0;-1,0;7,6236817459;4,0;0,0;-0,23235158710000015;0
RA-1172;2023;F;16,0;0;Pública;4,0;6,0;-2,0;7,030108333;Ametista;8,3;7,8;2,52;8,59375;6,7;8,46;5,0;6,0;5,7;8,3;4,0;-1,0;5,719565079333334;5,0;1,0;-1,3105432536666664;0
RA-1173;2023;M;14,0;0;Pública;4,0;4,0;0,0;7,67285;Ametista;8,8;9,7;2,52;7,8125;6,0;8,1225;10,0;7,0;5,0;6,0;4,0;0,0;8,220132915666667;5,0;0,0;0,547282915666667;0
RA-1174;2023;F;15,0;0;Pública;4,0;5,0;-1,0;7,333591667;Ametista;9,2;8,7;2,52;8,90625;6,8;8,3375;5,0;6,5;7,2;6,8;4,0;0,0;7,374213419866667;5,0;1,0;0,04062175286666658;0
RA-1176;2023;M;13,0;0;Pública;4,0;3,0;1,0;8,881483333;Topázio;8,3;9,3;7,52;9,6875;8,2;9,17;10,0;8,0;7,8;8,7;4,0;1,0;8,914816269866666;5,0;0,0;0,03333293686666572;0
RA-1177;2023;F;14,0;0;Pública;4,0;4,0;0,0;8,345491667;Topázio;10,0;9,9;2,52;8,90625;7,2;8,88;10,0;7,0;6,7;8,0;4,0;0,0;8,3233039474;5,0;0,0;-0,022187719599999767;0
RA-1178;2023;M;16,0;0;Pública;4,0;6,0;-2,0;7,066475;Ametista;8,8;9,3;2,52;7,96875;5,7;8,2125;5,0;6,3;4,5;6,3;4,0;-1,0;8,0934746032;5,0;1,0;1,026999603200001;0
RA-1181;2023;F;14,0;0;Pública;4,0;4,0;0,0;6,971266667;Ágata;8,8;8,3;2,52;7,5;4,8;7,3375;10,0;5,7;4,3;4,5;4,0;0,0;6,2015816738666665;5,0;0,0;-0,7696849931333336;0
RA-1184;2023;M;16,0;0;Pública;4,0;6,0;-2,0;7,381566667;Ametista;8,3;8,3;5,0;8,125;7,3;8,045;5,0;8,0;5,5;8,5;4,0;-1,0;7,411701731566668;5,0;1,0;0,030135064566667147;0
RA-1188;2023;F;15,0;0;Pública;4,0;5,0;-1,0;;;9,6;9,4;;7,8125;6,4;7,5875;5,0;6,5;7,5;5,2;4,0;-1,0;7,801633333400001;5,0;0,0;;0
RA-1189;2023;F;15,0;0;Pública;4,0;5,0;-1,0;;;8,8;9,0;;7,8125;6,1;7,3775;5,0;6,3;5,7;6,2;4,0;-1,0;7,6486387164;5,0;0,0;;0
RA-119;2022;F;14,0;6;Privada - Parceira;4,0;4,0;0,0;7,501;Ametista;8,3;8,2;5,6;;5,4;7,875;10,0;5,7;7,0;3,4;4,0;2,0;;7,0;2,0;;0
RA-119;2023;F;15,0;7;Privada - Apadrinhamento;7,0;5,0;2,0;;;6,7;;2,52;;;;10,0;;;;;1,0;8,085299999933333;7,0;-1,0;;0
RA-1193;2023;F;14,0;0;Pública;4,0;4,0;0,0;6,018083333;Ágata;0,0;7,8;5,0;7,1875;4,1;7,13;10,0;3,7;3,5;5,0;4,0;-1,0;6,6304815790000005;4,0;-1,0;0,6123982460000006;1
RA-1195;2023;F;17,0;1;Pública;4,0;7,0;-3,0;5,677291667;Quartzo;0,0;8,3;2,52;8,28125;5,4;8,0025;2,5;4,3;4,7;7,3;4,0;-2,0;7,508514492666666;5,0;1,0;1,8312228256666652;0
RA-1198;2023;F;16,0;0;Pública;5,0;6,0;-1,0;7,515233333;Ametista;8,3;9,4;6,26;7,5;6,7;7,9625;5,0;7,3;3,7;9,0;4,0;-1,0;6,9217748918;5,0;0,0;-0,5934584412000001;0
RA-1199;2023;M;17,0;0;Pública;5,0;7,0;-2,0;7,024933333;Ametista;6,7;9,1;5,0;6,875;6,2;8,0875;5,0;6,8;5,0;6,7;4,0;-2,0;7,614235714266666;5,0;0,0;0,5893023812666662;0
RA-12;2022;F;17,0;2;Pública;7,0;7,0;0,0;4,832;Quartzo;0,0;4,0;6,9;;1,5;6,389;10,0;2,7;1,1;0,7;4,0;0,0;;8,0;0,0;;0
RA-12;2023;F;18,0;3;Privada - Bolsa 100%;8,0;8,0;0,0;;;;;;;;;10,0;;;;;0,0;;8,0;0,0;;0
RA-1200;2023;F;15,0;0;Pública;5,0;5,0;0,0;5,711166667;Quartzo;0,0;6,4;5,0;7,5;4,0;6,8725;10,0;4,3;2,3;5,5;4,0;-1,0;5,6415838956;5,0;-1,0;-0,06958277139999947;1
RA-1201;2023;M;15,0;0;Pública;5,0;5,0;0,0;8,378008333;Topázio;9,2;9,6;3,77;8,59375;7,8;8,7575;10,0;8,3;6,5;8,5;4,0;-1,0;8,376195238033333;5,0;-1,0;-0,0018130949666677054;1
RA-1203;2023;F;16,0;0;Pública;5,0;6,0;-1,0;7,487841667;Ametista;9,2;10,0;2,52;7,96875;7,2;7,8775;5,0;6,7;5,8;9,2;4,0;0,0;8,9495245614;6,0;1,0;1,4616828944000009;0
RA-1207;2023;F;15,0;0;Pública;5,0;5,0;0,0;7,58235;Ametista;8,8;9,0;5,0;7,8125;5,5;7,63;10,0;5,0;4,0;7,5;4,0;-1,0;6,509169736866667;5,0;-1,0;-1,0731802631333327;1
RA-121;2022;F;16,0;1;Pública;4,0;6,0;-2,0;7,245;Ametista;7,1;8,4;6,3;;7,2;7,625;5,0;5,7;6,8;9,0;4,0;-1,0;6,811875;5,0;1,0;-0,4331250000000004;0
RA-121;2023;F;16,0;2;Pública;5,0;6,0;-1,0;6,811875;Ágata;6,3;8,8;5,0;7,34375;6,0;7,4625;5,0;5,0;5,7;7,3;4,0;-2,0;7,476158297266668;5,0;-1,0;0,6642832972666683;1
RA-1210;2023;F;16,0;0;Pública;5,0;6,0;-1,0;7,171083333;Ametista;9,6;9,4;5,0;7,8125;4,7;8,09;5,0;5,0;2,0;7,0;4,0;0,0;8,2302;6,0;1,0;1,0591166669999996;0
RA-1214;2023;M;16,0;0;Pública;6,0;6,0;0,0;8,378666667;Topázio;9,6;9,8;6,89;7,5;7,4;7,6725;10,0;8,0;5,0;9,3;4,0;0,0;8,5902971362;7,0;0,0;0,21163046920000106;0
RA-1216;2023;F;19,0;0;Concluiu o 3º EM;6,0;8,0;-2,0;7,7105;Ametista;9,6;9,0;5,63;7,5;7,9;7,795;5,0;8,7;5,3;9,7;4,0;0,0;;8,0;2,0;;0
RA-1220;2023;F;17,0;0;Pública;6,0;7,0;-1,0;6,46725;Ágata;0,0;9,0;5,0;7,8125;6,8;7,63;5,0;8,8;5,3;6,3;4,0;-1,0;7,143244444466667;6,0;0,0;0,6759944444666672;0
RA-1221;2023;F;22,0;0;Concluiu o 3º EM;7,0;8,0;-1,0;8,027466667;Topázio;9,2;9,1;6,26;8,0;8,7;8,09;5,0;8,2;8,0;10,0;4,0;0,0;;8,0;1,0;;0
RA-1224;2023;M;20,0;0;Concluiu o 3º EM;7,0;8,0;-1,0;7,5524;Ametista;8,3;9,4;5,0;7,125;8,0;7,6325;5,0;8,2;6,3;9,5;4,0;0,0;;8,0;1,0;;0
RA-1225;2023;F;18,0;2;Concluiu o 3º EM;7,0;8,0;-1,0;;;7,5;;2,52;;;;5,0;;;;;0,0;;8,0;1,0;;0
RA-1226;2023;F;16,0;2;Privada - Bolsa 100%;7,0;6,0;1,0;;;9,2;;7,52;;;;10,0;;;;;0,0;7,785233333333334;7,0;-1,0;;0
RA-1227;2023;F;16,0;2;Privada - Apadrinhamento;7,0;6,0;1,0;;;9,2;;2,52;;;;10,0;;;;;0,0;4,8446;7,0;-1,0;;0
RA-1228;2023;F;17,0;2;Privada - Apadrinhamento;7,0;7,0;0,0;;;7,5;;2,52;;;;10,0;;;;;0,0;4,8761;7,0;0,0;;0
RA-1229;2023;F;16,0;2;Privada - Apadrinhamento;7,0;6,0;1,0;;;8,3;;7,52;;;;10,0;;;;;0,0;4,8238;7,0;-1,0;;0
RA-123;2022;M;16,0;5;Privada - Parceira;4,0;6,0;-2,0;7,084;Ametista;7,9;8,6;5,6;;6,5;7,292;5,0;7,3;6,3;5,9;4,0;-2,0;6,068333333;5,0;0,0;-1,0156666669999996;0
RA-123;2023;M;17,0;6;Privada - Apadrinhamento;5,0;7,0;-2,0;6,068333333;Ágata;0,0;9,4;5,0;6,875;5,7;6,8375;5,0;5,0;5,3;6,7;4,0;-1,0;6,887248015866668;6,0;1,0;0,8189146828666676;0
RA-1230;2023;F;16,0;2;Privada - Apadrinhamento;7,0;6,0;1,0;;;0,0;;2,52;;;;10,0;;;;;0,0;4,7612000000000005;7,0;-1,0;;0
RA-1231;2023;M;22,0;2;Privada - Bolsa 100%;8,0;8,0;0,0;;;;;;;;;10,0;;;;;1,0;;9,0;1,0;;0
RA-1232;2023;M;21,0;2;Privada - Bolsa 100%;8,0;8,0;0,0;;;;;;;;;10,0;;;;;1,0;;9,0;1,0;;0
RA-1233;2023;F;22,0;2;Privada - Bolsa 100%;8,0;8,0;0,0;;;;;;;;;10,0;;;;;1,0;;9,0;1,0;;0
RA-1234;2023;F;20,0;2;Privada - Bolsa 100%;8,0;8,0;0,0;;;;;;;;;10,0;;;;;0,0;;8,0;0,0;;0
RA-1235;2023;M;21,0;2;Privada - Bolsa 100%;8,0;8,0;0,0;;;;;;;;;10,0;;;;;1,0;;9,0;1,0;;0
RA-1236;2023;F;21,0;2;Privada - Bolsa 100%;8,0;8,0;0,0;;;;;;;;;10,0;;;;;0,0;;8,0;0,0;;0
RA-1237;2023;F;21,0;2;Privada - Bolsa 100%;8,0;8,0;0,0;;;;;;;;;10,0;;;;;1,0;;9,0;1,0;;0
RA-1238;2023;F;21,0;2;Privada - Bolsa 100%;8,0;8,0;0,0;;;;;;;;;10,0;;;;;1,0;;9,0;1,0;;0
RA-1239;2023;F;20,0;2;Privada - Bolsa 100%;8,0;8,0;0,0;;;;;;;;;10,0;;;;;0,0;;8,0;0,0;;0
RA-1240;2023;M;20,0;2;Privada - Bolsa 100%;8,0;8,0;0,0;;;;;;;;;10,0;;;;;0,0;;8,0;0,0;;0
RA-1241;2023;F;20,0;2;Privada - Bolsa 100%;8,0;8,0;0,0;;;;;;;;;10,0;;;;;0,0;;8,0;0,0;;0
RA-1242;2023;F;19,0;2;Privada - Bolsa 100%;8,0;8,0;0,0;;;;;;;;;10,0;;;;;0,0;;8,0;0,0;;0
RA-1244;2023;F;20,0;2;Privada - Bolsa 100%;8,0;8,0;0,0;;;;;;;;;10,0;;;;;0,0;;8,0;0,0;;0
RA-1245;2023;M;20,0;2;Privada - Bolsa 100%;8,0;8,0;0,0;;;;;;;;;10,0;;;;;0,0;;8,0;0,0;;0
RA-1246;2023;F;20,0;2;Privada - Empresa parceira;8,0;8,0;0,0;;;;;;;;;10,0;;;;;0,0;;8,0;0,0;;0
RA-1248;2023;M;20,0;2;Privada - Bolsa 100%;8,0;8,0;0,0;;;;;;;;;10,0;;;;;0,0;;8,0;0,0;;0
RA-1249;2023;M;26,0;2;Privada - Bolsa 100%;8,0;8,0;0,0;;;;;;;;;10,0;;;;;0,0;;8,0;0,0;;0
RA-125;2022;F;15,0;0;Pública;4,0;5,0;-1,0;7,619;Ametista;8,8;8,5;7,5;;7,1;7,75;5,0;5,0;7,2;9,2;4,0;-1,0;6,989633333;5,0;0,0;-0,6293666670000002;0
RA-125;2023;F;16,0;1;Privada;5,0;6,0;-1,0;6,989633333;Ágata;9,2;7,7;5,0;8,125;5,8;7,835;5,0;3,3;5,8;8,2;4,0;-1,0;6,627079761933334;6,0;0,0;-0,3625535710666652;0
RA-1250;2023;M;20,0;2;Privada - Empresa parceira;8,0;8,0;0,0;;;;;;;;;10,0;;;;;0,0;;8,0;0,0;;0
RA-1251;2023;F;20,0;2;Privada - Bolsa 100%;8,0;8,0;0,0;;;;;;;;;10,0;;;;;0,0;;8,0;0,0;;0
RA-1252;2023;F;21,0;2;Privada - Bolsa 100%;8,0;8,0;0,0;;;;;;;;;10,0;;;;;1,0;;9,0;1,0;;0
RA-1253;2023;F;23,0;2;Privada - Bolsa 100%;8,0;8,0;0,0;;;;;;;;;10,0;;;;;0,0;;8,0;0,0;;0
RA-1254;2023;M;19,0;2;Privada - Bolsa 100%;8,0;8,0;0,0;;;;;;;;;10,0;;;;;1,0;;9,0;1,0;;0
RA-1255;2023;M;19,0;2;Privada - Bolsa 100%;8,0;8,0;0,0;;;;;;;;;10,0;;;;;0,0;;8,0;0,0;;0
RA-1256;2023;F;18,0;2;Privada - Bolsa 100%;8,0;8,0;0,0;;;;;;;;;10,0;;;;;0,0;;8,0;0,0;;0
RA-1257;2023;M;18,0;2;Privada - Bolsa 100%;8,0;8,0;0,0;;;;;;;;;10,0;;;;;0,0;;8,0;0,0;;0
RA-1258;2023;M;24,0;2;Privada - Bolsa 100%;8,0;8,0;0,0;;;;;;;;;10,0;;;;;1,0;;9,0;1,0;;0
RA-1259;2023;F;19,0;2;Privada - Bolsa 100%;8,0;8,0;0,0;;;;;;;;;10,0;;;;;0,0;;8,0;0,0;;0
RA-1260;2023;M;19,0;2;Privada - Bolsa 100%;8,0;8,0;0,0;;;;;;;;;10,0;;;;;1,0;;9,0;1,0;;0
RA-1261;2023;F;19,0;2;Privada - Bolsa 100%;8,0;8,0;0,0;;;;;;;;;10,0;;;;;0,0;;8,0;0,0;;0
RA-1262;2023;F;19,0;2;Privada - Bolsa 100%;8,0;8,0;0,0;;;;;;;;;10,0;;;;;0,0;;8,0;0,0;;0
RA-1263;2023;F;20,0;2;Privada - Bolsa 100%;8,0;8,0;0,0;;;;;;;;;10,0;;;;;0,0;;8,0;0,0;;0
RA-1264;2023;F;20,0;2;Privada - Bolsa 100%;8,0;8,0;0,0;;;;;;;;;10,0;;;;;0,0;;8,0;0,0;;0
RA-1265;2023;M;20,0;1;Privada - Bolsa 100%;8,0;8,0;0,0;;;;;;;;;10,0;;;;;0,0;;8,0;0,0;;0
RA-1266;2023;F;19,0;2;Privada - Bolsa 100%;8,0;8,0;0,0;;;;;;;;;10,0;;;;;1,0;;9,0;1,0;;0
RA-1267;2023;F;22,0;2;Privada - Bolsa 100%;8,0;8,0;0,0;;;;;;;;;10,0;;;;;1,0;;9,0;1,0;;0
RA-1268;2023;M;19,0;2;Privada - Bolsa 100%;8,0;8,0;0,0;;;;;;;;;10,0;;;;;1,0;;9,0;1,0;;0
RA-1269;2023;F;18,0;2;Privada - Empresa parceira;8,0;8,0;0,0;;;;;;;;;10,0;;;;;0,0;;8,0;0,0;;0
RA-127;2022;F;14,0;0;Pública;4,0;4,0;0,0;8,283;Topázio;7,5;8,7;7,5;;7,9;8,125;10,0;7,7;7,7;8,3;4,0;0,0;7,91935;5,0;0,0;-0,3636499999999998;0
RA-127;2023;F;15,0;1;Pública;5,0;5,0;0,0;7,91935;Ametista;8,8;7,8;6,26;8,4375;6,4;8,6725;10,0;4,7;6,3;8,2;4,0;0,0;8,5605939394;5,0;0,0;0,6412439394000007;0
RA-1270;2023;F;19,0;2;Privada - Bolsa 100%;8,0;8,0;0,0;;;;;;;;;10,0;;;;;0,0;;8,0;0,0;;0
RA-1271;2023;F;18,0;2;Privada - Bolsa 100%;8,0;8,0;0,0;;;;;;;;;10,0;;;;;0,0;;8,0;0,0;;0
RA-1272;2023;F;18,0;2;Privada - Bolsa 100%;8,0;8,0;0,0;;;;;;;;;10,0;;;;;0,0;;8,0;0,0;;0
RA-1273;2023;F;17,0;0;Privada - Empresa parceira;8,0;7,0;1,0;;;;;;;;;10,0;;;;;0,0;;8,0;-1,0;;0
RA-1274;2023;F;18,0;2;Privada - Empresa parceira;8,0;8,0;0,0;;;;;;;;;10,0;;;;;0,0;;8,0;0,0;;0
RA-128;2022;M;15,0;3;Pública;4,0;5,0;-1,0;5,563;Quartzo;0,0;6,2;7,5;;5,6;6,167;5,0;6,7;6,8;3,2;4,0;-1,0;6,503908333;5,0;0,0;0,9409083330000003;0
RA-13;2022;M;18,0;6;Pública;7,0;8,0;-1,0;6,902;Ágata;7,9;7,4;7,5;;4,7;8,056;5,0;3,5;5,5;5,2;4,0;0,0;;8,0;1,0;;0
RA-13;2023;M;18,0;7;Privada - Bolsa 100%;8,0;8,0;0,0;;;;;;;;;10,0;;;;;0,0;;8,0;0,0;;0
RA-131;2022;F;15,0;6;Pública;4,0;5,0;-1,0;7,174;Ametista;8,8;9,0;5,6;;5,6;7,75;5,0;6,0;6,5;4,2;4,0;-1,0;5,952358333;5,0;0,0;-1,221641667;0
RA-131;2023;F;16,0;7;Pública;5,0;6,0;-1,0;5,952358333;Quartzo;8,3;7,8;5,0;7,65625;2,2;6,8;5,0;0,0;3,0;3,5;4,0;-2,0;7,263155555633333;5,0;-1,0;1,310797222633333;1
RA-132;2022;F;14,0;3;Privada - Parceira;4,0;4,0;0,0;8,355;Topázio;10,0;8,8;5,6;;7,7;8,458;10,0;6,5;7,5;9,1;4,0;0,0;7,350625;5,0;0,0;-1,0043750000000005;0
RA-132;2023;F;15,0;4;Privada - Apadrinhamento;5,0;5,0;0,0;7,350625;Ametista;7,5;8,7;2,52;7,65625;6,5;7,715;10,0;6,3;6,5;6,7;4,0;0,0;8,4746321428;6,0;0,0;1,124007142800001;0
RA-133;2022;F;15,0;6;Pública;4,0;5,0;-1,0;6,875;Ágata;7,9;7,1;7,5;;5,6;7,625;5,0;4,7;7,2;5,0;4,0;-1,0;6,168416667;5,0;0,0;-0,7065833330000002;0
RA-137;2022;F;17,0;6;Privada - Parceira;4,0;7,0;-3,0;7,056;Ametista;7,5;8,9;5,0;;7,3;7,792;2,5;6,0;7,3;8,5;4,0;-2,0;5,937025;5,0;1,0;-1,1189749999999998;0
RA-137;2023;F;17,0;7;Privada - Apadrinhamento;5,0;7,0;-2,0;5,937025;Quartzo;7,1;6,3;2,52;6,40625;6,0;6,88;5,0;7,3;4,5;6,2;4,0;-2,0;6,576761183366667;5,0;0,0;0,6397361833666668;0
RA-138;2022;M;15,0;6;Pública;4,0;5,0;-1,0;6,738;Ágata;9,6;8,0;5,6;;5,6;6,375;5,0;5,0;6,5;5,2;4,0;-2,0;6,784075;4,0;-1,0;0,0460749999999992;1
RA-138;2023;M;16,0;7;Pública;4,0;6,0;-2,0;6,784075;Ágata;10,0;7,9;6,26;7,34375;4,3;7,4175;5,0;4,0;3,7;5,2;4,0;-2,0;7,3860274169;5,0;0,0;0,6019524169000006;0
RA-14;2022;M;21,0;0;Pública;7,0;8,0;-1,0;6,793;Ágata;7,9;8,3;7,5;;4,0;7,75;5,0;8,0;0,0;;4,0;0,0;;8,0;1,0;;0
RA-14;2023;M;21,0;1;Privada - Bolsa 100%;8,0;8,0;0,0;;;;;;;;;10,0;;;;;0,0;;8,0;0,0;;0
RA-141;2022;M;14,0;5;Pública;4,0;4,0;0,0;7,118;Ametista;9,2;8,2;5,6;;5,7;5,917;10,0;5,8;6,2;5,0;4,0;-1,0;6,719791667;4,0;-1,0;-0,39820833300000036;1
RA-143;2022;M;13,0;3;Privada - Parceira;4,0;3,0;1,0;8,638;Topázio;8,3;9,9;5,6;;7,9;9,5;10,0;9,7;7,7;6,4;4,0;1,0;7,794358333;5,0;0,0;-0,843641667;0
RA-143;2023;M;14,0;4;Privada - Apadrinhamento;5,0;4,0;1,0;7,794358333;Ametista;8,3;9,6;2,52;8,28125;6,5;8,3375;10,0;9,2;5,0;5,2;4,0;2,0;7,449366666666667;7,0;1,0;-0,3449916663333328;0
RA-144;2022;F;14,0;5;Privada - Parceira;4,0;4,0;0,0;8,181;Topázio;7,5;9,3;5,0;;7,9;8,292;10,0;7,5;7,2;9,0;4,0;1,0;4,990333333;5,0;1,0;-3,1906666669999995;0
RA-145;2022;M;16,0;5;Pública;4,0;6,0;-2,0;5,846;Quartzo;0,0;6,3;8,1;;5,2;7,25;5,0;3,0;4,8;7,8;4,0;-3,0;;4,0;-1,0;;1
RA-146;2022;F;15,0;0;Pública;4,0;5,0;-1,0;7,947;Ametista;8,3;9,2;7,5;;7,9;8,208;5,0;6,3;7,3;10,0;4,0;-1,0;7,584483333;5,0;0,0;-0,3625166670000004;0
RA-146;2023;F;16,0;1;Pública;5,0;6,0;-1,0;7,584483333;Ametista;6,2;9,5;5,0;8,4375;7,9;8,2125;5,0;7,8;5,8;10,0;4,0;-2,0;8,134554885333333;5,0;-1,0;0,5500715523333337;1
RA-147;2022;F;14,0;0;Pública;4,0;4,0;0,0;7,541;Ametista;8,3;7,7;7,5;;6,1;7,25;10,0;5,8;4,8;7,7;4,0;-1,0;5,5425;4,0;-1,0;-1,9985;1
RA-147;2023;F;15,0;1;Pública;4,0;5,0;-1,0;5,5425;Quartzo;0,0;7,0;5,63;6,875;4,5;7,46;5,0;5,0;6,0;2,5;4,0;-1,0;7,400477922133334;5,0;0,0;1,8579779221333332;0
RA-149;2022;F;15,0;0;Pública;4,0;5,0;-1,0;6,323;Ágata;9,2;6,5;7,5;;5,0;6,125;5,0;4,0;6,0;;4,0;-2,0;5,622266667;4,0;-1,0;-0,7007333330000005;1
RA-149;2023;F;16,0;1;Pública;4,0;6,0;-2,0;5,622266667;Quartzo;8,8;4,2;2,52;7,5;4,7;7,2925;5,0;5,7;3,5;5,0;4,0;-2,0;5,7316173854;5,0;0,0;0,10935071839999999;0
RA-151;2022;F;16,0;2;Pública;4,0;6,0;-2,0;7,563;Ametista;8,8;7,5;6,9;;8,3;7,958;5,0;7,3;8,0;9,5;4,0;-2,0;6,892541667;5,0;0,0;-0,670458333;0
RA-152;2022;F;16,0;0;Pública;4,0;6,0;-2,0;6,712;Ágata;8,3;7,0;7,5;;6,5;6,292;5,0;4,0;7,0;8,5;4,0;-2,0;6,30695;4,0;0,0;-0,40505000000000013;0
RA-152;2023;F;16,0;1;Pública;4,0;6,0;-2,0;6,30695;Ágata;7,9;7,7;2,52;7,8125;4,5;7,71;5,0;4,0;5,0;4,5;4,0;-2,0;6,5837938596;5,0;0,0;0,27684385960000046;0
RA-153;2022;F;14,0;4;Privada - Parceira;4,0;4,0;0,0;7,535;Ametista;7,9;8,2;5,0;;6,6;7,708;10,0;3,3;7,7;8,8;4,0;0,0;7,289966667;5,0;0,0;-0,2450333330000003;0
RA-153;2023;F;15,0;5;Privada - Apadrinhamento;5,0;5,0;0,0;7,289966667;Ametista;9,2;7,4;2,52;8,125;6,4;7,71;10,0;6,0;5,3;8,0;4,0;2,0;4,78185;7,0;2,0;-2,5081166669999995;0
RA-155;2022;M;16,0;0;Pública;4,0;6,0;-2,0;7,051;Ametista;10,0;8,3;7,5;;5,2;6,833;5,0;4,3;6,8;4,3;4,0;-2,0;6,318991667;5,0;0,0;-0,7320083330000005;0
RA-155;2023;M;17,0;1;Pública;5,0;7,0;-2,0;6,318991667;Ágata;7,9;8,1;5,0;7,03125;4,4;6,5875;5,0;5,3;2,8;5,2;4,0;0,0;;8,0;2,0;;0
RA-157;2022;F;12,0;4;Privada - Parceira;4,0;3,0;1,0;8,317;Topázio;7,5;10,0;6,3;;7,7;8,292;10,0;7,0;7,5;8,7;4,0;2,0;7,879008333;5,0;1,0;-0,43799166700000036;0
RA-157;2023;F;13,0;5;Privada - Apadrinhamento;5,0;3,0;2,0;7,879008333;Ametista;7,1;9,9;2,52;8,59375;6,8;8,63;10,0;6,0;6,8;7,5;4,0;1,0;8,950566666733334;5,0;-1,0;1,0715583337333339;0
RA-158;2022;F;17,0;5;Privada - Parceira;4,0;7,0;-3,0;7,302;Ametista;7,9;9,8;5,6;;6,6;8,125;2,5;5,0;6,7;8,1;4,0;1,0;7,297425;5,0;4,0;-0,004574999999999996;0
RA-158;2023;F;14,0;6;Privada - Apadrinhamento;5,0;4,0;1,0;7,297425;Ametista;7,1;9,0;2,52;8,28125;6,0;7,545;10,0;6,0;5,7;6,3;4,0;0,0;6,855159259266667;5,0;-1,0;-0,44226574073333236;0
RA-159;2022;F;15,0;1;Pública;4,0;5,0;-1,0;6,49;Ágata;8,3;8,1;5,6;;4,7;6,458;5,0;4,3;5,8;3,9;4,0;-2,0;6,805033333;4,0;-1,0;0,3150333329999997;1
RA-160;2022;F;15,0;1;Pública;4,0;5,0;-1,0;6,746;Ágata;7,5;7,2;5,6;;5,3;8,25;5,0;2,7;6,0;7,1;4,0;-1,0;6,598266667;5,0;0,0;-0,14773333300000058;0
RA-160;2023;F;16,0;2;Privada - Apadrinhamento;5,0;6,0;-1,0;6,598266667;Ágata;8,8;8,3;2,52;8,125;5,0;7,46;5,0;3,3;3,8;8,0;4,0;-1,0;6,855108333266668;5,0;0,0;0,25684166626666816;0
RA-161;2022;F;11,0;4;Privada - Parceira;4,0;2,0;2,0;7,957;Ametista;7,9;9,1;5,6;;6,9;8,083;10,0;5,3;6,8;8,5;4,0;1,0;6,250166667;5,0;-1,0;-1,7068333329999996;0
RA-161;2023;F;14,0;5;Privada - Apadrinhamento;5,0;4,0;1,0;6,250166667;Ágata;0,0;7,3;2,52;8,125;5,8;7,795;10,0;7,0;4,5;6,0;4,0;0,0;7,258445588333334;5,0;-1,0;1,0082789213333339;0
RA-164;2022;M;16,0;4;Pública;4,0;6,0;-2,0;6,776;Ágata;8,3;7,3;5,6;;6,5;7,208;5,0;4,7;6,5;8,3;4,0;-1,0;5,638666667;5,0;1,0;-1,137333333;0
RA-164;2023;M;16,0;5;Privada;5,0;6,0;-1,0;5,638666667;Quartzo;0,0;8,2;2,52;6,875;5,8;6,9625;5,0;6,0;4,2;7,3;4,0;-2,0;6,837125731066667;5,0;-1,0;1,1984590640666672;1
RA-165;2022;F;14,0;5;Privada - Parceira;4,0;4,0;0,0;8,063;Topázio;7,1;9,8;5,6;;7,6;7,5;10,0;5,3;7,8;9,7;4,0;0,0;7,583433333;5,0;0,0;-0,4795666670000003;0
RA-165;2023;F;15,0;6;Privada - Apadrinhamento;5,0;5,0;0,0;7,583433333;Ametista;6,7;9,2;2,52;8,125;7,3;7,795;10,0;7,3;6,2;8,3;4,0;0,0;8,4627502436;5,0;0,0;0,8793169106000001;0
RA-166;2022;M;14,0;2;Pública;4,0;4,0;0,0;8,253;Topázio;9,2;9,0;6,3;;8,1;7,542;10,0;7,0;7,2;10,0;4,0;0,0;8,105583333;5,0;0,0;-0,1474166669999999;0
RA-166;2023;M;15,0;3;Privada - Apadrinhamento;5,0;5,0;0,0;8,105583333;Topázio;7,5;8,9;6,26;8,4375;8,1;7,4625;10,0;7,0;7,2;10,0;4,0;1,0;8,243183333333334;7,0;1,0;0,1376000003333342;0
RA-167;2022;F;16,0;4;Privada - Parceira;4,0;6,0;-2,0;7,798;Ametista;9,2;9,7;5,6;;7,9;7,833;5,0;9,3;8,0;6,3;4,0;-2,0;7,806141667;5,0;0,0;0,008141667000000297;0
RA-167;2023;F;17,0;5;Privada - Apadrinhamento;5,0;7,0;-2,0;7,806141667;Ametista;8,8;9,9;5,0;7,96875;7,9;7,8375;5,0;8,3;7,2;8,3;4,0;-1,0;8,033470175466666;6,0;1,0;0,22732850846666608;0
RA-168;2022;F;15,0;4;Privada - Parceira;4,0;5,0;-1,0;6,917;Ágata;7,9;8,3;6,3;;5,9;7,083;5,0;4,7;8,2;5,0;4,0;0,0;6,483083333;5,0;1,0;-0,4339166670000001;0
RA-17;2022;M;20,0;0;Pública;7,0;8,0;-1,0;8,068;Topázio;8,8;10,0;7,5;;7,8;8,292;5,0;9,0;6,5;;4,0;0,0;;8,0;1,0;;0
RA-17;2023;M;21,0;1;Privada - Empresa parceira;8,0;8,0;0,0;;;;;;;;;10,0;;;;;0,0;;8,0;0,0;;0
RA-170;2022;F;14,0;4;Privada - Parceira;4,0;4,0;0,0;7,007;Ágata;8,3;9,2;5,6;;4,9;5,792;10,0;3,7;6,7;4,3;4,0;-2,0;7,062433333;3,0;-2,0;0,05543333300000075;1
RA-170;2023;F;15,0;5;Privada - Apadrinhamento;3,0;5,0;-2,0;7,062433333;Ametista;8,8;8,9;2,52;6,875;7,2;7,6725;5,0;6,3;8,7;6,5;4,0;-1,0;7,646383333300001;4,0;1,0;0,5839500003000007;0
RA-171;2022;M;16,0;0;Pública;4,0;6,0;-2,0;6,581;Ágata;7,5;6,8;7,5;;5,5;6,875;5,0;3,0;8,0;;4,0;-2,0;6,293083333;5,0;0,0;-0,2879166670000002;0
RA-171;2023;M;17,0;1;Pública;5,0;7,0;-2,0;6,293083333;Ágata;7,5;7,2;5,0;7,1875;5,2;6,755;5,0;4,5;4,8;6,2;4,0;-1,0;7,328933333333333;6,0;1,0;1,0358500003333324;0
RA-172;2022;F;14,0;4;Privada - Parceira;4,0;4,0;0,0;8,673;Topázio;9,2;8,9;9,4;;7,3;8,917;10,0;6,0;7,7;8,1;4,0;2,0;;7,0;2,0;;0
RA-172;2023;F;15,0;5;Privada - Apadrinhamento;7,0;5,0;2,0;;;0,0;;3,77;;;;10,0;;;;;1,0;8,128766666666667;7,0;-1,0;;0
RA-173;2022;M;17,0;3;Privada - Parceira;4,0;7,0;-3,0;7,816;Ametista;8,3;9,2;6,9;;7,9;9,25;2,5;9,0;7,5;7,1;4,0;-2,0;7,757466667;5,0;1,0;-0,05853333299999974;0
RA-173;2023;M;17,0;4;Privada - Apadrinhamento;5,0;7,0;-2,0;7,757466667;Ametista;9,2;8,5;6,26;8,125;8,1;7,8775;5,0;9,0;6,2;9,2;4,0;0,0;;8,0;2,0;;0
RA-174;2022;F;15,0;3;Pública;4,0;5,0;-1,0;6,075;Ágata;7,9;6,2;7,5;;4,4;6,042;5,0;4,0;5,3;3,8;4,0;-2,0;6,1242;4,0;-1,0;0,04919999999999991;1
RA-175;2022;F;15,0;4;Privada - Parceira;4,0;5,0;-1,0;6,75;Ágata;8,3;9,2;5,6;;5,9;5,833;5,0;4,7;7,2;5,9;4,0;-1,0;6,569516667;5,0;0,0;-0,18048333299999975;0
RA-175;2023;F;16,0;5;Privada - Apadrinhamento;5,0;6,0;-1,0;6,569516667;Ágata;8,8;9,2;2,52;7,1875;4,8;7,085;5,0;5,0;5,0;4,5;4,0;-1,0;8,024136842133334;6,0;0,0;1,4546201751333339;0
RA-176;2022;F;13,0;4;Privada - Parceira;3,0;3,0;0,0;8,427;Topázio;9,6;9,1;5,6;;6,9;9,083;10,0;5,1;6,8;8,7;4,0;0,0;8,316833333;4,0;0,0;-0,11016666699999966;0
RA-176;2023;F;14,0;5;Privada - Apadrinhamento;4,0;4,0;0,0;8,316833333;Topázio;9,6;9,5;2,52;8,125;8,0;9,0025;10,0;7,3;7,3;9,3;4,0;1,0;8,828632575733334;5,0;1,0;0,5117992427333338;0
RA-178;2022;F;13,0;6;Privada - Parceira;3,0;3,0;0,0;7,025;Ágata;0,0;8,8;4,4;;6,3;8,458;10,0;6,2;5,3;7,3;4,0;0,0;7,406658333;4,0;0,0;0,38165833299999985;0
RA-178;2023;F;14,0;7;Privada - Apadrinhamento;4,0;4,0;0,0;7,406658333;Ametista;7,9;8,7;2,52;7,65625;5,9;8,42;10,0;6,3;5,8;5,5;4,0;0,0;7,234168831200001;5,0;0,0;-0,17248950179999945;0
RA-179;2022;M;12,0;0;Pública;3,0;3,0;0,0;7,993;Ametista;7,5;9,2;7,5;;6,1;8,042;10,0;3,7;6,7;8,0;4,0;0,0;8,437641667;3,0;0,0;0,4446416669999991;0
RA-179;2023;M;12,0;1;Pública;3,0;3,0;0,0;8,437641667;Topázio;8,8;9,4;7,52;8,59375;6,4;8,9225;10,0;8,7;6,3;4,3;4,0;1,0;8,932712280733334;4,0;1,0;0,4950706137333345;0
RA-180;2022;M;12,0;4;Privada - Parceira;3,0;3,0;0,0;8,442;Topázio;9,2;8,3;6,3;;8,1;8,625;10,0;7,7;8,3;8,3;4,0;1,0;8,283216667;4,0;1,0;-0,15878333300000058;0
RA-180;2023;M;13,0;5;Privada - Apadrinhamento;4,0;3,0;1,0;8,283216667;Topázio;9,2;9,4;2,52;8,4375;8,0;8,92;10,0;8,3;7,3;8,5;4,0;2,0;8,801463636333335;5,0;1,0;0,5182469693333349;0
RA-181;2022;F;13,0;3;Privada - Parceira;3,0;3,0;0,0;8,623;Topázio;9,2;9,5;8,8;;6,8;8,458;10,0;6,8;7,3;6,2;4,0;0,0;7,671208333;4,0;0,0;-0,9517916669999993;0
RA-181;2023;F;14,0;4;Privada - Apadrinhamento;4,0;4,0;0,0;7,671208333;Ametista;9,6;8,3;2,52;7,96875;6,8;8,2525;10,0;8,3;6,5;5,5;4,0;0,0;7,439841414133334;5,0;0,0;-0,23136691886666583;0
RA-183;2022;F;13,0;0;Pública;3,0;3,0;0,0;7,3;Ametista;8,3;8,8;7,5;;3,8;7,25;10,0;0,0;7,5;;4,0;-1,0;7,586241667;3,0;-1,0;0,28624166700000053;1
RA-183;2023;F;14,0;1;Pública;3,0;4,0;-1,0;7,586241667;Ametista;7,9;9,7;2,52;7,96875;7,7;8,795;5,0;7,0;8,0;8,2;4,0;0,0;8,266902371533334;4,0;1,0;0,6806607045333335;0
RA-184;2022;M;16,0;3;Pública;3,0;6,0;-3,0;7,28;Ametista;8,8;7,7;7,5;;7,2;8,0;2,5;5,0;7,3;9,3;4,0;1,0;8,430241667;4,0;4,0;1,1502416670000004;0
RA-184;2023;M;13,0;4;Pública;4,0;3,0;1,0;8,430241667;Topázio;7,9;9,5;7,52;8,59375;7,1;8,5025;10,0;7,3;6,3;7,8;4,0;1,0;8,471456704266666;5,0;0,0;0,04121503726666553;0
RA-186;2022;F;13,0;3;Pública;3,0;3,0;0,0;7,832;Ametista;8,3;8,5;7,5;;6,6;7,5;10,0;6,0;5,7;8,0;4,0;0,0;7,817541667;4,0;0,0;-0,014458332999999435;0
RA-186;2023;F;14,0;4;Privada;4,0;4,0;0,0;7,817541667;Ametista;7,5;9,7;2,52;7,96875;6,9;8,46;10,0;6,8;7,0;7,0;4,0;1,0;8,325963636333334;5,0;1,0;0,5084219693333338;0
RA-187;2022;F;12,0;3;Privada - Parceira;3,0;3,0;0,0;7,928;Ametista;8,8;8,9;7,5;;5,8;7,917;10,0;5,3;7,2;4,8;4,0;0,0;7,809875;3,0;0,0;-0,11812500000000004;0
RA-187;2023;F;13,0;4;Privada - Apadrinhamento;3,0;3,0;0,0;7,809875;Ametista;7,5;9,9;2,52;7,96875;6,9;8,255;10,0;7,3;8,7;4,7;4,0;0,0;8,568424074066666;4,0;0,0;0,758549074066666;0
RA-189;2022;M;14,0;4;Privada - Parceira;3,0;4,0;-1,0;7,629;Ametista;10,0;9,7;5,0;;7,2;7,333;5,0;6,3;7,2;8,0;4,0;0,0;7,727325;4,0;1,0;0,09832500000000088;0
RA-189;2023;M;14,0;5;Privada - Apadrinhamento;4,0;4,0;0,0;7,727325;Ametista;7,9;9,4;2,52;8,28125;6,5;8,3775;10,0;6,3;6,5;6,7;4,0;0,0;8,586533333333334;5,0;0,0;0,8592083333333331;0
RA-19;2022;F;19,0;0;Pública;7,0;8,0;-1,0;7,665;Ametista;7,9;9,5;7,5;;8,0;7,0;5,0;7,0;9,0;;4,0;-1,0;7,710866667;7,0;0,0;0,045866667000000305;0
RA-19;2023;F;19,0;1;Nenhuma;7,0;8,0;-1,0;7,710866667;Ametista;7,9;9,4;5,63;7,75;7,8;8,1725;5,0;7,7;7,0;8,8;4,0;0,0;;8,0;1,0;;0
RA-190;2022;F;13,0;0;Pública;3,0;3,0;0,0;7,335;Ametista;6,7;6,9;8,8;;6,3;7,25;10,0;5,0;7,5;;4,0;-1,0;6,934158333;3,0;-1,0;-0,4008416669999999;1
RA-191;2022;M;13,0;3;Privada - Parceira;3,0;3,0;0,0;8,74;Topázio;10,0;9,4;8,8;;7,2;8,5;10,0;8,0;7,2;6,3;4,0;0,0;7,263666667;4,0;0,0;-1,4763333330000004;0
RA-191;2023;M;14,0;4;Privada - Apadrinhamento;4,0;4,0;0,0;7,263666667;Ametista;0,0;9,7;2,52;8,125;7,8;8,4625;10,0;8,7;7,0;7,8;4,0;2,0;7,7887;7,0;2,0;0,5250333330000005;0
RA-192;2022;M;15,0;1;Pública;3,0;5,0;-2,0;4,932;Quartzo;8,8;3,6;7,5;;2,7;4,708;5,0;1,7;4,7;1,7;4,0;-2,0;6,616016667;4,0;0,0;1,6840166669999999;0
RA-192;2023;M;16,0;2;Privada;4,0;6,0;-2,0;6,616016667;Ágata;8,8;6,2;5,0;7,1875;6,5;7,3775;5,0;6,0;5,8;7,8;4,0;-2,0;6,882960606066668;5,0;0,0;0,26694393906666747;0
RA-193;2022;M;12,0;6;Privada - Parceira;3,0;3,0;0,0;8,155;Topázio;9,2;8,9;5,6;;6,7;8,5;10,0;5,0;6,3;8,7;4,0;1,0;7,718566667;4,0;1,0;-0,4364333329999992;0
RA-193;2023;M;13,0;7;Privada - Apadrinhamento;4,0;3,0;1,0;7,718566667;Ametista;8,3;9,4;2,52;8,125;6,5;8,17;10,0;6,0;6,3;7,3;4,0;1,0;8,465046969666668;5,0;0,0;0,7464803026666678;0
RA-195;2022;F;13,0;5;Privada - Parceira;3,0;3,0;0,0;8,017;Ametista;8,8;9,2;5,0;;6,3;8,25;10,0;6,8;6,3;5,8;4,0;0,0;7,60205;4,0;0,0;-0,41494999999999926;0
RA-195;2023;F;14,0;6;Privada - Apadrinhamento;4,0;4,0;0,0;7,60205;Ametista;7,1;9,2;2,52;8,4375;6,0;8,79;10,0;6,3;6,2;5,5;4,0;1,0;8,4690496032;5,0;1,0;0,8669996032;0
RA-196;2022;M;12,0;4;Privada - Parceira;3,0;3,0;0,0;8,124;Topázio;9,2;9,1;7,5;;5,1;8,625;10,0;4,0;6,0;5,3;4,0;1,0;7,560991667;4,0;1,0;-0,5630083330000009;0
RA-196;2023;M;13,0;5;Privada - Apadrinhamento;4,0;3,0;1,0;7,560991667;Ametista;7,9;9,0;2,52;8,28125;6,2;8,2125;10,0;7,0;6,0;5,7;4,0;1,0;8,823550937933334;5,0;0,0;1,262559270933334;0
RA-197;2022;F;13,0;1;Privada - Parceira;3,0;3,0;0,0;8,218;Topázio;8,8;9,7;4,4;;7,3;8,292;10,0;6,0;7,5;8,3;4,0;1,0;7,967608333;4,0;1,0;-0,2503916669999997;0
RA-197;2023;F;13,0;2;Privada - Apadrinhamento;4,0;3,0;1,0;7,967608333;Ametista;8,3;9,8;2,52;7,96875;7,2;8,46;10,0;7,0;7,3;7,2;4,0;0,0;8,568238636333334;5,0;-1,0;0,6006303033333333;0
RA-199;2022;M;13,0;0;Pública;3,0;3,0;0,0;7,564;Ametista;8,3;7,1;7,5;;7,5;6,458;10,0;5,7;7,8;9,0;4,0;-1,0;7,892341667;3,0;-1,0;0,3283416670000001;1
RA-199;2023;M;14,0;1;Privada;3,0;4,0;-1,0;7,892341667;Ametista;9,2;7,6;7,51;7,96875;8,5;8,505;5,0;8,2;8,2;9,2;4,0;-1,0;7,419398245666667;4,0;0,0;-0,47294342133333345;0
RA-2;2022;F;17,0;5;Privada - Parceira;7,0;7,0;0,0;7,055;Ametista;8,8;5,2;6,3;;6,8;6,778;10,0;6,3;4,5;9,7;4,0;0,0;;8,0;0,0;;0
RA-2;2023;F;18,0;6;Privada - Bolsa 100%;8,0;8,0;0,0;;;;;;;;;10,0;;;;;0,0;;8,0;0,0;;0
RA-200;2022;M;15,0;4;Privada - Parceira;3,0;5,0;-2,0;5,705;Quartzo;7,9;5,6;4,4;;5,5;4,917;5,0;4,7;5,0;6,8;4,0;-2,0;5,661166667;4,0;0,0;-0,04383333300000025;0
RA-202;2022;F;14,0;5;Pública;3,0;4,0;-1,0;5,201;Quartzo;0,0;5,2;4,4;;5,4;6,917;5,0;6,3;5,8;4,2;4,0;-1,0;6,791641667;4,0;0,0;1,5906416670000008;0
RA-202;2023;F;15,0;6;Pública;4,0;5,0;-1,0;6,791641667;Ágata;8,8;7,9;2,52;7,96875;5,9;8,005;5,0;6,3;4,8;6,7;4,0;-1,0;7,3512154762;5,0;0,0;0,5595738091999998;0
RA-204;2022;F;13,0;3;Pública;3,0;3,0;0,0;6,943;Ágata;7,9;6,7;4,4;;7,4;5,708;10,0;5,3;8,5;8,5;4,0;0,0;7,557558333;4,0;0,0;0,6145583330000006;0
RA-204;2023;F;14,0;4;Pública;4,0;4,0;0,0;7,557558333;Ametista;8,8;7,9;2,52;8,28125;7,1;8,045;10,0;4,7;8,0;8,5;4,0;0,0;7,838218894866668;4,0;0,0;0,280660561866668;0
RA-205;2022;M;14,0;2;Pública;3,0;4,0;-1,0;5,372;Quartzo;9,6;3,8;7,5;;4,1;4,833;5,0;5,7;1,7;5,0;4,0;-1,0;6,857625;4,0;0,0;1,4856249999999998;0
RA-21;2022;M;18,0;0;Pública;7,0;8,0;-1,0;6,945;Ágata;9,6;9,2;7,5;;3,8;7,25;5,0;7,0;0,5;;4,0;0,0;;8,0;1,0;;0
RA-21;2023;M;19,0;1;Privada - Bolsa 100%;8,0;8,0;0,0;;;;;;;;;10,0;;;;;0,0;;8,0;0,0;;0
RA-211;2022;M;13,0;1;Pública;3,0;3,0;0,0;8,465;Topázio;9,2;8,8;7,5;;7,6;8,458;10,0;6,7;7,5;8,5;4,0;0,0;8,024791667;4,0;0,0;-0,4402083329999993;0
RA-211;2023;M;14,0;2;Privada - Apadrinhamento;4,0;4,0;0,0;8,024791667;Topázio;9,6;9,4;2,52;7,65625;7,1;8,71;10,0;7,7;8,0;5,7;4,0;0,0;8,283601875933334;5,0;0,0;0,2588102089333333;0
RA-215;2022;F;13,0;1;Pública;3,0;3,0;0,0;7,172;Ametista;6,7;5,8;7,5;;7,8;6,542;10,0;5,7;7,7;10,0;4,0;0,0;7,166475;4,0;0,0;-0,005524999999999558;0
RA-215;2023;F;14,0;2;Pública;4,0;4,0;0,0;7,166475;Ametista;8,8;6,6;2,52;7,96875;6,9;7,7125;10,0;5,7;6,7;8,3;4,0;0,0;7,045258874400002;5,0;0,0;-0,12121612559999839;0
RA-217;2022;F;15,0;1;Pública;3,0;5,0;-2,0;7,397;Ametista;7,9;8,5;7,5;;7,1;7,292;5,0;6,3;7,2;7,7;4,0;-1,0;6,96965;4,0;1,0;-0,42735000000000056;0
RA-217;2023;F;15,0;2;Pública;4,0;5,0;-1,0;6,96965;Ágata;8,3;8,6;2,52;8,4375;5,6;8,5025;5,0;6,7;5,3;4,8;4,0;-1,0;7,4209164502;5,0;0,0;0,45126645020000034;0
RA-218;2022;F;14,0;0;Pública;3,0;4,0;-1,0;6,1;Ágata;6,3;7,3;7,5;;4,0;6,125;5,0;5,0;7,0;0,0;4,0;-1,0;5,811541667;4,0;0,0;-0,28845833299999946;0
RA-220;2022;F;13,0;0;Pública;3,0;3,0;0,0;7,028;Ágata;0,0;8,1;7,5;;6,5;7,833;10,0;6,8;6,8;5,8;4,0;0,0;7,102016667;4,0;0,0;0,07401666700000042;0
RA-220;2023;F;14,0;1;Pública;4,0;4,0;0,0;7,102016667;Ametista;8,8;7,6;2,52;7,1875;6,1;7,5475;10,0;6,3;5,8;6,3;4,0;0,0;7,6987770562666675;5,0;0,0;0,5967603892666675;0
RA-221;2022;M;14,0;0;Pública;3,0;4,0;-1,0;6,892;Ágata;9,6;8,5;7,5;;5,2;6,0;5,0;7,0;3,5;5,0;4,0;-2,0;6,959916667;3,0;-1,0;0,06791666699999954;1
RA-223;2022;F;13,0;0;Pública;3,0;3,0;0,0;4,966;Quartzo;0,0;4,6;7,5;;3,1;5,583;10,0;4,3;4,7;0,2;4,0;-1,0;5,089833333;3,0;-1,0;0,12383333299999943;1
RA-227;2022;M;12,0;0;Pública;3,0;3,0;0,0;6,471;Ágata;9,2;6,4;7,5;;3,3;5,833;10,0;4,7;4,3;1,0;4,0;0,0;7,722125;3,0;0,0;1,251125;0
RA-227;2023;M;12,0;1;Pública;3,0;3,0;0,0;7,722125;Ametista;9,6;7,5;5,63;8,28125;6,9;7,4625;10,0;7,2;6,5;7,0;4,0;0,0;8,074015455333335;3,0;0,0;0,35189045533333463;0
RA-229;2022;M;12,0;0;Pública;3,0;3,0;0,0;8,62;Topázio;10,0;9,4;7,5;;6,9;8,5;10,0;7,0;6,7;7,2;4,0;1,0;8,207591667;4,0;1,0;-0,41240833299999835;0
RA-229;2023;M;13,0;1;Privada - Apadrinhamento;4,0;3,0;1,0;8,207591667;Topázio;9,2;9,8;2,52;8,28125;7,8;8,42;10,0;8,0;8,2;7,3;4,0;1,0;8,852545634933334;5,0;0,0;0,6449539679333327;0
RA-23;2022;M;17,0;1;Pública;6,0;7,0;-1,0;7,677;Ametista;8,3;8,2;8,1;;6,7;8,556;5,0;7,2;4,7;8,2;4,0;1,0;;8,0;2,0;;0
RA-23;2023;M;17,0;2;Privada - Bolsa 100%;8,0;7,0;1,0;;;;;;;;;10,0;;;;;0,0;;8,0;-1,0;;0
RA-234;2022;M;13,0;0;Pública;3,0;3,0;0,0;6,719;Ágata;10,0;7,6;5,6;;4,3;5,583;10,0;3,7;6,3;2,8;4,0;0,0;6,248741667;3,0;0,0;-0,4702583330000003;0
RA-236;2022;F;12,0;0;Pública;3,0;3,0;0,0;7,11;Ametista;9,6;7,5;7,5;;3,7;7,208;10,0;4,0;4,0;3,0;4,0;0,0;7,337116667;3,0;0,0;0,22711666699999977;0
RA-236;2023;F;13,0;1;Pública;3,0;3,0;0,0;7,337116667;Ametista;10,0;7,5;7,52;7,1875;4,5;7,2975;10,0;6,3;4,0;3,3;4,0;0,0;6,980833740133334;4,0;0,0;-0,3562829268666663;0
RA-237;2022;F;14,0;0;Pública;3,0;4,0;-1,0;8,084;Topázio;10,0;9,0;7,5;;7,8;8,417;5,0;6,8;7,7;8,8;4,0;-1,0;7,436566667;4,0;0,0;-0,6474333329999995;0
RA-237;2023;F;15,0;1;Privada - Apadrinhamento;4,0;5,0;-1,0;7,436566667;Ametista;8,3;9,5;2,52;8,125;6,7;8,96;5,0;7,7;7,0;5,5;4,0;-1,0;7,931384271366667;5,0;0,0;0,4948176043666672;0
RA-239;2022;F;15,0;1;Pública;3,0;5,0;-2,0;4,572;Quartzo;0,0;3,7;7,5;;3,7;5,958;5,0;2,0;4,7;4,5;4,0;-2,0;6,411333333;4,0;0,0;1,839333333;0
RA-239;2023;F;16,0;2;Pública;4,0;6,0;-2,0;6,411333333;Ágata;0,0;8,4;5,0;8,125;7,0;7,6275;5,0;6,0;7,2;7,7;4,0;-3,0;6,782180868800001;4,0;-1,0;0,3708475358000012;1
RA-240;2022;F;13,0;5;Privada - Parceira;3,0;3,0;0,0;6,943;Ágata;7,1;8,1;5,0;;4,7;7,042;10,0;6,3;5,0;2,8;4,0;0,0;6,337966667;4,0;0,0;-0,6050333329999997;0
RA-241;2022;M;14,0;6;Privada - Parceira;3,0;4,0;-1,0;8,468;Topázio;10,0;10,0;7,5;;7,7;9,125;5,0;8,2;7,5;7,3;4,0;-1,0;7,016;4,0;0,0;-1,452;0
RA-241;2023;M;15,0;7;Privada - Apadrinhamento;4,0;5,0;-1,0;7,016;Ametista;0,0;9,9;2,52;8,75;7,5;9,545;5,0;9,3;7,0;6,2;4,0;2,0;8,311616666733334;7,0;3,0;1,2956166667333342;0
RA-242;2022;M;13,0;4;Privada - Parceira;3,0;3,0;0,0;8,673;Topázio;9,6;9,7;5,6;;8,2;8,708;10,0;8,7;7,2;8,7;4,0;0,0;8,221841667;4,0;0,0;-0,4511583330000004;0
RA-242;2023;M;14,0;5;Privada - Apadrinhamento;4,0;4,0;0,0;8,221841667;Topázio;7,1;9,7;2,52;8,59375;7,9;9,3775;10,0;9,3;7,3;7,2;4,0;2,0;8,2887;7,0;2,0;0,06685833300000077;0
RA-244;2022;F;12,0;4;Privada - Parceira;3,0;3,0;0,0;8,51;Topázio;7,5;9,4;6,3;;7,8;9,208;10,0;6,7;8,0;8,7;4,0;1,0;7,044333333;4,0;1,0;-1,4656666669999998;0
RA-244;2023;F;13,0;5;Privada - Apadrinhamento;4,0;3,0;1,0;7,044333333;Ametista;0,0;8,8;2,52;8,125;7,3;8,8325;10,0;7,0;8,0;6,8;4,0;1,0;8,7225;5,0;0,0;1,6781666670000002;0
RA-245;2022;M;14,0;6;Privada - Parceira;3,0;4,0;-1,0;8,656;Topázio;10,0;9,9;7,5;;8,4;9,25;5,0;8,3;8,2;8,8;4,0;-1,0;7,171166667;4,0;0,0;-1,484833333000001;0
RA-245;2023;M;15,0;7;Privada - Apadrinhamento;4,0;5,0;-1,0;7,171166667;Ametista;0,0;10,0;2,52;8,75;8,1;9,5875;5,0;9,3;7,8;7,3;4,0;2,0;8,452633333266668;7,0;3,0;1,2814666662666685;0
RA-246;2022;M;13,0;0;Pública;3,0;3,0;0,0;8,639;Topázio;8,3;9,4;7,5;;7,6;9,167;10,0;8,0;6,7;8,0;4,0;0,0;8,256766667;4,0;0,0;-0,3822333329999985;0
RA-246;2023;M;14,0;1;Privada;4,0;4,0;0,0;8,256766667;Topázio;8,8;9,9;4,39;8,125;6,8;8,9175;10,0;7,7;7,0;5,8;4,0;2,0;4,7404;7,0;2,0;-3,5163666670000007;0
RA-247;2022;F;13,0;1;Pública;3,0;3,0;0,0;7,72;Ametista;8,3;8,2;7,5;;5,8;7,875;10,0;5,3;5,7;6,3;4,0;0,0;7,221958333;3,0;0,0;-0,49804166699999985;0
RA-247;2023;F;13,0;2;Pública;3,0;3,0;0,0;7,221958333;Ametista;0,0;8,5;7,52;8,28125;7,2;7,5425;10,0;6,5;6,7;8,3;4,0;0,0;6,646485739800001;4,0;0,0;-0,5754725931999989;0
RA-249;2022;M;14,0;5;Pública;3,0;4,0;-1,0;5,097;Quartzo;6,7;7,4;5,0;;2,9;4,292;5,0;2,3;4,2;2,2;4,0;-2,0;5,444625;3,0;-1,0;0,34762499999999985;1
RA-249;2023;M;15,0;6;Pública;3,0;5,0;-2,0;5,444625;Quartzo;0,0;8,2;5,0;5,15625;4,9;6,545;5,0;6,2;5,3;3,2;4,0;-2,0;6,125104328999999;4,0;0,0;0,6804793289999989;0
RA-25;2022;F;17,0;1;Pública;6,0;7,0;-1,0;7,979;Ametista;8,3;8,3;8,8;;6,9;9,667;5,0;9,2;3,8;7,7;4,0;0,0;;8,0;1,0;;0
RA-25;2023;F;18,0;2;Privada - Bolsa 100%;8,0;8,0;0,0;;;;;;;;;10,0;;;;;0,0;;8,0;0,0;;0
RA-250;2022;F;12,0;0;Pública;3,0;3,0;0,0;7,958;Ametista;8,3;8,6;7,5;;6,6;7,625;10,0;6,7;6,5;6,7;4,0;0,0;7,598208333;3,0;0,0;-0,35979166700000054;0
RA-250;2023;F;13,0;1;Pública;3,0;3,0;0,0;7,598208333;Ametista;0,0;9,3;5,63;7,96875;8,3;8,625;10,0;7,7;8,8;8,3;4,0;0,0;9,049892592566668;4,0;0,0;1,451684259566668;0
RA-251;2022;M;15,0;4;Pública;3,0;5,0;-2,0;7,022;Ágata;10,0;8,1;5,6;;6,3;6,625;5,0;5,3;6,3;7,2;4,0;-1,0;6,665208333;4,0;1,0;-0,3567916670000004;0
RA-251;2023;M;15,0;5;Pública;4,0;5,0;-1,0;6,665208333;Ágata;9,6;8,0;2,52;7,34375;5,3;7,835;5,0;5,0;5,5;5,3;4,0;-1,0;6,7135006212;5,0;0,0;0,04829228819999987;0
RA-254;2022;M;14,0;3;Pública;3,0;4,0;-1,0;6,715;Ágata;10,0;7,4;5,6;;5,3;6,917;5,0;5,0;6,8;4,0;4,0;-1,0;;4,0;0,0;;0
RA-26;2022;M;17,0;0;Pública;6,0;7,0;-1,0;8,677;Topázio;9,6;8,8;10,0;;8,0;10,0;5,0;9,5;4,4;10,0;4,0;-1,0;;7,0;0,0;;0
RA-26;2023;M;18,0;1;Privada - Bolsa 100%;7,0;8,0;-1,0;;;0,0;;7,52;;;;5,0;;;;;0,0;;8,0;1,0;;0
RA-260;2022;F;13,0;3;Pública;3,0;3,0;0,0;7,44;Ametista;10,0;8,2;7,5;;5,0;6,458;10,0;5,7;5,2;4,2;4,0;0,0;8,080008333;3,0;0,0;0,6400083329999999;0
RA-260;2023;F;13,0;4;Pública;3,0;3,0;0,0;8,080008333;Topázio;9,2;9,9;7,52;7,34375;6,1;7,4175;10,0;6,3;5,2;6,7;4,0;0,0;8,448920634933334;4,0;0,0;0,36891230193333335;0
RA-262;2022;M;15,0;1;Pública;3,0;5,0;-2,0;4,786;Quartzo;0,0;5,8;5,6;;3,4;5,625;5,0;1,3;5,5;3,5;4,0;-2,0;4,406458333;4,0;0,0;-0,3795416669999998;0
RA-262;2023;M;16,0;2;Privada;4,0;6,0;-2,0;4,406458333;Quartzo;0,0;3,7;5,0;7,03125;3,8;6,05;5,0;5,0;3,3;3,0;4,0;-2,0;5,806145462066667;4,0;0,0;1,3996871290666668;0
RA-265;2022;M;13,0;3;Pública;3,0;3,0;0,0;7,926;Ametista;8,3;7,7;7,5;;6,9;7,917;10,0;5,3;7,0;8,5;4,0;0,0;;4,0;0,0;;0
RA-267;2022;F;15,0;6;Pública;3,0;5,0;-2,0;6,012;Ágata;10,0;7,4;5,0;;3,3;6,292;5,0;2,3;4,8;2,7;4,0;-2,0;;4,0;0,0;;0
RA-267;2023;F;16,0;7;Pública;4,0;6,0;-2,0;;;7,9;7,7;;4,6875;2,7;6,505;5,0;2,7;4,0;1,3;4,0;-2,0;5,896306781966668;5,0;0,0;;0
RA-269;2022;M;13,0;0;Pública;3,0;3,0;0,0;8,231;Topázio;9,2;8,6;6,3;;8,9;7,25;10,0;8,7;9,5;8,5;4,0;0,0;8,116041667;4,0;0,0;-0,11495833300000058;0
RA-269;2023;M;14,0;1;Pública;4,0;4,0;0,0;8,116041667;Topázio;9,6;9,0;2,52;8,59375;7,4;8,7975;10,0;8,0;7,3;7,0;4,0;2,0;8,4773;7,0;2,0;0,3612583330000003;0
RA-27;2022;M;17,0;6;Privada - Parceira;6,0;7,0;-1,0;7,124;Ametista;0,0;7,6;8,1;;8,0;9,111;5,0;7,7;6,3;10,0;4,0;0,0;7,921266667;7,0;1,0;0,7972666670000006;0
RA-27;2023;M;17,0;7;Privada - Apadrinhamento;7,0;7,0;0,0;7,921266667;Ametista;6,7;7,7;6,89;8,625;6,9;8,8825;10,0;7,0;5,8;8,0;4,0;0,0;;8,0;0,0;;0
RA-270;2022;F;13,0;3;Privada - Parceira;3,0;3,0;0,0;8,226;Topázio;8,3;8,4;6,9;;7,9;8,125;10,0;8,0;7,2;8,5;4,0;0,0;7,982633333;4,0;0,0;-0,24336666700000098;0
RA-270;2023;F;14,0;4;Privada - Apadrinhamento;4,0;4,0;0,0;7,982633333;Ametista;9,2;9,0;2,52;8,75;6,6;9,1275;10,0;7,7;6,2;5,8;4,0;2,0;4,79255;7,0;2,0;-3,1900833329999996;0
RA-271;2022;F;15,0;0;Pública;3,0;5,0;-2,0;7,255;Ametista;9,2;8,5;5,6;;7,1;6,958;5,0;6,3;6,5;8,3;4,0;-2,0;6,140333333;4,0;0,0;-1,1146666669999998;0
RA-271;2023;F;16,0;1;Pública;4,0;6,0;-2,0;6,140333333;Ágata;0,0;9,3;2,52;8,125;5,9;7,7125;5,0;4,3;7,0;6,3;4,0;-1,0;7,400633333333334;5,0;1,0;1,2603000003333342;0
RA-273;2022;F;14,0;4;Pública;3,0;4,0;-1,0;5,679;Quartzo;9,2;5,3;7,5;;3,0;5,833;5,0;3,8;4,7;0,5;4,0;-1,0;6,337116667;3,0;0,0;0,6581166669999998;0
RA-273;2023;F;14,0;5;Pública;3,0;4,0;-1,0;6,337116667;Ágata;7,9;7,4;2,52;7,8125;5,0;7,6275;5,0;5,3;6,8;3,0;4,0;-1,0;6,5991307798;4,0;0,0;0,2620141128000002;0
RA-274;2022;F;11,0;3;Privada - Parceira;3,0;2,0;1,0;7,946;Ametista;7,9;8,3;7,5;;8,1;7,0;10,0;8,1;9,3;7,0;4,0;1,0;8,137625;4,0;0,0;0,19162500000000016;0
RA-274;2023;F;12,0;4;Privada - Apadrinhamento;4,0;3,0;1,0;8,137625;Topázio;7,5;9,5;5,63;7,65625;7,5;8,295;10,0;7,0;7,7;7,8;4,0;2,0;8,651029629666667;5,0;1,0;0,5134046296666668;0
RA-276;2022;F;14,0;5;Pública;3,0;4,0;-1,0;5,527;Quartzo;7,1;5,7;5,6;;4,3;5,125;5,0;3,7;6,0;3,3;4,0;0,0;6,690458333;4,0;1,0;1,1634583329999995;0
RA-277;2022;M;14,0;1;Pública;3,0;4,0;-1,0;7,411;Ametista;7,1;8,8;7,5;;7,4;7,208;5,0;7,2;7,0;8,2;4,0;-1,0;7,7284;4,0;0,0;0,3174000000000001;0
RA-277;2023;M;15,0;2;Pública;4,0;5,0;-1,0;7,7284;Ametista;8,3;9,9;7,52;8,125;5,5;8,7525;5,0;5,7;6,0;4,8;4,0;2,0;8,0689833334;7,0;3,0;0,3405833334000006;0
RA-278;2022;M;12,0;4;Privada - Parceira;3,0;3,0;0,0;7,741;Ametista;8,8;9,2;5,6;;6,0;7,417;10,0;5,7;5,8;6,4;4,0;1,0;7,1935;4,0;1,0;-0,5474999999999994;0
RA-278;2023;M;13,0;5;Pública;4,0;3,0;1,0;7,1935;Ametista;0,0;9,8;5,63;8,75;5,6;8,3775;10,0;6,0;5,3;5,5;4,0;1,0;8,907314492800001;5,0;0,0;1,713814492800001;0
RA-279;2022;M;13,0;3;Privada - Parceira;3,0;3,0;0,0;8,815;Topázio;9,2;9,9;6,3;;9,1;8,208;10,0;9,7;8,3;9,3;4,0;0,0;9,006266667;4,0;0,0;0,19126666700000072;0
RA-279;2023;M;14,0;4;Pública;4,0;4,0;0,0;9,006266667;Topázio;8,8;10,0;6,27;8,75;8,9;9,2125;10,0;9,0;8,5;9,3;4,0;1,0;9,113133333366669;5,0;1,0;0,10686666636666864;0
RA-280;2022;F;13,0;1;Privada - Parceira;3,0;3,0;0,0;8,046;Ametista;7,5;9,2;7,5;;7,1;7,333;10,0;5,7;7,0;8,7;4,0;0,0;8,189225;4,0;0,0;0,14322500000000105;0
RA-280;2023;F;14,0;2;Privada - Apadrinhamento;4,0;4,0;0,0;8,189225;Topázio;6,7;9,5;7,52;8,28125;6,5;8,7125;10,0;6,3;7,7;5,5;4,0;1,0;8,822714492700001;5,0;1,0;0,6334894927000008;0
RA-283;2022;M;14,0;2;Pública;3,0;4,0;-1,0;7,131;Ametista;9,6;8,8;7,5;;5,6;6,625;5,0;4,5;5,8;6,6;4,0;-2,0;7,549025;3,0;-1,0;0,4180250000000001;1
RA-283;2023;M;15,0;3;Pública;3,0;5,0;-2,0;7,549025;Ametista;8,3;9,5;7,52;7,03125;6,8;7,5025;5,0;6,8;4,8;8,8;4,0;-2,0;7,9444309524;4,0;0,0;0,3954059524;0
RA-285;2022;F;16,0;2;Pública;3,0;6,0;-3,0;5,063;Quartzo;9,2;4,1;7,5;;2,8;5,75;2,5;4,0;3,2;1,2;4,0;-3,0;5,380358333;4,0;0,0;0,3173583330000005;0
RA-286;2022;F;15,0;0;Pública;3,0;5,0;-2,0;5,424;Quartzo;7,1;5,8;6,3;;3,0;5,625;5,0;4,7;2,3;2,0;4,0;-1,0;5,713333333;4,0;1,0;0,2893333329999992;0
RA-286;2023;F;15,0;1;Pública;4,0;5,0;-1,0;5,713333333;Quartzo;0,0;7,5;5,0;8,125;4,7;7,3375;5,0;3,7;5,0;5,3;4,0;-1,0;5,123180882333333;5,0;0,0;-0,5901524506666664;0
RA-287;2022;F;17,0;0;Pública;3,0;7,0;-4,0;3,7;Quartzo;7,9;3,4;5,0;;1,1;4,292;2,5;0,7;2,5;0,2;4,0;-4,0;3,745541667;4,0;0,0;0,04554166699999973;0
RA-29;2022;M;17,0;0;Pública;6,0;7,0;-1,0;4,985;Quartzo;0,0;4,0;8,8;;3,7;7,611;5,0;6,3;1,1;3,8;4,0;0,0;;8,0;1,0;;0
RA-29;2023;M;18,0;1;Privada - Bolsa 100%;8,0;8,0;0,0;;;;;;;;;10,0;;;;;0,0;;8,0;0,0;;0
RA-291;2022;M;13,0;0;Pública;3,0;3,0;0,0;8,122;Topázio;8,3;8,2;6,9;;8,0;7,792;10,0;8,0;7,5;8,5;4,0;0,0;8,493058333;4,0;0,0;0,3710583330000006;0
RA-291;2023;M;14,0;1;Privada - Apadrinhamento;4,0;4,0;0,0;8,493058333;Topázio;8,8;8,6;7,52;8,90625;7,1;9,21;10,0;8,0;6,5;6,7;4,0;2,0;7,931966666733333;7,0;2,0;-0,5610916662666678;0
RA-295;2022;F;14,0;0;Pública;3,0;4,0;-1,0;7,305;Ametista;7,9;8,0;7,5;;6,9;7,375;5,0;5,3;7,7;7,7;4,0;-1,0;7,641016667;4,0;0,0;0,336016667;0
RA-298;2022;M;13,0;3;Pública;3,0;3,0;0,0;6,409;Ágata;9,2;6,3;5,6;;5,2;5,417;10,0;5,5;4,8;;4,0;-1,0;6,824333333;3,0;-1,0;0,4153333330000004;1
RA-299;2022;F;13,0;3;Privada - Parceira;3,0;3,0;0,0;7,278;Ametista;7,1;8,2;5,0;;6,8;6,708;10,0;6,3;7,3;6,7;4,0;0,0;6,796541667;4,0;0,0;-0,48145833299999996;0
RA-299;2023;F;14,0;4;Privada - Apadrinhamento;4,0;4,0;0,0;6,796541667;Ágata;0,0;9,6;2,52;7,96875;6,1;8,005;10,0;5,0;7,2;6,2;4,0;1,0;8,177186956533333;5,0;1,0;1,3806452895333337;0
RA-300;2022;M;14,0;0;Pública;3,0;4,0;-1,0;5,557;Quartzo;5,4;6,9;6,3;;3,1;5,875;5,0;2,7;4,8;1,7;4,0;-2,0;5,616691667;3,0;-1,0;0,05969166700000006;1
RA-301;2022;F;13,0;3;Pública;3,0;3,0;0,0;6,802;Ágata;8,8;5,8;5,6;;6,3;6,042;10,0;6,5;7,2;5,4;4,0;0,0;6,760341667;4,0;0,0;-0,04165833299999999;0
RA-301;2023;F;14,0;4;Pública;4,0;4,0;0,0;6,760341667;Ágata;9,2;5,4;7,52;6,71875;5,2;6,465;10,0;4,7;6,5;4,5;4,0;0,0;8,410830701766667;4,0;0,0;1,6504890347666672;0
RA-302;2022;M;16,0;0;Pública;3,0;6,0;-3,0;6,334;Ágata;9,2;7,7;6,9;;4,8;6,208;2,5;4,3;5,0;5,0;4,0;-2,0;5,314333333;5,0;1,0;-1,0196666669999992;0
RA-303;2022;M;14,0;3;Pública;3,0;4,0;-1,0;6,03;Ágata;7,5;7,2;7,5;;3,9;5,375;5,0;3,8;4,0;;4,0;-2,0;5,914291667;3,0;-1,0;-0,11570833300000061;1
RA-303;2023;M;15,0;4;Pública;3,0;5,0;-2,0;5,914291667;Quartzo;0,0;7,3;7,52;7,65625;5,1;7,05;5,0;5,7;5,2;4,5;4,0;-2,0;6,2443426900666665;4,0;0,0;0,3300510230666669;0
RA-304;2022;M;15,0;2;Pública;3,0;5,0;-2,0;6,355;Ágata;8,8;7,7;7,5;;4,3;5,542;5,0;3,0;5,5;;4,0;-2,0;6,241583333;3,0;0,0;-0,11341666700000008;0
RA-304;2023;M;15,0;3;Pública;3,0;5,0;-2,0;6,241583333;Ágata;0,0;8,8;5,0;7,8125;5,7;7,835;5,0;7,0;3,7;6,3;4,0;-3,0;6,852411484600001;3,0;-1,0;0,6108281516000007;1
RA-305;2022;M;14,0;3;Pública;3,0;4,0;-1,0;6,058;Ágata;7,9;6,6;7,5;;4,8;5,208;5,0;2,8;6,7;;4,0;-2,0;6,394291667;3,0;-1,0;0,33629166700000024;1
RA-305;2023;M;15,0;4;Pública;3,0;5,0;-2,0;6,394291667;Ágata;0,0;8,9;7,52;7,65625;5,2;7,75;5,0;5,2;4,8;5,7;4,0;-1,0;6,693026811600001;4,0;1,0;0,29873514460000106;0
RA-306;2022;F;14,0;1;Pública;3,0;4,0;-1,0;6,427;Ágata;8,3;6,8;7,5;;5,2;5,958;5,0;4,7;5,8;5,0;4,0;-1,0;5,732375;4,0;0,0;-0,6946249999999994;0
RA-306;2023;F;15,0;2;Pública;4,0;5,0;-1,0;5,732375;Quartzo;0,0;7,9;6,26;7,34375;4,0;7,46;5,0;4,7;4,5;2,8;4,0;-1,0;6,1661539474;5,0;0,0;0,43377894739999956;0
RA-307;2022;M;14,0;0;Pública;3,0;4,0;-1,0;4,733;Quartzo;5,4;4,5;7,5;;2,5;4,708;5,0;5,0;0,0;;4,0;-2,0;6,047333333;3,0;-1,0;1,3143333330000004;1
RA-308;2022;M;13,0;3;Pública;3,0;3,0;0,0;6,93;Ágata;7,9;7,4;6,9;;5,0;6,167;10,0;6,7;5,5;2,8;4,0;0,0;6,578558333;4,0;0,0;-0,35144166699999957;0
RA-308;2023;M;14,0;4;Pública;4,0;4,0;0,0;6,578558333;Ágata;5,4;6,8;5,0;7,03125;4,9;7,5025;10,0;4,7;5,2;4,7;4,0;1,0;7,489282456133334;5,0;1,0;0,9107241231333338;0
RA-31;2022;F;17,0;3;Privada - Parceira;6,0;7,0;-1,0;8,843;Topázio;10,0;9,5;9,4;;8,0;10,0;5,0;9,0;5,7;9,3;4,0;0,0;;8,0;1,0;;0
RA-31;2023;F;18,0;4;Privada - Bolsa 100%;8,0;8,0;0,0;;;;;;;;;10,0;;;;;0,0;;8,0;0,0;;0
RA-313;2022;F;14,0;0;Pública;3,0;4,0;-1,0;5,8;Quartzo;7,5;7,0;5,0;;4,1;5,889;5,0;4,7;5,0;2,5;3,0;0,0;7,011091667;4,0;1,0;1,2110916669999998;0
RA-313;2023;F;14,0;1;Pública;4,0;4,0;0,0;7,011091667;Ametista;9,2;8,7;2,52;7,65625;3,9;7,75;10,0;4,0;2,8;5,0;4,0;-1,0;7,25285;4,0;-1,0;0,24175833299999994;1
RA-315;2022;F;13,0;0;Pública;3,0;3,0;0,0;5,672;Quartzo;6,7;5,1;7,5;;3,0;5,056;10,0;3,0;4,2;1,8;3,0;-1,0;5,977708333;3,0;-1,0;0,3057083330000001;1
RA-315;2023;F;14,0;1;Pública;3,0;4,0;-1,0;5,977708333;Quartzo;0,0;6,8;5,0;7,96875;6,3;7,8375;5,0;5,7;6,8;6,3;4,0;-1,0;6,0768703704;4,0;0,0;0,09916203740000018;0
RA-316;2022;F;14,0;0;Pública;3,0;4,0;-1,0;7,889;Ametista;10,0;10,0;6,9;;6,1;8,389;5,0;7,0;6,5;4,7;3,0;0,0;8,436908333;4,0;1,0;0,5479083329999996;0
RA-316;2023;F;14,0;1;Pública;4,0;4,0;0,0;8,436908333;Topázio;10,0;9,5;7,52;8,59375;5,7;8,96;10,0;6,3;5,7;5,0;4,0;0,0;8,708925;5,0;0,0;0,2720166670000008;0
RA-318;2022;F;14,0;3;Pública;3,0;4,0;-1,0;6,527;Ágata;8,3;6,9;6,9;;5,8;6,111;5,0;4,3;5,8;7,3;3,0;-1,0;6,856575;4,0;0,0;0,3295750000000002;0
RA-318;2023;F;15,0;4;Pública;4,0;5,0;-1,0;6,856575;Ágata;7,9;8,1;6,26;7,96875;4,9;7,71;5,0;5,0;5,0;4,7;4,0;-1,0;7,025000925866668;5,0;0,0;0,16842592586666782;0
RA-319;2022;M;13,0;0;Pública;3,0;3,0;0,0;7,448;Ametista;9,2;7,7;7,5;;5,2;7,5;10,0;6,3;4,3;5,0;3,0;0,0;8,367208333;4,0;0,0;0,9192083330000003;0
RA-319;2023;M;14,0;1;Concluiu o 3º EM;4,0;4,0;0,0;8,367208333;Topázio;9,6;9,2;5,0;8,59375;7,2;8,88;10,0;5,7;5,8;10,0;4,0;0,0;7,948699561466667;5,0;0,0;-0,4185087715333333;0
RA-32;2022;F;16,0;4;Privada - Parceira;6,0;6,0;0,0;7,37;Ametista;8,8;5,2;8,8;;6,1;7,944;10,0;5,7;3,6;8,9;4,0;0,0;6,716666667;7,0;0,0;-0,653333333;0
RA-320;2022;F;14,0;0;Pública;3,0;4,0;-1,0;7,897;Ametista;8,8;10,0;6,9;;6,4;8,667;5,0;7,3;6,3;5,7;3,0;0,0;8,393508333;4,0;1,0;0,4965083329999995;0
RA-320;2023;F;14,0;1;Pública;4,0;4,0;0,0;8,393508333;Topázio;9,2;9,9;7,52;8,59375;5,5;8,96;10,0;5,7;6,0;4,7;4,0;0,0;8,442258333333335;5,0;0,0;0,04875000033333521;0
RA-321;2022;F;12,0;0;Pública;3,0;3,0;0,0;7,792;Ametista;9,2;9,1;5,6;;5,2;8,278;10,0;5,7;6,2;3,7;3,0;1,0;7,695233333;4,0;1,0;-0,0967666669999998;0
RA-321;2023;F;13,0;1;Pública;4,0;3,0;1,0;7,695233333;Ametista;8,3;9,4;2,52;8,125;6,2;8,42;10,0;6,0;5,8;6,7;4,0;1,0;8,125807932933334;5,0;0,0;0,43057459993333413;0
RA-322;2022;F;13,0;0;Pública;3,0;3,0;0,0;6,859;Ágata;7,1;8,1;5,0;;4,7;6,778;10,0;4,3;5,7;4,0;3,0;0,0;7,037808333;4,0;0,0;0,1788083330000001;0
RA-324;2022;F;10,0;0;Pública;2,0;2,0;0,0;8,27;Topázio;10,0;9,3;6,9;;6,8;8,611;10,0;6,3;7,2;;3,0;0,0;7,6354;2,0;0,0;-0,6345999999999998;0
RA-325;2022;M;10,0;0;Pública;2,0;2,0;0,0;7,619;Ametista;9,5;6,8;7,5;;6,0;8,444;10,0;6,0;6,0;;3,0;0,0;6,243;2,0;0,0;-1,3759999999999994;0
RA-325;2023;M;11,0;1;Pública;2,0;2,0;0,0;6,243;Ágata;0,0;7,1;5,0;8,125;5,6;7,0025;10,0;3,8;7,3;;3,0;0,0;8,385133333233336;3,0;0,0;2,1421333332333354;0
RA-326;2022;F;12,0;0;Pública;2,0;3,0;-1,0;8,22;Topázio;10,0;9,7;5,0;;9,0;8,944;5,0;8,7;9,3;;3,0;0,0;8,65075;3,0;1,0;0,43074999999999974;0
RA-326;2023;F;13,0;1;Privada;3,0;3,0;0,0;8,65075;Topázio;9,6;9,4;3,14;9,0625;8,2;9,76;10,0;8,3;7,5;8,8;4,0;1,0;8,832389092333335;4,0;1,0;0,18163909233333442;0
RA-330;2022;F;14,0;4;Pública;2,0;4,0;-2,0;6,446;Ágata;9,5;8,8;7,5;;2,5;7,056;5,0;2,3;2,7;;3,0;-2,0;6,084875;3,0;0,0;-0,3611249999999995;0
RA-331;2022;F;12,0;3;Pública;2,0;3,0;-1,0;6,636;Ágata;9,0;8,7;7,5;;3,7;6,944;5,0;2,3;5,0;;3,0;0,0;7,039791667;3,0;1,0;0,40379166700000013;0
RA-331;2023;F;13,0;4;Pública;3,0;3,0;0,0;7,039791667;Ametista;9,6;8,6;2,52;7,03125;5,2;6,7975;10,0;5,7;4,8;5,2;4,0;-1,0;6,231045707066668;3,0;-1,0;-0,808745959933332;1
RA-332;2022;M;13,0;5;Privada - Parceira;2,0;3,0;-1,0;7,883;Ametista;9,5;9,0;8,1;;7,5;8,5;5,0;7,5;7,5;;3,0;-1,0;8,002591667;3,0;0,0;0,11959166700000079;0
RA-332;2023;M;14,0;6;Privada - Apadrinhamento;3,0;4,0;-1,0;8,002591667;Topázio;9,2;8,4;8,76;8,28125;6,8;9,175;5,0;6,3;7,7;6,5;4,0;1,0;8,421271701;4,0;2,0;0,4186800339999994;0
RA-336;2022;M;13,0;6;Pública;2,0;3,0;-1,0;6,787;Ágata;9,5;8,5;4,4;;5,1;7,889;5,0;4,5;5,7;;3,0;-1,0;5,887708333;3,0;0,0;-0,899291667;0
RA-336;2023;M;14,0;7;Pública;3,0;4,0;-1,0;5,887708333;Quartzo;0,0;7,5;6,89;7,34375;5,1;7,255;5,0;6,7;5,2;3,3;4,0;0,0;6,834286748466667;4,0;1,0;0,946578415466667;0
RA-338;2022;M;12,0;3;Pública;2,0;3,0;-1,0;6,837;Ágata;8,5;7,3;7,5;;5,8;7,611;5,0;5,3;6,2;;3,0;0,0;8,287441667;3,0;1,0;1,4504416669999998;0
RA-338;2023;M;13,0;4;Pública;3,0;3,0;0,0;8,287441667;Topázio;8,3;9,1;7,52;8,59375;6,7;8,38;10,0;8,7;7,0;4,5;4,0;0,0;8,052795331466667;4,0;0,0;-0,23464633553333236;0
RA-339;2022;F;11,0;3;Pública;2,0;2,0;0,0;8,488;Topázio;6,9;9,9;7,5;;8,1;8,889;10,0;7,1;9,2;;3,0;0,0;7,377583333;3,0;0,0;-1,110416667;0
RA-339;2023;F;12,0;4;Pública;3,0;3,0;0,0;7,377583333;Ametista;0,0;8,9;7,52;7,8125;7,1;8,255;10,0;7,7;5,7;7,8;4,0;1,0;7,711540746133334;4,0;1,0;0,3339574131333345;0
RA-34;2022;M;17,0;6;Privada - Parceira;6,0;7,0;-1,0;6,259;Ágata;9,6;4,8;8,1;;3,8;7,278;5,0;4,7;4,0;2,8;4,0;0,0;;8,0;1,0;;0
RA-340;2022;M;11,0;5;Pública;2,0;2,0;0,0;7,721;Ametista;9,0;8,2;7,5;;6,5;7,667;10,0;6,0;7,0;;3,0;-1,0;7,059666667;2,0;-1,0;-0,661333333;1
RA-340;2023;M;12,0;6;Pública;2,0;3,0;-1,0;7,059666667;Ametista;0,0;9,6;2,52;9,166666667;8,9;8,505;5,0;9,0;8,7;;3,0;0,0;6,715437329466668;3,0;1,0;-0,3442293375333323;0
RA-342;2022;F;14,0;1;Pública;2,0;4,0;-2,0;6,941;Ágata;9,0;6,7;7,5;;6,6;7,5;5,0;5,5;7,7;;3,0;-2,0;7,539875;3,0;0,0;0,5988750000000005;0
RA-342;2023;F;15,0;2;Pública;3,0;5,0;-2,0;7,539875;Ametista;7,5;8,6;7,52;7,96875;6,6;8,505;5,0;6,3;7,8;5,7;4,0;-1,0;6,757026587266667;4,0;1,0;-0,7828484127333333;0
RA-343;2022;M;14,0;2;Pública;2,0;4,0;-2,0;6,9;Ágata;9,5;7,4;7,5;;5,9;7,167;5,0;4,2;7,7;;3,0;-2,0;6,779591667;3,0;0,0;-0,12040833300000031;0
RA-345;2022;M;13,0;1;Pública;2,0;3,0;-1,0;5,75;Quartzo;9,5;5,4;5,6;;3,6;6,667;5,0;1,3;5,8;;3,0;-1,0;6,534766667;3,0;0,0;0,7847666670000004;0
RA-346;2022;M;10,0;0;Pública;2,0;2,0;0,0;8,143;Topázio;10,0;9,1;7,5;;7,0;7,889;10,0;6,0;8,0;;3,0;1,0;7,305541667;3,0;1,0;-0,8374583330000007;0
RA-346;2023;M;11,0;1;Pública;3,0;2,0;1,0;7,305541667;Ametista;0,0;9,4;8,14;7,96875;6,2;7,84;10,0;6,7;5,5;6,5;4,0;0,0;7,761749603200001;3,0;-1,0;0,4562079362000011;0
RA-347;2022;F;12,0;3;Pública;2,0;3,0;-1,0;7,908;Ametista;9,0;10,0;5,6;;8,5;8,0;5,0;8,5;8,5;;3,0;0,0;7,61835;3,0;1,0;-0,28964999999999996;0
RA-347;2023;F;13,0;4;Pública;3,0;3,0;0,0;7,61835;Ametista;6,7;9,5;2,52;7,8125;7,3;7,7925;10,0;6,7;6,2;9,0;4,0;1,0;8,384742583733333;4,0;1,0;0,7663925837333325;0
RA-348;2022;M;12,0;0;Pública;2,0;3,0;-1,0;5,864;Quartzo;9,0;8,7;7,5;;1,8;5,833;5,0;0,5;3,0;;3,0;-1,0;6,817866667;2,0;0,0;0,9538666669999998;0
RA-35;2022;F;17,0;3;Privada - Parceira;6,0;7,0;-1,0;8,965;Topázio;10,0;9,6;9,4;;8,5;10,0;5,0;9,0;7,1;9,3;4,0;0,0;;8,0;1,0;;0
RA-35;2023;F;18,0;4;Privada - Bolsa 100%;8,0;8,0;0,0;;;;;;;;;10,0;;;;;0,0;;8,0;0,0;;0
RA-350;2022;F;11,0;0;Pública;2,0;2,0;0,0;8,206;Topázio;10,0;8,8;7,5;;6,5;8,611;10,0;7,0;6,0;;3,0;-1,0;7,972033333;2,0;-1,0;-0,2339666669999998;1
RA-352;2022;M;11,0;3;Pública;2,0;2,0;0,0;7,834;Ametista;9,0;8,1;5,6;;7,0;8,389;10,0;7,3;6,7;;3,0;0,0;7,840341667;3,0;0,0;0,006341667000000051;0
RA-352;2023;M;12,0;4;Pública;3,0;3,0;0,0;7,840341667;Ametista;9,2;8,1;6,26;7,96875;7,2;7,17;10,0;8,2;6,0;7,5;4,0;1,0;5,9794829346;4,0;1,0;-1,8608587323999997;0
RA-353;2022;F;11,0;0;Pública;2,0;2,0;0,0;8,264;Topázio;7,0;10,0;7,5;;7,5;8,444;10,0;8,0;7,0;;3,0;0,0;8,309016667;3,0;0,0;0,04501666700000051;0
RA-356;2022;M;12,0;3;Pública;2,0;3,0;-1,0;6,69;Ágata;10,0;8,4;5,0;;4,6;8,278;5,0;5,3;3,8;;3,0;0,0;6,452008333;3,0;1,0;-0,23799166700000018;0
RA-356;2023;M;13,0;4;Pública;3,0;3,0;0,0;6,452008333;Ágata;9,2;8,5;2,52;6,09375;3,4;6,5025;10,0;4,3;4,5;1,3;4,0;1,0;6,627336016533334;4,0;1,0;0,17532768353333417;0
RA-357;2022;M;12,0;0;Pública;2,0;3,0;-1,0;7,836;Ametista;8,0;9,6;7,5;;8,5;7,778;5,0;10,0;7,0;;3,0;-1,0;8,2832;2,0;0,0;0,4472000000000005;0
RA-357;2023;M;13,0;1;Pública;2,0;3,0;-1,0;8,2832;Topázio;8,5;9,6;7,52;8,75;8,7;8,23;5,0;8,7;8,7;;3,0;-1,0;7,731569404200001;3,0;0,0;-0,5516305957999998;0
RA-359;2022;F;12,0;3;Pública;2,0;3,0;-1,0;6,606;Ágata;9,0;7,0;7,5;;4,6;7,5;5,0;3,3;5,8;;3,0;0,0;7,627125;3,0;1,0;1,0211250000000005;0
RA-359;2023;F;13,0;4;Pública;3,0;3,0;0,0;7,627125;Ametista;9,6;9,2;2,52;7,65625;5,8;8,255;10,0;6,0;6,7;4,7;4,0;1,0;7,492006349133335;4,0;1,0;-0,13511865086666575;0
RA-36;2022;F;17,0;3;Privada - Parceira;6,0;7,0;-1,0;7,876;Ametista;9,2;9,0;6,9;;6,8;8,944;5,0;8,5;4,3;7,8;4,0;0,0;;8,0;1,0;;0
RA-36;2023;F;18,0;4;Privada - Bolsa 100%;8,0;8,0;0,0;;;;;;;;;10,0;;;;;0,0;;8,0;0,0;;0
RA-360;2022;F;12,0;3;Pública;2,0;3,0;-1,0;7,075;Ametista;9,5;8,5;7,5;;5,2;7,5;5,0;4,7;5,7;;3,0;0,0;5,790875;3,0;1,0;-1,2841250000000004;0
RA-360;2023;F;13,0;4;Pública;3,0;3,0;0,0;5,790875;Quartzo;0,0;7,3;2,52;7,34375;4,3;7,4225;10,0;5,3;4,8;2,8;4,0;-1,0;6,293175689166667;3,0;-1,0;0,5023006891666668;1
RA-362;2022;F;12,0;4;Pública;2,0;3,0;-1,0;7,413;Ametista;8,5;7,9;7,5;;7,9;7,5;5,0;6,5;9,3;;3,0;0,0;6,392625;3,0;1,0;-1,0203750000000005;0
RA-363;2022;M;12,0;0;Pública;2,0;3,0;-1,0;6,644;Ágata;10,0;10,0;6,9;;2,0;7,056;5,0;1,0;3,0;;3,0;-1,0;6,680833333;2,0;0,0;0,03683333299999969;0
RA-363;2023;M;13,0;1;Pública;2,0;3,0;-1,0;6,680833333;Ágata;0,0;9,9;2,52;8,541666667;6,8;8,673333333;5,0;6,8;6,8;;3,0;0,0;7,617803571466666;3,0;1,0;0,9369702384666665;0
RA-364;2022;M;11,0;3;Pública;2,0;2,0;0,0;8,75;Topázio;9,5;10,0;7,5;;8,8;8,167;10,0;9,5;8,0;;3,0;0,0;7,734891667;3,0;0,0;-1,0151083329999997;0
RA-364;2023;M;12,0;4;Pública;3,0;3,0;0,0;7,734891667;Ametista;8,8;9,0;6,89;7,03125;5,8;7,505;10,0;8,0;5,2;4,3;4,0;0,0;8,2697037582;3,0;0,0;0,5348120912000001;0
RA-365;2022;F;10,0;0;Pública;2,0;2,0;0,0;8,063;Topázio;8,0;10,0;5,0;;7,8;7,833;10,0;6,0;9,5;;3,0;0,0;8,6587;2,0;0,0;0,595699999999999;0
RA-365;2023;F;10,0;1;Pública;2,0;2,0;0,0;8,6587;Topázio;10,0;9,9;2,52;8,958333333;8,7;8,953333333;10,0;8,2;9,2;;3,0;1,0;8,526983333333334;3,0;1,0;-0,13171666666666582;0
RA-367;2022;F;12,0;4;Pública;2,0;3,0;-1,0;6,95;Ágata;8,5;7,4;6,3;;6,7;7,5;5,0;5,2;8,2;;3,0;0,0;7,38685;3,0;1,0;0,43684999999999974;0
RA-367;2023;F;12,0;5;Pública;3,0;3,0;0,0;7,38685;Ametista;8,8;8,7;2,52;7,8125;5,9;7,7925;10,0;7,0;5,5;5,2;4,0;1,0;7,209434085200001;4,0;1,0;-0,17741591479999919;0
RA-368;2022;M;13,0;4;Privada - Parceira;2,0;3,0;-1,0;6,969;Ágata;8,0;7,9;5,0;;7,3;7,5;5,0;5,5;9,0;;3,0;-1,0;5,796458333;3,0;0,0;-1,172541667;0
RA-368;2023;M;14,0;5;Pública;3,0;4,0;-1,0;5,796458333;Quartzo;0,0;7,7;2,52;7,03125;6,7;7,34;5,0;5,0;7,2;7,8;4,0;-1,0;6,782158333333333;3,0;0,0;0,9857000003333329;0
RA-369;2022;M;11,0;0;Pública;2,0;2,0;0,0;6,973;Ágata;9,0;6,9;7,5;;4,8;6,889;10,0;4,0;5,5;;3,0;-1,0;6,0197;2,0;-1,0;-0,9532999999999996;1
RA-369;2023;M;12,0;1;Pública;2,0;3,0;-1,0;6,0197;Ágata;10,0;4,1;5,0;8,541666667;4,0;7,726666667;5,0;5,0;3,0;;3,0;0,0;5,667282265;3,0;1,0;-0,3524177350000004;0
RA-373;2022;M;11,0;0;Pública;2,0;2,0;0,0;7,503;Ametista;6,4;9,5;5,0;;7,3;6,944;10,0;6,5;8,0;;3,0;-1,0;6,805;2,0;-1,0;-0,6980000000000004;1
RA-374;2022;F;12,0;1;Pública;2,0;3,0;-1,0;7,747;Ametista;9,0;9,8;7,5;;6,9;7,944;5,0;5,3;8,5;;3,0;0,0;7,533891667;3,0;1,0;-0,2131083330000001;0
RA-375;2022;M;11,0;3;Pública;2,0;2,0;0,0;7,831;Ametista;9,0;9,5;7,5;;5,4;7,667;10,0;3,3;7,5;;3,0;-1,0;7,070833333;2,0;-1,0;-0,760166667;1
RA-375;2023;M;12,0;4;Pública;2,0;3,0;-1,0;7,070833333;Ametista;0,0;9,9;5,0;8,541666667;7,9;8,283333333;5,0;6,8;9,0;;3,0;0,0;7,970034615400001;3,0;1,0;0,8992012824000009;0
RA-376;2022;F;12,0;3;Pública;2,0;3,0;-1,0;6,957;Ágata;9,0;9,0;7,5;;4,3;7,5;5,0;2,0;6,7;;3,0;-1,0;7,1392;2,0;0,0;0,18219999999999992;0
RA-376;2023;F;13,0;4;Pública;2,0;3,0;-1,0;7,1392;Ametista;8,5;9,6;2,52;7,916666667;5,9;8,226666667;5,0;4,3;7,5;;3,0;-1,0;5,896573588800001;3,0;0,0;-1,242626411199999;0
RA-377;2022;F;12,0;1;Pública;2,0;3,0;-1,0;6,743;Ágata;9,0;7,7;5,6;;6,2;6,833;5,0;4,3;8,0;;3,0;0,0;7,205041667;3,0;1,0;0,4620416669999994;0
RA-377;2023;F;13,0;2;Pública;3,0;3,0;0,0;7,205041667;Ametista;9,6;7,6;5,0;7,34375;4,8;7,6275;10,0;6,0;5,7;2,8;4,0;0,0;7,480115873000001;4,0;0,0;0,2750742060000011;0
RA-38;2022;F;17,0;5;Privada - Parceira;6,0;7,0;-1,0;8,523;Topázio;9,2;8,9;7,5;;8,6;9,833;5,0;9,0;7,0;9,7;4,0;0,0;8,835333333;7,0;1,0;0,31233333299999977;0
RA-38;2023;F;17,0;6;Privada - Apadrinhamento;7,0;7,0;0,0;8,835333333;Topázio;9,6;9,7;7,52;8,75;7,7;8,8825;10,0;8,2;8,8;6,0;4,0;0,0;;8,0;0,0;;0
RA-380;2022;M;13,0;5;Pública;2,0;3,0;-1,0;4,556;Quartzo;7,9;4,4;5,0;;2,5;4,833;5,0;2,3;2,7;;3,0;-1,0;4,912375;3,0;0,0;0,3563749999999999;0
RA-381;2022;M;13,0;4;Pública;2,0;3,0;-1,0;6,454;Ágata;9,0;8,3;6,9;;3,3;6,944;5,0;1,5;5,2;;3,0;-1,0;5,758041667;3,0;0,0;-0,6959583330000001;0
RA-381;2023;M;14,0;5;Pública;3,0;4,0;-1,0;5,758041667;Quartzo;0,0;8,4;6,89;7,34375;3,9;6,84;5,0;5,3;5,3;1,2;4,0;-2,0;5,940775;3,0;-1,0;0,18273333300000072;1
RA-382;2022;M;14,0;5;Pública;2,0;4,0;-2,0;6,777;Ágata;9,0;7,7;6,3;;5,4;7,333;5,0;4,0;6,8;;3,0;-2,0;6,223833333;3,0;0,0;-0,5531666670000002;0
RA-382;2023;M;15,0;6;Pública;3,0;5,0;-2,0;6,223833333;Ágata;0,0;9,4;6,26;7,5;5,2;7,1725;5,0;5,0;5,8;4,7;4,0;-1,0;5,805712280733333;4,0;1,0;-0,41812105226666674;0
RA-383;2022;M;11,0;3;Pública;2,0;2,0;0,0;8,4;Topázio;9,0;9,6;7,5;;8,1;7,778;10,0;8,0;8,2;;3,0;0,0;7,5408;3,0;0,0;-0,8592000000000004;0
RA-383;2023;M;12,0;4;Pública;3,0;3,0;0,0;7,5408;Ametista;9,2;8,8;3,14;7,5;6,5;7,5;10,0;6,3;6,2;7,0;4,0;1,0;8,036024386733335;4,0;1,0;0,4952243867333346;0
RA-384;2022;F;12,0;5;Pública;2,0;3,0;-1,0;7,558;Ametista;9,0;8,4;6,3;;8,1;8,0;5,0;8,0;8,2;;3,0;0,0;6,757958333;3,0;1,0;-0,8000416669999995;0
RA-384;2023;F;13,0;6;Pública;3,0;3,0;0,0;6,757958333;Ágata;0,0;9,1;2,52;7,65625;7,3;7,335;10,0;6,3;7,2;8,3;4,0;0,0;8,072200721466668;4,0;0,0;1,3142423884666679;0
RA-386;2022;M;13,0;3;Pública;2,0;3,0;-1,0;6,104;Ágata;10,0;5,9;5,6;;4,0;7,222;5,0;3,7;4,3;;3,0;-1,0;5,758425;3,0;0,0;-0,3455750000000002;0
RA-387;2022;M;13,0;3;Pública;2,0;3,0;-1,0;6,323;Ágata;7,0;8,2;7,5;;3,7;6,833;5,0;1,3;6,0;;3,0;-1,0;4,794333333;3,0;0,0;-1,5286666670000004;0
RA-387;2023;M;14,0;4;Pública;3,0;4,0;-1,0;4,794333333;Quartzo;0,0;6,8;2,52;6,875;3,0;7,0075;5,0;4,3;2,8;1,8;4,0;-1,0;6,125500000000001;3,0;0,0;1,3311666670000006;0
RA-388;2022;F;14,0;3;Pública;2,0;4,0;-2,0;6,654;Ágata;7,9;8,5;5,6;;4,5;7,722;5,0;3,5;5,5;;3,0;-2,0;5,630833333;3,0;0,0;-1,023166667;0
RA-388;2023;F;15,0;4;Pública;3,0;5,0;-2,0;5,630833333;Quartzo;0,0;7,4;5,63;6,875;4,2;7,835;5,0;6,0;4,3;2,2;4,0;-1,0;5,965307936466667;4,0;1,0;0,334474603466667;0
RA-389;2022;M;11,0;3;Pública;2,0;2,0;0,0;7,184;Ametista;8,0;8,9;7,5;;3,5;7,556;10,0;2,0;5,0;;3,0;-1,0;6,687;2,0;-1,0;-0,4969999999999999;1
RA-389;2023;M;12,0;4;Pública;2,0;3,0;-1,0;6,687;Ágata;0,0;8,2;2,52;8,75;8,2;8,95;5,0;6,8;9,5;;3,0;0,0;7,2079551282;3,0;1,0;0,5209551281999998;0
RA-39;2022;F;16,0;5;Privada - Parceira;6,0;6,0;0,0;6,033;Ágata;0,0;4,8;6,9;;6,9;6,111;10,0;7,7;5,1;7,8;4,0;0,0;8,710333333;7,0;0,0;2,677333332999999;0
RA-39;2023;F;17,0;6;Privada - Apadrinhamento;7,0;7,0;0,0;8,710333333;Topázio;9,6;9,1;7,52;8,75;7,8;8,7575;10,0;8,3;7,8;7,2;4,0;0,0;;8,0;0,0;;0
RA-390;2022;F;12,0;0;Pública;2,0;3,0;-1,0;6,776;Ágata;7,4;8,8;6,3;;4,7;7,722;5,0;4,0;5,3;;3,0;0,0;6,905741667;3,0;1,0;0,12974166700000023;0
RA-390;2023;F;12,0;1;Pública;3,0;3,0;0,0;6,905741667;Ágata;7,9;8,8;2,52;7,34375;4,8;7,005;10,0;5,7;5,8;3,0;4,0;0,0;6,5472236842;3,0;0,0;-0,35851798280000047;0
RA-391;2022;F;12,0;0;Pública;2,0;3,0;-1,0;7,117;Ametista;10,0;8,1;7,5;;5,1;8,056;5,0;5,0;5,2;;3,0;0,0;6,5107;3,0;1,0;-0,6063000000000001;0
RA-392;2022;M;14,0;0;Pública;2,0;4,0;-2,0;6,418;Ágata;9,5;8,8;5,6;;4,8;6,778;5,0;3,7;5,8;;3,0;-2,0;6,567208333;3,0;0,0;0,1492083329999998;0
RA-392;2023;M;15,0;1;Pública;3,0;5,0;-2,0;6,567208333;Ágata;9,6;9,5;2,52;6,09375;4,6;7,17;5,0;6,2;4,7;2,8;4,0;-1,0;4,3639463364;4,0;1,0;-2,2032619966;0
RA-395;2022;F;11,0;4;Pública;2,0;2,0;0,0;7,683;Ametista;9,0;8,9;7,5;;4,9;8,333;10,0;4,2;5,7;;3,0;0,0;7,469175;3,0;0,0;-0,21382499999999993;0
RA-395;2023;F;12,0;5;Pública;3,0;3,0;0,0;7,469175;Ametista;9,2;8,6;2,52;7,96875;6,0;7,9175;10,0;6,7;5,3;6,0;4,0;1,0;7,169905291000001;4,0;1,0;-0,29926970899999894;0
RA-397;2022;F;14,0;5;Pública;2,0;4,0;-2,0;5,852;Quartzo;9,0;5,7;6,9;;2,8;7,167;5,0;3,3;2,3;;3,0;-1,0;6,207083333;4,0;1,0;0,3550833329999996;0
RA-397;2023;F;15,0;6;Pública;4,0;5,0;-1,0;6,207083333;Ágata;7,5;7,9;2,52;7,1875;4,6;7,465;5,0;6,7;5,0;2,0;4,0;-2,0;6,807291921866668;4,0;-1,0;0,6002085888666677;1
RA-398;2022;F;10,0;0;Pública;2,0;2,0;0,0;7,742;Ametista;9,0;9,3;7,5;;5,5;7,5;10,0;3,0;8,0;;3,0;1,0;7,153766667;3,0;1,0;-0,5882333329999998;0
RA-398;2023;F;11,0;1;Pública;3,0;2,0;1,0;7,153766667;Ametista;6,7;8,1;2,52;7,5;6,5;7,7925;10,0;9,3;5,8;4,5;4,0;0,0;7,2457999999666685;3,0;-1,0;0,09203333296666827;0
RA-399;2022;F;12,0;0;Pública;2,0;3,0;-1,0;6,58;Ágata;6,8;9,3;5,6;;4,3;7,5;5,0;3,0;5,5;;3,0;0,0;7,000033333;3,0;1,0;0,4200333330000001;0
RA-40;2022;F;16,0;6;Privada - Parceira;5,0;6,0;-1,0;7,203;Ametista;7,9;7,8;7,5;;6,8;7,75;5,0;4,7;7,3;8,4;3,0;-1,0;7,169975;6,0;0,0;-0,033025000000000304;0
RA-40;2023;F;17,0;7;Privada - Apadrinhamento;6,0;7,0;-1,0;7,169975;Ametista;7,5;8,2;7,52;7,96875;5,9;7,755;5,0;6,2;5,7;5,8;4,0;0,0;7,098051462066667;7,0;1,0;-0,07192353793333339;0
RA-400;2022;M;14,0;4;Pública;2,0;4,0;-2,0;6,042;Ágata;9,0;8,5;5,0;;1,7;7,444;5,0;1,2;2,2;;3,0;-1,0;6,529425;3,0;1,0;0,487425;0
RA-401;2022;F;12,0;1;Pública;2,0;3,0;-1,0;6,645;Ágata;6,9;9,6;7,5;;4,3;6,722;5,0;3,7;5,0;;3,0;-1,0;6,363666667;2,0;0,0;-0,2813333329999992;0
RA-401;2023;F;12,0;2;Pública;2,0;3,0;-1,0;6,363666667;Ágata;4,0;8,1;2,52;7,083333333;7,3;7,116666667;5,0;6,3;8,3;;3,0;0,0;6,728911403533334;3,0;1,0;0,36524473653333356;0
RA-402;2022;F;12,0;3;Pública;2,0;3,0;-1,0;5,261;Quartzo;9,0;3,7;5,0;;3,0;7,222;5,0;4,3;1,7;;3,0;0,0;6,632716667;3,0;1,0;1,3717166670000003;0
RA-402;2023;F;13,0;4;Pública;3,0;3,0;0,0;6,632716667;Ágata;9,2;7,3;2,52;7,8125;4,2;6,88;10,0;4,7;4,0;4,0;4,0;0,0;5,683064814833333;4,0;0,0;-0,9496518521666673;0
RA-403;2022;M;12,0;2;Pública;2,0;3,0;-1,0;7,455;Ametista;9,5;9,3;7,5;;6,3;7,5;5,0;6,5;6,2;;3,0;-1,0;7,716366667;2,0;0,0;0,2613666669999999;0
RA-403;2023;M;13,0;3;Pública;2,0;3,0;-1,0;7,716366667;Ametista;8,5;8,8;6,27;7,291666667;7,8;8,45;5,0;6,8;8,8;;3,0;0,0;8,008488888833334;3,0;1,0;0,2921222218333339;0
RA-404;2022;F;12,0;2;Pública;2,0;3,0;-1,0;6,658;Ágata;9,0;7,3;7,5;;5,3;6,944;5,0;4,0;6,5;;3,0;-1,0;6,7093;2,0;0,0;0,05129999999999946;0
RA-404;2023;F;13,0;3;Pública;2,0;3,0;-1,0;6,7093;Ágata;7,9;8,3;5,02;6,875;6,0;6,89;5,0;4,7;7,2;;3,0;0,0;6,624588235266668;3,0;1,0;-0,0847117647333322;0
RA-407;2022;M;13,0;0;Pública;2,0;3,0;-1,0;7,195;Ametista;8,5;9,3;7,5;;6,0;7,056;5,0;4,0;8,0;;3,0;-1,0;7,665083333;3,0;0,0;0,4700833329999998;0
RA-407;2023;M;14,0;1;Pública;3,0;4,0;-1,0;7,665083333;Ametista;9,6;8,6;7,52;7,8125;7,3;7,5;5,0;7,3;7,2;7,3;4,0;0,0;7,0875128168;4,0;1,0;-0,5775705161999998;0
RA-408;2022;F;12,0;0;Pública;2,0;3,0;-1,0;6,725;Ágata;8,0;9,7;7,5;;3,3;7,333;5,0;1,0;5,5;;3,0;-1,0;7,242133333;2,0;0,0;0,5171333330000003;0
RA-408;2023;F;13,0;1;Pública;2,0;3,0;-1,0;7,242133333;Ametista;7,9;8,5;3,77;8,333333333;6,8;8,45;5,0;6,0;7,5;;3,0;0,0;6,5276296297;3,0;1,0;-0,7145037033000001;0
RA-409;2022;F;11,0;0;Pública;2,0;2,0;0,0;8,15;Topázio;7,9;9,7;7,5;;7,8;7,5;10,0;6,0;9,5;;3,0;-1,0;7,621466667;2,0;-1,0;-0,5285333330000004;1
RA-409;2023;F;12,0;1;Pública;2,0;3,0;-1,0;7,621466667;Ametista;8,4;9,5;2,52;7,916666667;8,0;8,73;5,0;6,2;9,7;;3,0;0,0;8,225462962900002;3,0;1,0;0,6039962959000018;0
RA-410;2022;M;14,0;4;Pública;2,0;4,0;-2,0;5,675;Quartzo;7,4;6,5;6,3;;2,0;7,444;5,0;2,0;2,0;;3,0;-1,0;6,140808333;3,0;1,0;0,465808333;0
RA-411;2022;F;12,0;3;Pública;2,0;3,0;-1,0;7,232;Ametista;6,4;8,6;7,5;;7,1;7,833;5,0;6,7;7,5;;3,0;0,0;7,779983333;3,0;1,0;0,5479833329999995;0
RA-411;2023;F;13,0;4;Privada;3,0;3,0;0,0;7,779983333;Ametista;6,2;9,0;7,52;7,8125;6,6;7,5425;10,0;5,7;6,7;7,3;4,0;0,0;7,279762962966667;4,0;0,0;-0,5002203700333325;0
RA-412;2022;F;12,0;4;Pública;2,0;3,0;-1,0;7,556;Ametista;8,5;9,0;7,5;;7,3;7,778;5,0;6,5;8,2;;3,0;0,0;7,373891667;3,0;1,0;-0,1821083330000004;0
RA-412;2023;F;13,0;5;Pública;3,0;3,0;0,0;7,373891667;Ametista;8,8;8,9;2,52;7,03125;6,2;7,585;10,0;5,8;5,2;7,7;4,0;0,0;8,044378070166667;4,0;0,0;0,6704864031666675;0
RA-413;2022;F;12,0;0;Pública;2,0;3,0;-1,0;6,408;Ágata;6,4;8,7;5,6;;4,7;7,056;5,0;4,2;5,2;;3,0;-1,0;6,803633333;2,0;0,0;0,39563333299999925;0
RA-414;2022;F;12,0;1;Pública;2,0;3,0;-1,0;7,284;Ametista;8,0;9,3;7,5;;5,9;7,667;5,0;5,7;6,2;;3,0;0,0;7,25025;3,0;1,0;-0,0337499999999995;0
RA-414;2023;F;13,0;2;Pública;3,0;3,0;0,0;7,25025;Ametista;0,0;9,5;7,52;7,8125;6,5;7,585;10,0;6,0;7,0;6,5;4,0;0,0;7,187625925933334;3,0;0,0;-0,06262407406666615;0
RA-415;2022;F;11,0;3;Pública;2,0;2,0;0,0;7,695;Ametista;8,0;8,3;7,5;;6,2;8,056;10,0;4,8;7,5;;3,0;0,0;7,18805;3,0;0,0;-0,5069500000000007;0
RA-416;2022;M;12,0;4;Privada - Parceira;2,0;3,0;-1,0;7,913;Ametista;9,5;9,3;8,8;;7,2;8,222;5,0;6,7;7,7;;3,0;0,0;8,144425;3,0;1,0;0,23142499999999977;0
RA-416;2023;M;13,0;5;Privada - Apadrinhamento;3,0;3,0;0,0;8,144425;Topázio;9,2;9,8;2,52;8,28125;7,6;8,3375;10,0;7,0;7,0;8,8;4,0;1,0;8,700808577033333;4,0;1,0;0,5563835770333334;0
RA-417;2022;F;13,0;0;Pública;2,0;3,0;-1,0;8,428;Topázio;10,0;10,0;7,5;;8,0;9,556;5,0;6,0;10,0;;3,0;0,0;8,257658333;3,0;1,0;-0,17034166700000064;0
RA-417;2023;F;13,0;1;Pública;3,0;3,0;0,0;8,257658333;Topázio;5,4;9,7;7,52;8,28125;7,8;8,2125;10,0;6,7;8,3;8,3;4,0;0,0;8,533628557533333;4,0;0,0;0,2759702245333333;0
RA-418;2022;F;10,0;2;Privada - Parceira;2,0;2,0;0,0;8,175;Topázio;8,0;9,4;7,5;;7,5;8,222;10,0;6,5;8,5;;3,0;1,0;8,1686;3,0;1,0;-0,0064000000000010715;0
RA-418;2023;F;11,0;3;Privada - Apadrinhamento;3,0;2,0;1,0;8,1686;Topázio;8,8;10,0;2,52;8,125;8,1;8,045;10,0;6,7;8,3;9,3;4,0;1,0;9,125183333366667;4,0;0,0;0,9565833333666678;0
RA-419;2022;F;12,0;3;Privada - Parceira;2,0;3,0;-1,0;7,359;Ametista;7,5;9,2;5,6;;6,9;8,389;5,0;5,3;8,5;;3,0;0,0;7,7261;3,0;1,0;0,36709999999999976;0
RA-419;2023;F;13,0;4;Privada - Apadrinhamento;3,0;3,0;0,0;7,7261;Ametista;6,7;9,5;2,52;8,125;7,6;7,875;10,0;7,0;7,3;8,5;4,0;1,0;8,355707894766669;4,0;1,0;0,6296078947666688;0
RA-42;2022;M;15,0;3;Privada - Parceira;5,0;5,0;0,0;6,72;Ágata;8,3;7,9;5,6;;4,8;6,083;10,0;3,7;4,5;6,2;3,0;-1,0;6,794516667;5,0;-1,0;0,07451666700000015;1
RA-42;2023;M;16,0;4;Privada - Apadrinhamento;5,0;6,0;-1,0;6,794516667;Ágata;8,8;8,6;5,63;6,5625;5,7;6,6675;5,0;6,3;4,2;6,7;4,0;-1,0;7,656628769866667;6,0;0,0;0,862112102866667;0
RA-420;2022;F;11,0;3;Privada - Parceira;2,0;2,0;0,0;7,461;Ametista;9,5;9,0;5,6;;4,5;8,0;10,0;1,3;7,7;;3,0;0,0;7,356358333;3,0;0,0;-0,1046416670000001;0
RA-420;2023;F;12,0;4;Privada - Apadrinhamento;3,0;3,0;0,0;7,356358333;Ametista;8,3;9,3;2,52;7,65625;5,3;7,96;10,0;5,7;5,8;4,3;4,0;1,0;7,544228947400001;4,0;1,0;0,1878706144000004;0
RA-421;2022;M;11,0;1;Pública;2,0;2,0;0,0;8,717;Topázio;8,5;9,3;7,5;;8,8;9,111;10,0;9,2;8,5;;3,0;0,0;8,030716667;3,0;0,0;-0,6862833330000004;0
RA-421;2023;M;12,0;2;Pública;3,0;3,0;0,0;8,030716667;Topázio;9,2;9,9;2,52;7,8125;7,3;8,17;10,0;8,0;6,2;7,8;4,0;1,0;8,488232329;4,0;1,0;0,4575156620000005;0
RA-422;2022;M;12,0;0;Pública;2,0;3,0;-1,0;6,746;Ágata;8,5;10,0;7,5;;2,5;7,5;5,0;1,0;4,0;;3,0;-1,0;5,57;2,0;0,0;-1,1760000000000002;0
RA-422;2023;M;13,0;1;Pública;2,0;3,0;-1,0;5,57;Quartzo;0,0;7,8;7,52;6,666666667;4,4;6,106666667;5,0;3,0;5,7;;3,0;-1,0;5,544981481433334;3,0;0,0;-0,02501851856666626;0
RA-423;2022;F;12,0;0;Pública;2,0;3,0;-1,0;6,647;Ágata;8,4;9,6;7,5;;2,3;7,667;5,0;0,5;4,0;;3,0;-1,0;6,607533333;2,0;0,0;-0,03946666700000012;0
RA-423;2023;F;13,0;1;Pública;2,0;3,0;-1,0;6,607533333;Ágata;8,0;8,7;6,89;7,083333333;3,4;7,45;5,0;2,3;4,5;;3,0;0,0;6,616193704866666;3,0;1,0;0,008660371866666239;0
RA-424;2022;F;12,0;0;Pública;2,0;3,0;-1,0;7,94;Ametista;9,0;10,0;7,5;;7,5;8,222;5,0;10,0;5,0;;3,0;0,0;7,72685;3,0;1,0;-0,21315000000000062;0
RA-424;2023;F;13,0;1;Pública;3,0;3,0;0,0;7,72685;Ametista;8,8;9,9;2,52;7,8125;6,4;7,7925;10,0;5,0;6,7;7,5;4,0;0,0;7,341187280733334;4,0;0,0;-0,38566271926666573;0
RA-425;2022;M;12,0;0;Pública;2,0;3,0;-1,0;8,117;Topázio;9,0;10,0;7,5;;9,0;7,5;5,0;9,0;9,0;;3,0;0,0;8,10555;3,0;1,0;-0,011450000000001737;0
RA-425;2023;M;13,0;1;Pública;3,0;3,0;0,0;8,10555;Topázio;9,2;9,9;2,52;7,8125;7,5;8,3775;10,0;6,7;7,3;8,5;4,0;0,0;9,0166166667;4,0;0,0;0,9110666667;0
RA-426;2022;F;14,0;0;Pública;2,0;4,0;-2,0;6,35;Ágata;9,0;6,5;7,5;;4,6;7,111;5,0;2,3;6,8;;3,0;-1,0;6,329158333;3,0;1,0;-0,020841667000000008;0
RA-426;2023;F;14,0;1;Pública;3,0;4,0;-1,0;6,329158333;Ágata;5,4;7,6;5,0;7,65625;5,0;7,5425;5,0;4,7;5,2;5,0;4,0;-1,0;6,6430030186;4,0;0,0;0,31384468560000034;0
RA-428;2022;M;13,0;0;Pública;2,0;3,0;-1,0;7,683;Ametista;6,8;8,7;7,5;;9,5;7,111;5,0;10,0;9,0;;3,0;0,0;7,821816667;3,0;1,0;0,1388166670000004;0
RA-428;2023;M;13,0;1;Pública;3,0;3,0;0,0;7,821816667;Ametista;8,3;9,5;2,52;7,8125;7,2;8,0425;10,0;9,3;4,7;7,7;4,0;0,0;7,534949122800001;4,0;0,0;-0,2868675441999988;0
RA-43;2022;F;16,0;3;Pública;5,0;6,0;-1,0;5,486;Quartzo;6,3;6,5;5,6;;4,3;5,958;5,0;4,0;5,8;3,2;3,0;-1,0;6,4622;6,0;0,0;0,9762000000000004;0
RA-430;2022;M;13,0;0;Pública;2,0;3,0;-1,0;7,585;Ametista;9,5;8,6;7,5;;8,5;6,611;5,0;7,5;9,5;;3,0;-1,0;7,146716667;3,0;0,0;-0,4382833330000002;0
RA-432;2022;F;14,0;3;Pública;2,0;4,0;-2,0;6,34;Ágata;10,0;6,8;5,0;;5,1;6,611;5,0;5,7;4,5;;3,0;-2,0;6,850183333;3,0;0,0;0,5101833330000005;0
RA-432;2023;F;15,0;4;Pública;3,0;5,0;-2,0;6,850183333;Ágata;8,8;9,0;2,52;7,8125;5,2;8,0425;5,0;5,0;6,3;4,2;4,0;-1,0;7,167975;4,0;1,0;0,31779166699999983;0
RA-433;2022;M;12,0;0;Pública;2,0;3,0;-1,0;5,557;Quartzo;8,5;7,3;5,0;;2,6;5,778;5,0;2,2;3,0;;3,0;-1,0;6,5982;2,0;0,0;1,0412;0
RA-433;2023;M;13,0;1;Pública;2,0;3,0;-1,0;6,5982;Ágata;8,5;7,2;7,52;5,833333333;4,8;7,613333333;5,0;1,8;7,7;;3,0;0,0;7,218157142866668;3,0;1,0;0,6199571428666681;0
RA-434;2022;M;11,0;0;Pública;2,0;2,0;0,0;7,403;Ametista;9,0;8,1;7,5;;5,7;6,778;10,0;4,8;6,5;;3,0;-1,0;7,069766667;2,0;-1,0;-0,3332333329999999;1
RA-434;2023;M;12,0;1;Pública;2,0;3,0;-1,0;7,069766667;Ametista;6,3;8,0;7,52;7,5;6,6;7,613333333;5,0;5,2;8,0;;3,0;0,0;6,610947619100001;3,0;1,0;-0,4588190478999987;0
RA-436;2022;M;11,0;0;Pública;2,0;2,0;0,0;6,687;Ágata;9,5;8,1;7,5;;2,0;6,611;10,0;4,0;0,0;;3,0;-1,0;5,322366667;2,0;-1,0;-1,3646333330000004;1
RA-437;2022;M;13,0;0;Pública;2,0;3,0;-1,0;6,875;Ágata;8,5;8,3;7,5;;5,8;6,611;5,0;6,0;5,5;;3,0;-2,0;6,947366667;2,0;-1,0;0,07236666699999983;1
RA-438;2022;M;10,0;0;Pública;2,0;2,0;0,0;7,764;Ametista;8,0;8,7;7,5;;7,3;6,889;10,0;6,5;8,0;;3,0;0,0;6,9883;2,0;0,0;-0,7757000000000005;0
RA-438;2023;M;11,0;1;Pública;2,0;2,0;0,0;6,9883;Ágata;6,9;7,5;6,26;6,458333333;5,4;7,223333333;10,0;3,5;7,3;;3,0;-1,0;7,930283695700001;2,0;-1,0;0,9419836957000012;1
RA-44;2022;F;17,0;1;Pública;5,0;7,0;-2,0;5,542;Quartzo;5,0;5,9;7,5;;3,0;7,292;5,0;2,3;3,5;3,2;3,0;-2,0;6,258333333;6,0;0,0;0,7163333330000006;0
RA-440;2022;M;11,0;0;Pública;2,0;2,0;0,0;7,329;Ametista;9,5;9,0;6,9;;5,5;5,833;10,0;6,0;5,0;;3,0;0,0;6,989208333;3,0;0,0;-0,3397916670000001;0
RA-442;2022;F;11,0;0;Pública;2,0;2,0;0,0;8,226;Topázio;10,0;8,2;7,5;;7,5;8,222;10,0;9,0;6,0;;3,0;0,0;6,814166667;3,0;0,0;-1,4118333330000006;0
RA-442;2023;F;12,0;1;Pública;3,0;3,0;0,0;6,814166667;Ágata;0,0;7,6;7,52;7,5;5,8;8,1275;10,0;6,7;6,5;4,3;4,0;1,0;6,905439215666667;4,0;1,0;0,09127254866666679;0
RA-443;2022;F;13,0;3;Pública;2,0;3,0;-1,0;7,482;Ametista;9,0;9,1;7,5;;5,6;8,5;5,0;8,0;3,2;;3,0;-1,0;6,895508333;3,0;0,0;-0,5864916669999998;0
RA-444;2022;M;11,0;4;Pública;2,0;2,0;0,0;6,665;Ágata;9,0;7,2;5,0;;3,1;7,778;10,0;1,5;4,7;;3,0;1,0;5,958791667;3,0;1,0;-0,7062083330000002;0
RA-444;2023;M;11,0;5;Pública;3,0;2,0;1,0;5,958791667;Quartzo;0,0;7,9;5,0;6,40625;4,7;6,4575;10,0;4,7;5,8;3,7;4,0;-1,0;5,410188638266668;3,0;-2,0;-0,5486030287333321;1
RA-445;2022;M;12,0;0;Pública;2,0;3,0;-1,0;6,924;Ágata;9,0;9,4;7,5;;3,8;7,5;5,0;0,0;7,5;;3,0;-1,0;7,9087;2,0;0,0;0,9846999999999992;0
RA-445;2023;M;13,0;1;Pública;2,0;3,0;-1,0;7,9087;Ametista;8,0;8,8;6,89;8,541666667;8,4;8,176666667;5,0;7,7;9,0;;3,0;0,0;7,3416246032;3,0;1,0;-0,5670753968;0
RA-449;2022;F;12,0;0;Pública;2,0;3,0;-1,0;6,143;Ágata;0,0;6,0;7,5;;7,0;8,111;5,0;6,0;8,0;;3,0;0,0;7,396508333;3,0;1,0;1,253508333;0
RA-45;2022;F;15,0;3;Privada - Parceira;5,0;5,0;0,0;7,591;Ametista;7,9;8,9;5,6;;6,8;7,417;10,0;6,3;5,2;8,8;3,0;0,0;8,303591667;6,0;0,0;0,712591666999999;0
RA-45;2023;F;16,0;4;Privada - Apadrinhamento;6,0;6,0;0,0;8,303591667;Topázio;7,1;9,6;6,26;8,28125;7,9;8,1725;10,0;7,8;6,3;9,7;4,0;0,0;8,743476190400001;7,0;0,0;0,4398845234000017;0
RA-450;2022;M;13,0;1;Pública;2,0;3,0;-1,0;7,843;Ametista;10,0;9,1;7,5;;7,5;8,111;5,0;6,8;8,2;;3,0;-1,0;6,819625;3,0;0,0;-1,0233749999999997;0
RA-450;2023;M;14,0;2;Pública;3,0;4,0;-1,0;6,819625;Ágata;9,6;8,4;2,52;7,65625;5,4;7,9175;5,0;7,0;6,5;2,7;4,0;-1,0;7,526188206666666;4,0;0,0;0,706563206666666;0
RA-451;2022;F;13,0;3;Pública;2,0;3,0;-1,0;6,434;Ágata;9,0;6,0;6,3;;6,1;6,889;5,0;3,1;9,2;;3,0;-2,0;8,386033333;2,0;-1,0;1,9520333330000001;1
RA-454;2022;M;14,0;4;Pública;2,0;4,0;-2,0;5,561;Quartzo;9,5;8,6;5,0;;2,3;5,444;5,0;0,0;4,7;;3,0;-2,0;4,603416667;3,0;0,0;-0,9575833329999996;0
RA-454;2023;M;15,0;5;Pública;3,0;5,0;-2,0;4,603416667;Quartzo;0,0;7,5;5,0;4,6875;2,6;5,54;5,0;4,2;1,2;2,5;4,0;-2,0;5,852294346966668;4,0;0,0;1,248877679966668;0
RA-456;2022;F;12,0;0;Pública;2,0;3,0;-1,0;7,193;Ametista;6,4;8,2;6,3;;7,3;8,389;5,0;6,0;8,7;;3,0;-1,0;7,518;2,0;0,0;0,3250000000000002;0
RA-456;2023;F;12,0;1;Pública;2,0;3,0;-1,0;7,518;Ametista;0,0;8,3;4,39;9,583333333;9,9;9,953333333;5,0;9,7;10,0;;3,0;0,0;8,331124561366668;3,0;1,0;0,813124561366668;0
RA-457;2022;F;12,0;0;Pública;2,0;3,0;-1,0;7,68;Ametista;8,0;8,8;7,5;;8,5;7,667;5,0;7,0;10,0;;3,0;0,0;8,256833333;3,0;1,0;0,5768333329999997;0
RA-457;2023;F;13,0;1;Pública;3,0;3,0;0,0;8,256833333;Topázio;7,5;8,6;7,52;8,125;8,1;8,045;10,0;6,7;8,5;9,0;4,0;1,0;8,5892756038;4,0;1,0;0,33244227080000144;0
RA-458;2022;M;13,0;3;Pública;2,0;3,0;-1,0;6,512;Ágata;8,0;7,7;7,5;;5,6;5,833;5,0;4,7;6,5;;3,0;-1,0;6,312083333;3,0;0,0;-0,19991666699999922;0
RA-458;2023;M;14,0;4;Pública;3,0;4,0;-1,0;6,312083333;Ágata;9,6;6,9;7,52;7,1875;3,8;6,2475;5,0;4,3;4,8;2,2;4,0;-1,0;5,680161507933333;3,0;0,0;-0,6319218250666676;0
RA-459;2022;M;12,0;3;Pública;2,0;3,0;-1,0;7,28;Ametista;7,0;9,1;8,1;;7,3;7,222;5,0;5,3;9,2;;3,0;0,0;8,240016667;3,0;1,0;0,9600166670000005;0
RA-459;2023;M;13,0;4;Pública;3,0;3,0;0,0;8,240016667;Topázio;6,7;9,3;7,52;7,1875;8,3;7,88;10,0;8,3;9,2;7,5;4,0;0,0;7,233804589400001;4,0;0,0;-1,0062120775999999;0
RA-46;2022;F;17,0;0;Pública;5,0;7,0;-2,0;6,048;Ágata;8,8;8,4;6,3;;2,1;7,083;5,0;2,8;2,8;0,7;3,0;-3,0;5,545383333;5,0;-1,0;-0,5026166669999999;1
RA-461;2022;F;12,0;4;Pública;2,0;3,0;-1,0;5,451;Quartzo;0,0;6,7;7,5;;3,8;7,222;5,0;1,5;6,2;;3,0;-1,0;7,2379;2,0;0,0;1,7869000000000002;0
RA-461;2023;F;12,0;5;Pública;2,0;3,0;-1,0;7,2379;Ametista;7,3;7,9;3,77;8,541666667;7,4;8,616666667;5,0;5,7;9,0;;3,0;0,0;7,5447559291;3,0;1,0;0,30685592910000015;0
RA-462;2022;M;14,0;0;Pública;2,0;4,0;-2,0;6,626;Ágata;10,0;8,5;7,5;;3,6;6,778;5,0;2,0;5,2;;3,0;-2,0;6,2267;3,0;0,0;-0,3993000000000002;0
RA-463;2022;F;12,0;2;Pública;2,0;3,0;-1,0;6,41;Ágata;10,0;7,8;7,5;;2,5;7,389;5,0;2,0;3,0;;3,0;0,0;6,382383333;3,0;1,0;-0,027616667000000206;0
RA-464;2022;F;13,0;0;Pública;2,0;3,0;-1,0;6,745;Ágata;7,5;8,0;7,5;;4,8;7,722;5,0;2,7;7,0;;3,0;-1,0;6,081675;3,0;0,0;-0,6633250000000004;0
RA-464;2023;F;14,0;1;Pública;3,0;4,0;-1,0;6,081675;Ágata;9,2;7,7;2,52;7,96875;3,0;7,38;5,0;4,8;3,7;0,5;4,0;-1,0;6,872009064333334;3,0;0,0;0,7903340643333339;0
RA-465;2022;M;11,0;3;Pública;2,0;2,0;0,0;8,012;Ametista;8,0;7,9;7,5;;7,8;8,444;10,0;9,3;6,3;;3,0;0,0;8,012875;3,0;0,0;0,0008749999999988489;0
RA-466;2022;M;13,0;0;Pública;2,0;3,0;-1,0;6,826;Ágata;8,5;9,7;7,5;;3,3;7,556;5,0;0,5;6,0;;3,0;-2,0;6,595533333;2,0;-1,0;-0,23046666699999996;1
RA-466;2023;M;14,0;1;Pública;2,0;4,0;-2,0;6,595533333;Ágata;9,5;7,6;6,89;6,25;4,5;7,056666667;5,0;2,5;6,5;;3,0;-1,0;6,778749122800001;3,0;1,0;0,18321578980000108;0
RA-467;2022;F;13,0;0;Pública;2,0;3,0;-1,0;6,38;Ágata;5,8;8,4;5,0;;5,5;7,111;5,0;5,0;6,0;;3,0;-1,0;6,552916667;3,0;0,0;0,17291666699999997;0
RA-467;2023;F;14,0;1;Pública;3,0;4,0;-1,0;6,552916667;Ágata;6,3;9,2;3,14;7,1875;5,2;7,5425;5,0;6,0;6,0;3,7;4,0;0,0;7,729811842133333;4,0;1,0;1,1768951751333327;0
RA-468;2022;M;13,0;0;Pública;2,0;3,0;-1,0;6,313;Ágata;9,5;6,7;7,5;;4,1;6,722;5,0;4,5;3,7;;3,0;-1,0;5,911108333;3,0;0,0;-0,4018916670000001;0
RA-469;2022;F;11,0;0;Pública;2,0;2,0;0,0;7,624;Ametista;9,0;9,6;5,0;;5,7;7,833;10,0;6,2;5,2;;3,0;-1,0;7,482533333;2,0;-1,0;-0,14146666699999955;1
RA-469;2023;F;12,0;1;Pública;2,0;3,0;-1,0;7,482533333;Ametista;7,5;9,3;2,52;7,916666667;7,8;8,843333333;5,0;6,8;8,8;;3,0;0,0;7,684639869300001;3,0;1,0;0,20210653630000053;0
RA-470;2022;F;13,0;3;Pública;2,0;3,0;-1,0;7,378;Ametista;8,0;9,7;7,5;;6,3;7,5;5,0;5,3;7,3;;3,0;-1,0;6,993766667;3,0;0,0;-0,38423333300000007;0
RA-470;2023;F;14,0;4;Pública;3,0;4,0;-1,0;6,993766667;Ágata;8,8;9,2;5,0;7,5;4,9;7,71;5,0;6,0;4,3;4,5;4,0;0,0;6,981130848;4,0;1,0;-0,01263581899999977;0
RA-471;2022;F;13,0;2;Pública;2,0;3,0;-1,0;6,535;Ágata;3,5;8,5;5,0;;6,3;8,056;5,0;5,7;6,8;;3,0;0,0;6,855541667;3,0;1,0;0,32054166699999964;0
RA-471;2023;F;13,0;3;Pública;3,0;3,0;0,0;6,855541667;Ágata;0,0;9,0;6,27;7,96875;5,0;8,125;10,0;6,3;4,0;4,8;4,0;0,0;6,635847117766667;4,0;0,0;-0,2196945492333331;0
RA-472;2022;F;12,0;0;Pública;2,0;3,0;-1,0;5,93;Quartzo;9,0;7,0;7,5;;2,0;7,056;5,0;1,8;2,2;;3,0;-1,0;6,6858;2,0;0,0;0,7558000000000007;0
RA-472;2023;F;13,0;1;Pública;2,0;3,0;-1,0;6,6858;Ágata;5,1;7,1;7,52;7,708333333;5,5;8,223333333;5,0;3,7;7,2;;3,0;-1,0;6,6397610766;2,0;0,0;-0,046038923400000265;0
RA-474;2022;M;13,0;3;Pública;2,0;3,0;-1,0;6,446;Ágata;9,5;9,1;7,5;;3,0;6,0;5,0;1,3;4,7;;3,0;-1,0;5,283583333;3,0;0,0;-1,1624166669999996;0
RA-474;2023;M;14,0;4;Pública;3,0;4,0;-1,0;5,283583333;Quartzo;0,0;7,8;5,0;7,1875;3,3;6,7575;5,0;4,8;3,8;1,2;4,0;-1,0;6,024753703733333;3,0;0,0;0,7411703707333333;0
RA-476;2022;F;12,0;3;Pública;2,0;3,0;-1,0;6,931;Ágata;9,0;9,3;4,4;;5,5;7,556;5,0;5,0;6,0;;3,0;0,0;6,492408333;3,0;1,0;-0,43859166699999985;0
RA-476;2023;F;13,0;4;Pública;3,0;3,0;0,0;6,492408333;Ágata;7,9;7,0;2,52;7,34375;4,1;7,505;10,0;5,0;4,5;2,7;4,0;0,0;6,7359982456;3,0;0,0;0,24358991260000007;0
RA-478;2022;F;12,0;3;Pública;2,0;3,0;-1,0;6,709;Ágata;8,5;9,1;5,6;;4,9;7,056;5,0;3,8;6,0;;3,0;0,0;6,443616667;3,0;1,0;-0,26538333299999994;0
RA-479;2022;M;10,0;2;Privada - Parceira;1,0;2,0;-1,0;8,465;Topázio;8,0;9,2;7,5;;9,8;9,5;5,0;10,0;9,7;;3,0;0,0;8,988866667;2,0;1,0;0,5238666670000001;0
RA-479;2023;M;11,0;3;Privada - Apadrinhamento;2,0;2,0;0,0;8,988866667;Topázio;9,0;10,0;2,52;9,791666667;9,7;9,6375;10,0;9,3;10,0;;3,0;1,0;8,901966666666668;3,0;1,0;-0,08690000033333156;0
RA-48;2022;F;15,0;5;Privada - Parceira;5,0;5,0;0,0;8,006;Ametista;6,7;8,4;7,5;;8,1;8,5;10,0;6,7;8,0;9,5;3,0;0,0;7,797058333;6,0;0,0;-0,2089416670000004;0
RA-48;2023;F;16,0;6;Privada - Apadrinhamento;6,0;6,0;0,0;7,797058333;Ametista;6,7;8,4;6,26;7,65625;7,7;7,6275;10,0;8,3;5,7;9,0;4,0;0,0;8,402390371800001;7,0;0,0;0,6053320388000012;0
RA-480;2022;F;10,0;1;Pública;1,0;2,0;-1,0;7,502;Ametista;9,0;8,8;7,5;;6,3;8,444;5,0;6,8;5,7;;3,0;-1,0;8,226408333;1,0;0,0;0,7244083330000004;0
RA-480;2023;F;11,0;2;Pública;1,0;2,0;-1,0;8,226408333;Topázio;10,0;9,7;7,52;7,96875;7,9;8,336666667;5,0;7,2;8,5;;3,0;0,0;7,260202380900001;2,0;1,0;-0,9662059520999993;0
RA-483;2022;F;11,0;3;Pública;1,0;2,0;-1,0;5,263;Quartzo;9,0;4,8;5,0;;2,4;6,833;5,0;2,0;2,8;;3,0;-2,0;6,3972;1,0;-1,0;1,1341999999999999;1
RA-483;2023;F;12,0;4;Pública;1,0;3,0;-2,0;6,3972;Ágata;9,0;6,0;2,52;7,916666667;5,6;8,166666667;5,0;5,0;6,2;;3,0;-1,0;6,578604762;2,0;1,0;0,18140476200000055;0
RA-484;2022;M;11,0;0;Pública;1,0;2,0;-1,0;6,71;Ágata;9,5;8,7;5,0;;6,5;6,389;5,0;8,0;5,0;;3,0;-1,0;5,515466667;2,0;0,0;-1,1945333329999999;0
RA-484;2023;M;12,0;1;Pública;2,0;3,0;-1,0;5,515466667;Quartzo;6,4;7,5;2,52;5,416666667;3,6;6,8;5,0;3,2;4,0;;3,0;0,0;3,8354776573333336;3,0;1,0;-1,6799890096666665;0
RA-486;2022;F;10,0;2;Pública;1,0;2,0;-1,0;7,621;Ametista;10,0;9,9;7,5;;7,3;7,222;5,0;6,7;7,8;;3,0;0,0;7,1043;2,0;1,0;-0,5167000000000002;0
RA-487;2022;F;10,0;3;Privada - Parceira;1,0;2,0;-1,0;8,417;Topázio;7,5;9,7;7,5;;9,6;9,333;5,0;9,7;9,5;;3,0;0,0;8,988866667;2,0;1,0;0,5718666670000001;0
RA-487;2023;F;11,0;4;Privada - Apadrinhamento;2,0;2,0;0,0;8,988866667;Topázio;8,5;9,9;5,0;9,166666667;9,5;9,26;10,0;9,2;9,7;;3,0;0,0;9,4171373016;3,0;0,0;0,4282706346000005;0
RA-49;2022;F;17,0;0;Pública;5,0;7,0;-2,0;6,304;Ágata;7,5;7,4;7,5;;3,9;7,042;5,0;1,5;4,2;6,2;3,0;0,0;;8,0;2,0;;0
RA-49;2023;F;18,0;1;Privada - Bolsa 100%;8,0;8,0;0,0;;;;;;;;;10,0;;;;;0,0;;8,0;0,0;;0
RA-490;2022;F;10,0;0;Pública;1,0;2,0;-1,0;7,576;Ametista;7,9;8,2;7,5;;7,7;8,722;5,0;6,0;9,3;;3,0;0,0;7,429466667;2,0;1,0;-0,14653333299999982;0
RA-490;2023;F;11,0;1;Privada;2,0;2,0;0,0;7,429466667;Ametista;7,9;7,9;2,52;8,541666667;5,8;9,0075;10,0;2,8;8,7;;3,0;1,0;7,368084290266667;3,0;1,0;-0,06138237673333258;0
RA-491;2022;M;11,0;0;Pública;1,0;2,0;-1,0;7,461;Ametista;7,5;9,7;7,5;;7,0;7,722;5,0;6,0;8,0;;3,0;0,0;7,560533333;2,0;1,0;0,09953333300000011;0
RA-491;2023;M;11,0;1;Pública;2,0;2,0;0,0;7,560533333;Ametista;9,5;9,6;2,52;7,708333333;5,0;8,3375;10,0;3,3;6,7;;3,0;-1,0;6,995247619100001;2,0;-1,0;-0,5652857138999998;1
RA-493;2022;F;9,0;2;Pública;1,0;1,0;0,0;8,306;Topázio;10,0;9,4;7,5;;7,2;8,278;10,0;7,3;7,0;;3,0;0,0;7,934366667;2,0;0,0;-0,37163333299999923;0
RA-493;2023;F;10,0;3;Pública;2,0;2,0;0,0;7,934366667;Ametista;9,5;9,6;2,52;8,541666667;6,0;8,84;10,0;4,7;7,2;;3,0;1,0;7,464325;3,0;1,0;-0,4700416670000003;0
RA-494;2022;F;11,0;0;Pública;1,0;2,0;-1,0;6,407;Ágata;6,4;8,3;5,0;;5,8;6,944;5,0;6,3;5,2;;3,0;-1,0;7,116633333;2,0;0,0;0,7096333330000002;0
RA-494;2023;F;12,0;1;Privada;2,0;3,0;-1,0;7,116633333;Ametista;6,9;9,0;2,52;7,708333333;6,8;8,71;5,0;6,3;7,3;;3,0;0,0;7,922281328333334;3,0;1,0;0,8056479953333335;0
RA-495;2022;M;11,0;0;Pública;1,0;2,0;-1,0;7,857;Ametista;9,0;8,9;7,5;;8,4;8,056;5,0;8,0;8,8;;3,0;-1,0;7,417366667;2,0;0,0;-0,4396333330000006;0
RA-496;2022;M;11,0;4;Pública;1,0;2,0;-1,0;6,683;Ágata;8,5;6,8;7,5;;5,7;7,556;5,0;5,8;5,5;;3,0;-1,0;6,603666667;2,0;0,0;-0,07933333300000012;0
RA-496;2023;M;12,0;5;Privada;2,0;3,0;-1,0;6,603666667;Ágata;0,0;7,1;5,0;7,916666667;8,3;8,71;5,0;7,5;9,0;;3,0;0,0;6,726607507733334;3,0;1,0;0,12294084073333433;0
RA-497;2022;F;13,0;6;Privada - Parceira;1,0;3,0;-2,0;6,323;Ágata;6,9;9,2;5,0;;5,1;5,833;5,0;4,2;6,0;;3,0;-2,0;5,7191;2,0;0,0;-0,6039000000000003;0
RA-497;2023;F;14,0;7;Privada - Apadrinhamento;2,0;4,0;-2,0;5,7191;Quartzo;5,3;8,7;2,52;6,25;3,5;6,885;5,0;1,7;5,3;;3,0;-1,0;4,4960809524;2,0;1,0;-1,2230190476000002;0
RA-499;2022;M;10,0;2;Pública;1,0;2,0;-1,0;7,826;Ametista;8,5;10,0;7,5;;8,2;7,444;5,0;8,2;8,2;;3,0;0,0;7,8883;2,0;1,0;0,062300000000000466;0
RA-499;2023;M;11,0;3;Pública;2,0;2,0;0,0;7,8883;Ametista;7,9;10,0;2,52;8,75;6,6;8,2975;10,0;5,3;7,8;;3,0;0,0;7,5794738095;2,0;0,0;-0,3088261905000005;0
RA-5;2022;F;17,0;6;Privada - Parceira;7,0;7,0;0,0;7,427;Ametista;7,9;8,6;5,6;;5,2;7,389;10,0;7,0;2,9;5,7;4,0;0,0;;8,0;0,0;;0
RA-500;2022;F;10,0;2;Pública;1,0;2,0;-1,0;8,232;Topázio;9,0;10,0;7,5;;9,5;7,889;5,0;9,5;9,5;;3,0;0,0;8,427533333;2,0;1,0;0,1955333330000002;0
RA-500;2023;F;11,0;3;Pública;2,0;2,0;0,0;8,427533333;Topázio;9,5;10,0;2,52;8,958333333;7,9;8,7975;10,0;8,5;7,2;;3,0;0,0;8,077708333333334;3,0;0,0;-0,3498249996666658;0
RA-501;2022;M;9,0;1;Pública;1,0;1,0;0,0;7,794;Ametista;8,5;8,8;7,5;;6,8;7,333;10,0;8,0;5,7;;3,0;-1,0;8,1357;1,0;-1,0;0,34170000000000034;1
RA-501;2023;M;10,0;2;Pública;1,0;2,0;-1,0;8,1357;Topázio;7,0;8,4;7,52;8,541666667;8,9;9,396666667;5,0;9,2;8,5;;3,0;0,0;8,2779474937;2,0;1,0;0,14224749369999934;0
RA-502;2022;F;8,0;1;Privada - Parceira;1,0;0,0;1,0;8,287;Topázio;9,5;9,7;7,5;;7,4;7,778;10,0;6,7;8,2;;3,0;0,0;8,749075;1,0;-1,0;0,4620749999999987;0
RA-502;2023;F;9,0;2;Privada - Apadrinhamento;1,0;1,0;0,0;8,749075;Topázio;8,5;9,8;7,52;7,96875;8,0;8,95;10,0;6,7;9,3;;3,0;0,0;8,5023309524;2,0;0,0;-0,24674404760000002;0
RA-503;2022;M;10,0;2;Pública;1,0;2,0;-1,0;7,95;Ametista;8,5;10,0;7,5;;8,8;7,5;5,0;8,7;9,0;;3,0;0,0;8,4682;2,0;1,0;0,5181999999999993;0
RA-503;2023;M;11,0;3;Pública;2,0;2,0;0,0;8,4682;Topázio;9,5;10,0;2,52;8,75;8,7;8,255;10,0;8,7;8,7;;3,0;1,0;8,547495614066667;3,0;1,0;0,07929561406666785;0
RA-504;2022;F;9,0;1;Pública;1,0;1,0;0,0;8,072;Topázio;8,5;8,9;7,5;;8,0;7,556;10,0;7,8;8,2;;3,0;0,0;8,299533333;1,0;0,0;0,22753333300000023;0
RA-506;2022;M;12,0;2;Pública;1,0;3,0;-2,0;7,132;Ametista;9,5;7,3;7,5;;7,2;7,278;5,0;8,3;6,0;;3,0;-1,0;7,750033333;2,0;1,0;0,6180333330000005;0
RA-508;2022;M;10,0;0;Pública;1,0;2,0;-1,0;6,575;Ágata;8,0;7,4;7,5;;4,5;7,556;5,0;0,0;9,0;;3,0;0,0;7,671633333;2,0;1,0;1,0966333329999998;0
RA-508;2023;M;10,0;1;Pública;2,0;2,0;0,0;7,671633333;Ametista;6,4;8,6;2,52;8,333333333;7,5;8,6725;10,0;6,2;8,7;;3,0;1,0;6,771708625733333;3,0;1,0;-0,899924707266667;0
RA-509;2022;F;12,0;4;Pública;1,0;3,0;-2,0;7,808;Ametista;9,0;8,2;7,5;;9,2;7,833;5,0;9,3;9,0;;3,0;-1,0;7,606033333;2,0;1,0;-0,20196666699999977;0
RA-509;2023;F;12,0;5;Pública;2,0;3,0;-1,0;7,606033333;Ametista;8,5;8,1;2,52;8,958333333;8,6;8,84;5,0;8,2;9,0;;3,0;0,0;6,918152272733334;3,0;1,0;-0,6878810602666663;0
RA-513;2022;M;9,0;1;Pública;1,0;1,0;0,0;8,229;Topázio;9,0;9,6;5,6;;8,3;7,778;10,0;8,2;8,5;;3,0;0,0;8,297866667;2,0;0,0;0,06886666699999999;0
RA-513;2023;M;10,0;2;Privada;2,0;2,0;0,0;8,297866667;Topázio;9,5;9,7;2,52;8,541666667;7,5;9,0075;10,0;7,2;7,8;;3,0;1,0;8,728632539666668;3,0;1,0;0,43076587266666877;0
RA-514;2022;F;9,0;0;Pública;1,0;1,0;0,0;7,039;Ametista;8,0;9,7;7,5;;4,8;5,889;10,0;2,0;7,5;;3,0;-1,0;5,823133333;1,0;-1,0;-1,2158666669999993;1
RA-514;2023;F;10,0;1;Pública;1,0;2,0;-1,0;5,823133333;Quartzo;7,9;7,5;2,52;5,0;5,5;5,896666667;5,0;4,2;6,8;;3,0;0,0;6,219580952400001;2,0;1,0;0,39644761940000084;0
RA-516;2022;M;9,0;3;Privada - Parceira;1,0;1,0;0,0;8,903;Topázio;10,0;9,7;7,5;;9,9;8,056;10,0;10,0;9,8;;3,0;0,0;8,6807;2,0;0,0;-0,2223000000000006;0
RA-516;2023;M;10,0;4;Privada - Apadrinhamento;2,0;2,0;0,0;8,6807;Topázio;10,0;9,8;2,52;8,75;9,3;8,7175;10,0;9,0;9,5;;3,0;1,0;8,384033333366668;3,0;1,0;-0,29666666663333174;0
RA-517;2022;F;12,0;5;Pública;1,0;3,0;-2,0;7,604;Ametista;6,9;9,5;7,5;;7,7;7,833;5,0;7,8;7,5;;3,0;-1,0;6,3104;2,0;1,0;-1,2936000000000005;0
RA-517;2023;F;13,0;6;Pública;2,0;3,0;-1,0;6,3104;Ágata;4,1;9,0;2,52;6,875;6,6;6,7125;5,0;4,5;8,7;;3,0;0,0;5,880466583166668;3,0;1,0;-0,4299334168333315;0
RA-518;2022;M;10,0;0;Pública;1,0;2,0;-1,0;7,661;Ametista;9,0;9,4;7,5;;7,5;7,5;5,0;6,0;9,0;;3,0;0,0;7,5762;2,0;1,0;-0,08479999999999954;0
RA-518;2023;M;11,0;1;Pública;2,0;2,0;0,0;7,5762;Ametista;8,5;8,5;5,0;8,125;6,7;6,9175;10,0;5,5;7,8;;3,0;0,0;6,3467483709;3,0;0,0;-1,2294516290999997;0
RA-519;2022;M;9,0;0;Pública;1,0;1,0;0,0;8,0;Ametista;7,4;9,6;7,5;;7,5;7,333;10,0;7,0;8,0;;3,0;-1,0;8,0177;1,0;-1,0;0,017699999999999605;1
RA-52;2022;M;13,0;4;Privada - Parceira;5,0;3,0;2,0;7,861;Ametista;9,6;8,9;7,5;;6,2;7,5;10,0;3,3;6,3;8,8;3,0;1,0;7,9642;5,0;-1,0;0,10320000000000018;0
RA-52;2023;M;14,0;5;Privada - Apadrinhamento;5,0;4,0;1,0;7,9642;Ametista;10,0;9,8;2,52;8,125;6,4;8,2975;10,0;7,7;4,8;6,7;4,0;2,0;8,144466666733333;7,0;1,0;0,18026666673333303;0
RA-521;2022;M;9,0;0;Pública;1,0;1,0;0,0;7,725;Ametista;9,0;10,0;5,0;;6,0;7,5;10,0;5,0;7,0;;3,0;-1,0;6,768666667;1,0;-1,0;-0,9563333329999999;1
RA-521;2023;M;10,0;1;Pública;1,0;2,0;-1,0;6,768666667;Ágata;0,0;9,9;3,77;7,083333333;7,9;8,166666667;5,0;7,0;8,7;;3,0;0,0;7,479842857199999;2,0;1,0;0,7111761901999989;0
RA-522;2022;M;9,0;1;Pública;1,0;1,0;0,0;8,306;Topázio;9,5;9,1;7,5;;7,5;8,167;10,0;7,0;8,0;;3,0;-1,0;7,890533333;1,0;-1,0;-0,41546666699999957;1
RA-522;2023;M;10,0;2;Pública;1,0;2,0;-1,0;7,890533333;Ametista;7,5;9,2;7,52;7,083333333;8,3;8,45;5,0;8,3;8,2;;3,0;0,0;8,6777119048;2,0;1,0;0,7871785718000011;0
RA-524;2022;M;11,0;3;Pública;1,0;2,0;-1,0;6,947;Ágata;0,0;9,4;5,0;;9,1;8,056;5,0;9,0;9,2;;3,0;-1,0;7,331133333;2,0;0,0;0,3841333330000003;0
RA-524;2023;M;12,0;4;Pública;2,0;3,0;-1,0;7,331133333;Ametista;6,4;9,2;2,52;8,333333333;8,9;7,42;5,0;9,0;8,8;;3,0;0,0;7,026322556366667;3,0;1,0;-0,30481077663333345;0
RA-525;2022;F;11,0;1;Pública;1,0;2,0;-1,0;8,013;Ametista;9,0;9,3;7,5;;8,6;8,167;5,0;8,3;8,8;;3,0;-1,0;7,911366667;2,0;0,0;-0,10163333299999966;0
RA-526;2022;M;12,0;0;Pública;1,0;3,0;-2,0;8,079;Topázio;10,0;9,9;7,5;;8,0;8,167;5,0;7,7;8,3;;3,0;-1,0;8,0957;2,0;1,0;0,01670000000000016;0
RA-526;2023;M;13,0;1;Pública;2,0;3,0;-1,0;8,0957;Topázio;9,5;9,8;5,0;8,75;8,8;7,7525;5,0;8,3;9,3;;3,0;-1,0;7,843157894833334;3,0;0,0;-0,25254210516666653;0
RA-527;2022;F;9,0;0;Pública;1,0;1,0;0,0;8,025;Ametista;8,5;10,0;7,5;;6,5;7,5;10,0;5,0;8,0;;3,0;-1,0;7,5682;1,0;-1,0;-0,4568000000000003;1
RA-527;2023;F;10,0;1;Pública;1,0;2,0;-1,0;7,5682;Ametista;9,0;9,1;7,52;7,5;6,5;7,78;5,0;5,7;7,2;;3,0;0,0;8,1403666666;2,0;1,0;0,5721666666000003;0
RA-528;2022;M;11,0;1;Pública;1,0;2,0;-1,0;5,335;Quartzo;0,0;6,2;7,5;;4,0;6,944;5,0;5,3;2,7;;3,0;-1,0;7,6892;2,0;0,0;2,3541999999999996;0
RA-528;2023;M;12,0;2;Pública;2,0;3,0;-1,0;7,6892;Ametista;9,0;8,5;5,0;8,75;8,2;7,92;5,0;7,5;8,8;;3,0;0,0;7,276330075300001;3,0;1,0;-0,41286992469999895;0
RA-529;2022;M;12,0;2;Pública;1,0;3,0;-2,0;6,51;Ágata;8,5;8,9;5,0;;5,2;6,556;5,0;3,3;7,0;;3,0;-2,0;7,278991667;1,0;0,0;0,7689916669999999;0
RA-529;2023;M;13,0;3;Pública;1,0;3,0;-2,0;7,278991667;Ametista;8,0;9,6;7,52;5,78125;6,8;6,893333333;5,0;4,8;8,7;;3,0;-1,0;5,2661285715;2,0;1,0;-2,0128630954999993;0
RA-53;2022;M;17,0;0;Pública;5,0;7,0;-2,0;6,725;Ágata;9,2;7,0;7,5;;7,0;6,458;5,0;6,0;8,0;;3,0;-2,0;7,600633333;6,0;0,0;0,8756333330000006;0
RA-530;2022;M;10,0;3;Pública;1,0;2,0;-1,0;8,338;Topázio;10,0;9,0;7,5;;8,9;9,056;5,0;9,0;8,8;;3,0;0,0;7,653033333;2,0;1,0;-0,6849666669999994;0
RA-530;2023;M;11,0;4;Pública;2,0;2,0;0,0;7,653033333;Ametista;10,0;8,8;5,0;7,708333333;5,7;7,46;10,0;5,8;5,5;;3,0;0,0;7,214534419433333;3,0;0,0;-0,4384989135666668;0
RA-531;2022;M;10,0;0;Pública;1,0;2,0;-1,0;8,057;Ametista;9,5;9,8;7,5;;7,8;8,167;5,0;8,7;7,0;;3,0;0,0;8,3252;2,0;1,0;0,2682000000000002;0
RA-531;2023;M;11,0;1;Pública;2,0;2,0;0,0;8,3252;Topázio;9,5;10,0;2,52;8,75;7,7;8,59;10,0;6,3;9,0;;3,0;0,0;7,912792647066666;3,0;0,0;-0,41240735293333497;0
RA-533;2022;M;10,0;0;Pública;1,0;2,0;-1,0;6,962;Ágata;8,5;8,8;5,6;;6,0;7,333;5,0;5,0;7,0;;3,0;-1,0;7,434866667;1,0;0,0;0,4728666669999999;0
RA-534;2022;F;12,0;1;Pública;1,0;3,0;-2,0;7,131;Ametista;9,0;7,4;7,5;;7,1;7,333;5,0;6,5;7,7;;3,0;-1,0;5,8385;2,0;1,0;-1,2925000000000004;0
RA-534;2023;M;13,0;2;Pública;2,0;3,0;-1,0;5,8385;Quartzo;0,0;8,1;2,52;8,125;5,4;7,92;5,0;3,7;7,0;;3,0;0,0;7,088855054266667;3,0;1,0;1,2503550542666675;0
RA-535;2022;F;10,0;3;Pública;1,0;2,0;-1,0;6,953;Ágata;9,0;9,2;7,5;;5,1;6,917;5,0;4,7;5,5;;2,0;0,0;8,0027;2,0;1,0;1,0497000000000005;0
RA-535;2023;F;11,0;4;Pública;2,0;2,0;0,0;8,0027;Topázio;9,0;9,4;5,0;8,125;5,6;8,95;10,0;4,7;6,5;;3,0;0,0;7,659555952400001;3,0;0,0;-0,34314404760000006;0
RA-536;2022;F;10,0;2;Pública;1,0;2,0;-1,0;7,106;Ametista;9,5;8,9;5,6;;6,0;7,75;5,0;6,3;5,7;;2,0;0,0;7,759533333;2,0;1,0;0,6535333330000004;0
RA-536;2023;F;10,0;3;Pública;2,0;2,0;0,0;7,759533333;Ametista;8,0;9,3;2,52;8,333333333;5,9;9,17;10,0;5,0;6,8;;3,0;1,0;7,7704681818;3,0;1,0;0,010934848799999841;0
RA-538;2022;M;13,0;0;Pública;1,0;3,0;-2,0;6,309;Ágata;8,5;7,5;5,6;;6,8;5,583;5,0;4,5;9,0;;2,0;-1,0;6,413466667;2,0;1,0;0,10446666699999962;0
RA-538;2023;M;13,0;1;Pública;2,0;3,0;-1,0;6,413466667;Ágata;7,4;8,6;2,52;7,916666667;4,7;7,39;5,0;3,5;5,8;;3,0;-1,0;6,514094017066666;3,0;0,0;0,10062735006666657;0
RA-539;2022;F;11,0;0;Pública;1,0;2,0;-1,0;7,665;Ametista;8,5;9,3;6,9;;7,5;8,417;5,0;6,8;8,2;;2,0;-1,0;7,796866667;2,0;0,0;0,13186666699999972;0
RA-539;2023;F;12,0;1;Pública;2,0;3,0;-1,0;7,796866667;Ametista;9,5;8,6;2,52;9,166666667;8,5;8,84;5,0;7,2;9,7;;3,0;0,0;8,465533333333335;3,0;1,0;0,6686666663333352;0
RA-540;2022;F;10,0;3;Pública;1,0;2,0;-1,0;7,303;Ametista;8,5;9,5;5,6;;7,0;7,5;5,0;6,8;7,2;;2,0;0,0;8,216033333;2,0;1,0;0,9130333330000004;0
RA-542;2022;F;11,0;3;Pública;1,0;2,0;-1,0;7,221;Ametista;8,0;9,8;6,3;;6,5;7,417;5,0;5,3;7,7;;2,0;-1,0;7,816533333;2,0;0,0;0,5955333329999997;0
RA-542;2023;F;12,0;4;Pública;2,0;3,0;-1,0;7,816533333;Ametista;9,5;9,7;5,0;8,75;6,3;9,006666667;5,0;5,2;7,3;;3,0;0,0;6,7205649586;3,0;1,0;-1,0959683744;0
RA-543;2022;F;10,0;0;Pública;1,0;2,0;-1,0;7,05;Ametista;8,5;9,8;4,4;;6,5;7,167;5,0;5,0;8,0;;2,0;0,0;7,971833333;2,0;1,0;0,9218333330000004;0
RA-543;2023;F;11,0;1;Pública;2,0;2,0;0,0;7,971833333;Ametista;7,8;9,8;2,52;8,75;6,5;9,006666667;10,0;5,5;7,5;;3,0;1,0;8,0467871118;3,0;1,0;0,07495377880000031;0
RA-546;2022;F;11,0;1;Pública;1,0;2,0;-1,0;6,77;Ágata;9,0;7,9;5,0;;5,6;7,917;5,0;3,3;7,8;;2,0;-1,0;6,031666667;2,0;0,0;-0,7383333329999999;0
RA-546;2023;F;12,0;2;Pública;2,0;3,0;-1,0;6,031666667;Ágata;0,0;7,2;2,52;8,75;5,7;9,173333333;5,0;3,5;7,8;;3,0;0,0;5,702426010066667;3,0;1,0;-0,32924065693333304;0
RA-547;2022;F;11,0;3;Pública;1,0;2,0;-1,0;7,745;Ametista;9,5;9,7;5,0;;7,6;8,833;5,0;7,3;7,8;;2,0;-1,0;6,467;2,0;0,0;-1,2780000000000005;0
RA-547;2023;F;12,0;4;Pública;2,0;3,0;-1,0;6,467;Ágata;0,0;9,1;2,52;8,75;6,2;8,95;5,0;5,0;7,3;;3,0;0,0;7,210290672333333;3,0;1,0;0,743290672333333;0
RA-548;2022;M;12,0;3;Pública;1,0;3,0;-2,0;7,292;Ametista;8,0;9,1;6,9;;7,2;7,583;5,0;5,7;8,7;;2,0;-1,0;7,4322;2,0;1,0;0,1402000000000001;0
RA-548;2023;M;12,0;4;Pública;2,0;3,0;-1,0;7,4322;Ametista;9,0;9,1;2,52;8,333333333;7,4;8,283333333;5,0;6,2;8,5;;3,0;0,0;7,240168803466668;3,0;1,0;-0,1920311965333319;0
RA-549;2022;M;10,0;1;Pública;1,0;2,0;-1,0;6,301;Ágata;10,0;7,9;6,9;;4,2;6,167;5,0;2,2;6,2;;2,0;-1,0;7,0297;1,0;0,0;0,7286999999999999;0
RA-549;2023;M;11,0;2;Pública;1,0;2,0;-1,0;7,0297;Ametista;9,5;8,1;5,02;6,875;6,4;7,5;5,0;5,5;7,2;;3,0;-1,0;6,5398187888;2,0;0,0;-0,48988121120000017;0
RA-55;2022;F;16,0;5;Pública;5,0;6,0;-1,0;6,576;Ágata;7,1;7,6;5,6;;7,5;6,5;5,0;6,7;7,8;7,9;3,0;-1,0;6,898033333;6,0;0,0;0,32203333300000025;0
RA-551;2022;F;12,0;4;Pública;1,0;3,0;-2,0;6,853;Ágata;8,5;7,3;6,9;;6,6;7,333;5,0;5,0;8,2;;2,0;-1,0;7,075033333;2,0;1,0;0,2220333330000006;0
RA-552;2022;M;11,0;0;Pública;1,0;2,0;-1,0;6,625;Ágata;9,5;8,8;5,0;;5,5;7,167;5,0;6,0;5,0;;2,0;-2,0;5,248666667;1,0;-1,0;-1,3763333329999998;1
RA-555;2022;M;12,0;3;Pública;1,0;3,0;-2,0;5,949;Quartzo;9,5;8,1;5,0;;4,4;5,167;5,0;1,8;7,0;;2,0;-1,0;5,898133333;2,0;1,0;-0,0508666670000002;0
RA-555;2023;M;13,0;4;Pública;2,0;3,0;-1,0;5,898133333;Quartzo;7,4;8,1;2,52;6,25;3,9;6,946666667;5,0;1,5;6,2;;3,0;-1,0;5,111470186333333;3,0;0,0;-0,7866631466666663;0
RA-556;2022;F;11,0;4;Pública;1,0;2,0;-1,0;7,181;Ametista;9,0;8,8;5,0;;6,4;8,25;5,0;4,8;8,0;;2,0;-1,0;7,7482;2,0;0,0;0,5671999999999997;0
RA-556;2023;F;12,0;5;Pública;2,0;3,0;-1,0;7,7482;Ametista;8,5;9,6;2,52;9,166666667;7,2;9,396666667;5,0;6,5;7,8;;3,0;0,0;5,833377380933333;3,0;1,0;-1,9148226190666664;0
RA-557;2022;M;10,0;3;Pública;1,0;2,0;-1,0;8,334;Topázio;10,0;8,4;7,5;;9,4;9,333;5,0;10,0;8,8;;2,0;0,0;8,7717;2,0;1,0;0,43769999999999953;0
RA-557;2023;M;11,0;4;Pública;2,0;2,0;0,0;8,7717;Topázio;10,0;8,2;5,0;9,375;8,9;9,62;10,0;8,0;9,7;;3,0;0,0;9,350986466133334;3,0;0,0;0,5792864661333343;0
RA-558;2022;M;14,0;0;Pública;1,0;4,0;-3,0;5,539;Quartzo;9,0;8,5;5,0;;4,3;4,5;2,5;0,5;8,0;;2,0;-3,0;6,615333333;2,0;0,0;1,076333333;0
RA-558;2023;M;15,0;1;Pública;2,0;5,0;-3,0;6,615333333;Ágata;7,8;9,4;5,0;6,458333333;6,0;6,78;2,5;5,7;6,3;;3,0;-2,0;5,048054503133334;3,0;1,0;-1,567278829866666;0
RA-559;2022;M;11,0;1;Pública;1,0;2,0;-1,0;7,634;Ametista;9,5;9,2;7,5;;7,1;8,083;5,0;7,2;7,0;;2,0;-1,0;7,947366667;2,0;0,0;0,3133666669999995;0
RA-559;2023;M;12,0;2;Pública;2,0;3,0;-1,0;7,947366667;Ametista;10,0;9,4;5,0;8,958333333;7,4;8,506666667;5,0;6,5;8,2;;3,0;0,0;6,158158974333333;3,0;1,0;-1,7892076926666665;0
RA-56;2022;F;15,0;3;Privada - Parceira;5,0;5,0;0,0;8,404;Topázio;10,0;10,0;7,5;;7,0;8,25;10,0;4,5;6,5;10,0;3,0;0,0;8,284333333;6,0;0,0;-0,11966666700000061;0
RA-56;2023;F;16,0;4;Privada - Apadrinhamento;6,0;6,0;0,0;8,284333333;Topázio;9,6;9,5;5,0;8,125;7,8;7,8;10,0;7,8;5,5;10,0;4,0;0,0;9,0770201754;7,0;0,0;0,7926868424000002;0
RA-560;2022;M;11,0;2;Pública;1,0;2,0;-1,0;4,949;Quartzo;6,9;7,2;5,0;;3,8;3,75;5,0;3,2;4,3;;2,0;-1,0;4,932;2,0;0,0;-0,01699999999999946;0
RA-562;2022;F;11,0;1;Pública;1,0;2,0;-1,0;7,855;Ametista;8,0;9,0;7,5;;8,0;8,75;5,0;8,3;7,7;;2,0;-1,0;6,824833333;2,0;0,0;-1,0301666670000005;0
RA-562;2023;F;12,0;2;Pública;2,0;3,0;-1,0;6,824833333;Ágata;0,0;8,5;2,52;8,541666667;8,7;8,893333333;5,0;7,7;9,7;;3,0;0,0;8,392733333333334;3,0;1,0;1,567900000333334;0
RA-563;2022;F;11,0;2;Pública;1,0;2,0;-1,0;8,22;Topázio;10,0;9,2;7,5;;8,5;8,833;5,0;9,0;8,0;;2,0;0,0;7,684133333;2,0;1,0;-0,5358666670000005;0
RA-563;2023;F;11,0;3;Pública;2,0;2,0;0,0;7,684133333;Ametista;6,4;9,7;2,52;8,75;6,2;8,726666667;10,0;6,0;6,3;;3,0;0,0;8,595447619066668;3,0;0,0;0,9113142860666681;0
RA-566;2022;F;12,0;0;Pública;1,0;3,0;-2,0;7,729;Ametista;9,5;8,4;7,5;;8,5;7,917;5,0;9,5;7,5;;2,0;-1,0;7,7227;2,0;1,0;-0,006300000000000416;0
RA-568;2022;M;14,0;4;Pública;1,0;4,0;-3,0;7,306;Ametista;8,0;8,6;6,9;;8,3;7,944;2,5;8,0;8,5;;3,0;-3,0;6,9647;2,0;0,0;-0,3413000000000004;0
RA-568;2023;M;15,0;5;Pública;2,0;5,0;-3,0;6,9647;Ágata;7,0;7,9;5,0;8,125;7,6;8,01;2,5;8,5;6,7;;3,0;-2,0;5,545864285733334;3,0;1,0;-1,4188357142666659;0
RA-57;2022;M;16,0;5;Privada - Parceira;5,0;6,0;-1,0;7,305;Ametista;7,1;8,1;5,6;;8,4;7,875;5,0;9,0;7,0;9,3;3,0;-1,0;6,450875;6,0;0,0;-0,8541249999999998;0
RA-57;2023;M;17,0;6;Privada - Apadrinhamento;6,0;7,0;-1,0;6,450875;Ágata;0,0;8,0;5,63;7,96875;7,2;7,755;5,0;7,8;6,8;7,0;4,0;0,0;7,419380430199999;7,0;1,0;0,9685054301999987;0
RA-570;2022;F;10,0;3;Pública;1,0;2,0;-1,0;5,722;Quartzo;9,0;7,0;7,5;;1,3;6,778;5,0;0,7;2,0;;3,0;-1,0;6,781033333;1,0;0,0;1,0590333329999995;0
RA-570;2023;F;11,0;4;Pública;1,0;2,0;-1,0;6,781033333;Ágata;8,5;7,3;3,77;8,125;5,9;8,056666667;5,0;5,7;6,0;;3,0;-1,0;6,8133640787;2,0;0,0;0,032330745700000385;0
RA-571;2022;F;11,0;3;Pública;1,0;2,0;-1,0;6,589;Ágata;8,5;8,8;7,5;;3,7;6,944;5,0;3,3;4,0;;3,0;-2,0;6,6097;1,0;-1,0;0,02069999999999972;1
RA-571;2023;F;12,0;4;Privada;1,0;3,0;-2,0;6,6097;Ágata;9,0;7,9;3,77;7,291666667;5,0;7,616666667;5,0;3,8;6,2;;3,0;-1,0;6,2964554348;2,0;1,0;-0,31324456519999977;0
RA-573;2022;M;11,0;2;Pública;1,0;2,0;-1,0;8,261;Topázio;9,5;9,9;7,5;;8,2;8,944;5,0;8,3;8,0;;3,0;-1,0;7,774366667;2,0;0,0;-0,48663333299999945;0
RA-573;2023;M;12,0;3;Pública;2,0;3,0;-1,0;7,774366667;Ametista;9,5;9,8;5,0;8,541666667;6,6;8,45;5,0;5,7;7,5;;3,0;0,0;7,839050000000001;3,0;1,0;0,0646833330000014;0
RA-574;2022;M;10,0;0;Pública;1,0;2,0;-1,0;6,86;Ágata;9,5;7,2;5,0;;7,5;6,944;5,0;5,5;9,5;;3,0;0,0;7,878133333;2,0;1,0;1,0181333329999998;0
RA-576;2022;F;10,0;0;Pública;1,0;2,0;-1,0;7,59;Ametista;9,5;9,1;7,5;;7,8;7,111;5,0;7,5;8,0;;3,0;-1,0;7,984741667;1,0;0,0;0,3947416669999999;0
RA-576;2023;F;11,0;1;Pública;1,0;2,0;-1,0;7,984741667;Ametista;9,0;9,3;5,02;9,21875;8,0;8,503333333;5,0;6,5;9,5;;3,0;0,0;8,93195;2,0;1,0;0,9472083330000007;0
RA-577;2022;F;10,0;0;Pública;1,0;2,0;-1,0;7,862;Ametista;9,5;9,3;7,5;;9,0;7,111;5,0;8,3;9,7;;3,0;-1,0;7,219366667;1,0;0,0;-0,642633333;0
RA-577;2023;F;11,0;1;Pública;1,0;2,0;-1,0;7,219366667;Ametista;10,0;8,2;3,77;6,875;7,4;7,673333333;5,0;6,5;8,3;;3,0;-1,0;6,629159109700001;2,0;0,0;-0,5902075572999994;0
RA-578;2022;M;10,0;3;Pública;1,0;2,0;-1,0;8,814;Topázio;9,5;10,0;8,8;;9,5;9,611;5,0;9,3;9,7;;3,0;0,0;9,013866667;2,0;1,0;0,19986666700000022;0
RA-578;2023;M;11,0;4;Privada - Apadrinhamento;2,0;2,0;0,0;9,013866667;Topázio;9,0;10,0;2,52;9,791666667;9,7;9,7625;10,0;9,8;9,5;;3,0;1,0;9,066199999966669;3,0;1,0;0,05233333296666842;0
RA-58;2022;M;15,0;5;Privada - Parceira;5,0;5,0;0,0;8,136;Topázio;9,6;9,2;6,3;;7,2;8,125;10,0;4,5;8,0;9,0;3,0;0,0;7,70625;6,0;0,0;-0,4297499999999994;0
RA-58;2023;M;16,0;6;Privada - Apadrinhamento;6,0;6,0;0,0;7,70625;Ametista;0,0;9,7;6,26;8,4375;8,1;8,3825;10,0;7,8;6,5;10,0;4,0;0,0;8,7713289474;7,0;0,0;1,0650789474000009;0
RA-580;2022;F;10,0;2;Pública;1,0;2,0;-1,0;7,525;Ametista;8,0;9,6;7,5;;7,6;7,167;5,0;6,3;8,8;;3,0;-1,0;8,4712;1,0;0,0;0,9461999999999993;0
RA-580;2023;F;11,0;3;Pública;1,0;2,0;-1,0;8,4712;Topázio;8,5;9,8;7,52;8,75;9,0;8,67;5,0;8,7;9,3;;3,0;-1,0;7,9281521222;2,0;0,0;-0,5430478777999994;0
RA-581;2022;M;10,0;3;Pública;1,0;2,0;-1,0;6,464;Ágata;7,5;8,9;7,5;;5,0;5,889;5,0;5,3;4,7;;3,0;-1,0;7,7167;1,0;0,0;1,2527;0
RA-581;2023;M;11,0;4;Pública;1,0;2,0;-1,0;7,7167;Ametista;8,0;9,8;7,52;6,458333333;7,9;7,393333333;5,0;7,0;8,8;;3,0;-1,0;7,0833015528;2,0;0,0;-0,6333984472000003;0
RA-583;2022;F;12,0;3;Pública;1,0;3,0;-2,0;7,456;Ametista;8,5;9,4;7,5;;7,1;7,333;5,0;6,2;8,0;;3,0;-1,0;7,838866667;2,0;1,0;0,38286666699999916;0
RA-583;2023;F;13,0;4;Pública;2,0;3,0;-1,0;7,838866667;Ametista;9,0;9,4;7,52;8,333333333;6,3;8,616666667;5,0;5,5;7,0;;3,0;0,0;7,447591035933334;3,0;1,0;-0,39127563106666585;0
RA-584;2022;F;10,0;3;Pública;1,0;2,0;-1,0;6,714;Ágata;8,0;8,5;7,5;;4,6;7,333;5,0;4,5;4,7;;3,0;0,0;7,697533333;2,0;1,0;0,9835333329999996;0
RA-584;2023;F;11,0;4;Pública;2,0;2,0;0,0;7,697533333;Ametista;9,5;9,0;2,52;8,333333333;5,8;8,56;10,0;5,0;6,5;;3,0;0,0;6,752914393933334;3,0;0,0;-0,9446189390666664;0
RA-586;2022;F;10,0;1;Privada - Parceira;1,0;2,0;-1,0;7,988;Ametista;10,0;9,6;5,6;;8,2;8,778;5,0;8,2;8,2;;3,0;0,0;8,4242;2,0;1,0;0,43620000000000037;0
RA-586;2023;F;10,0;2;Privada - Apadrinhamento;2,0;2,0;0,0;8,4242;Topázio;8,0;10,0;2,52;8,333333333;8,4;9,343333333;10,0;7,5;9,2;;3,0;1,0;8,702387301666668;3,0;1,0;0,2781873016666676;0
RA-587;2022;M;10,0;0;Pública;1,0;2,0;-1,0;6,632;Ágata;9,5;9,3;7,5;;3,8;6,167;5,0;1,0;6,5;;3,0;-1,0;6,032033333;1,0;0,0;-0,5999666669999995;0
RA-587;2023;M;11,0;1;Pública;1,0;2,0;-1,0;6,032033333;Ágata;8,5;7,0;7,52;6,458333333;2,7;6,72;5,0;2,2;3,2;;3,0;-2,0;6,817057142900001;1,0;-1,0;0,7850238099000011;1
RA-588;2022;F;9,0;1;Privada - Parceira;1,0;1,0;0,0;8,622;Topázio;9,5;10,0;5,6;;9,3;8,278;10,0;9,3;9,2;;3,0;0,0;8,3527;2,0;0,0;-0,26929999999999943;0
RA-588;2023;F;10,0;2;Privada - Apadrinhamento;2,0;2,0;0,0;8,3527;Topázio;8,0;9,6;2,52;8,958333333;7,8;9,673333333;10,0;7,5;8,0;;3,0;1,0;8,676133333333334;3,0;1,0;0,3234333333333339;0
RA-59;2022;M;17,0;0;Pública;5,0;7,0;-2,0;7,642;Ametista;9,2;9,3;7,5;;7,2;7,917;5,0;7,0;5,7;8,8;3,0;-2,0;7,692291667;6,0;0,0;0,05029166699999976;0
RA-59;2023;M;18,0;1;Privada - Apadrinhamento;6,0;8,0;-2,0;7,692291667;Ametista;7,5;9,6;5,63;8,28125;7,2;8,4225;5,0;7,7;6,8;7,2;4,0;0,0;;8,0;2,0;;0
RA-590;2022;F;10,0;2;Pública;1,0;2,0;-1,0;7,435;Ametista;8,5;8,6;7,5;;7,4;7,611;5,0;5,7;9,2;;3,0;0,0;7,647666667;2,0;1,0;0,2126666670000006;0
RA-590;2023;F;11,0;3;Privada;2,0;2,0;0,0;7,647666667;Ametista;6,3;9,7;3,77;7,291666667;6,5;8,34;10,0;5,7;7,3;;3,0;-1,0;6,712378053800001;2,0;-1,0;-0,9352886131999991;1
RA-591;2022;M;11,0;1;Pública;1,0;2,0;-1,0;7,507;Ametista;9,5;9,3;7,5;;7,1;7,389;5,0;7,8;6,3;;3,0;-1,0;7,1472;2,0;0,0;-0,3597999999999999;0
RA-591;2023;M;12,0;2;Pública;2,0;3,0;-1,0;7,1472;Ametista;9,0;8,5;6,27;5,833333333;6,9;7,333333333;5,0;6,2;7,5;;3,0;-1,0;6,8360336957;2,0;0,0;-0,3111663042999995;0
RA-592;2022;F;10,0;2;Pública;1,0;2,0;-1,0;7,381;Ametista;8,0;8,5;5,6;;8,4;7,778;5,0;7,2;9,7;;3,0;0,0;7,935466667;2,0;1,0;0,5544666669999998;0
RA-592;2023;F;11,0;3;Privada;2,0;2,0;0,0;7,935466667;Ametista;6,2;9,2;3,77;7,916666667;7,6;8,95;10,0;5,5;9,7;;3,0;1,0;7,121622213600001;3,0;1,0;-0,8138444533999989;0
RA-594;2022;M;10,0;0;Pública;1,0;2,0;-1,0;7,392;Ametista;8,0;9,4;7,5;;7,8;6,889;5,0;6,0;9,5;;3,0;-1,0;6,702033333;1,0;0,0;-0,6899666670000002;0
RA-594;2023;M;11,0;1;Pública;1,0;2,0;-1,0;6,702033333;Ágata;8,5;7,1;6,27;6,875;5,8;7,336666667;5,0;6,2;5,3;;3,0;0,0;6,890966666600001;2,0;1,0;0,18893333360000053;0
RA-595;2022;M;12,0;4;Pública;1,0;3,0;-2,0;5,18;Quartzo;8,5;5,5;7,5;;1,0;6,0;5,0;2,0;0,0;;3,0;-1,0;5,078666667;2,0;1,0;-0,10133333299999947;0
RA-597;2022;M;9,0;0;Pública;1,0;1,0;0,0;8,265;Topázio;9,0;10,0;7,5;;8,0;7,056;10,0;6,5;9,5;;3,0;-1,0;8,49045;1,0;-1,0;0,2254499999999986;1
RA-597;2023;M;10,0;1;Pública;1,0;2,0;-1,0;8,49045;Topázio;10,0;9,6;7,52;9,0625;8,5;8,56;5,0;7,8;9,2;;3,0;0,0;7,843291097300001;2,0;1,0;-0,6471589026999984;0
RA-599;2022;M;10,0;0;Pública;1,0;2,0;-1,0;8,2;Topázio;9,5;9,2;7,5;;9,1;8,556;5,0;8,3;9,8;;3,0;0,0;8,532866667;2,0;1,0;0,3328666670000011;0
RA-599;2023;M;10,0;1;Pública;2,0;2,0;0,0;8,532866667;Topázio;10,0;9,5;2,52;8,333333333;8,5;9,286666667;10,0;8,2;8,7;;3,0;1,0;8,3569352941;3,0;1,0;-0,17593137290000094;0
RA-6;2022;F;18,0;1;Pública;7,0;8,0;-1,0;5,848;Quartzo;7,9;4,5;7,5;;3,3;7,222;5,0;2,3;5,3;2,3;4,0;0,0;;8,0;1,0;;0
RA-6;2023;F;19,0;2;Privada - Empresa parceira;8,0;8,0;0,0;;;;;;;;;10,0;;;;;0,0;;8,0;0,0;;0
RA-600;2022;F;9,0;1;Pública;1,0;1,0;0,0;7,011;Ágata;8,5;8,4;7,5;;3,9;6,833;10,0;2,8;5,0;;3,0;-1,0;7,651658333;1,0;-1,0;0,6406583330000002;1
RA-600;2023;F;10,0;2;Pública;1,0;2,0;-1,0;7,651658333;Ametista;8,5;8,4;7,52;8,28125;7,2;8,056666667;5,0;6,5;7,8;;3,0;0,0;7,847373913;2,0;1,0;0,1957155799999999;0
RA-601;2022;M;8,0;1;Pública;1,0;0,0;1,0;7,713;Ametista;9,0;9,7;7,5;;5,7;7,167;10,0;5,3;6,0;;3,0;0,0;8,955783333;1,0;-1,0;1,2427833329999993;0
RA-601;2023;M;9,0;2;Pública;1,0;1,0;0,0;8,955783333;Topázio;9,0;10,0;7,52;9,0625;8,7;8,336666667;10,0;8,0;9,3;;3,0;-1,0;8,5107;1,0;-1,0;-0,44508333299999947;1
RA-602;2022;M;11,0;3;Pública;1,0;2,0;-1,0;8,041;Ametista;10,0;9,7;7,5;;8,6;7,667;5,0;8,3;8,8;;3,0;-1,0;8,5592;2,0;0,0;0,5182000000000002;0
RA-602;2023;M;12,0;4;Pública;2,0;3,0;-1,0;8,5592;Topázio;10,0;9,6;7,52;8,75;8,1;9,51;5,0;7,3;8,8;;3,0;0,0;8,647409313733334;3,0;1,0;0,08820931373333352;0
RA-603;2022;F;11,0;0;Pública;1,0;2,0;-1,0;7,78;Ametista;9,0;9,5;7,5;;7,5;8,0;5,0;6,7;8,3;;3,0;0,0;6,748833333;2,0;1,0;-1,031166667;0
RA-603;2023;M;11,0;1;Pública;2,0;2,0;0,0;6,748833333;Ágata;0,0;8,9;2,52;7,708333333;7,0;7,78;10,0;5,7;8,2;;3,0;0,0;6,942277777866667;3,0;0,0;0,19344444486666657;0
RA-604;2022;F;10,0;1;Pública;1,0;2,0;-1,0;8,018;Ametista;9,0;9,0;7,5;;8,8;8,333;5,0;8,0;9,7;;3,0;0,0;8,548033333;2,0;1,0;0,5300333329999987;0
RA-604;2023;F;11,0;2;Pública;2,0;2,0;0,0;8,548033333;Topázio;9,0;9,3;7,52;8,125;7,5;8,616666667;10,0;6,0;9,0;;3,0;1,0;7,429623555266667;3,0;1,0;-1,1184097777333326;0
RA-605;2022;F;12,0;1;Pública;1,0;3,0;-2,0;7,276;Ametista;6,9;9,3;6,9;;7,1;7,556;5,0;6,2;8,0;;3,0;-1,0;7,709366667;2,0;1,0;0,4333666670000005;0
RA-605;2023;F;12,0;2;Pública;2,0;3,0;-1,0;7,709366667;Ametista;9,0;9,5;7,52;7,291666667;6,8;7,84;5,0;4,8;8,8;;3,0;0,0;6,0175222222;3,0;1,0;-1,6918444448;0
RA-606;2022;M;10,0;0;Pública;1,0;2,0;-1,0;6,127;Ágata;9,5;9,0;7,5;;1,8;6,111;5,0;2,0;1,5;;3,0;-1,0;7,402491667;1,0;0,0;1,2754916669999998;0
RA-606;2023;M;10,0;1;Pública;1,0;2,0;-1,0;7,402491667;Ametista;8,5;8,5;7,52;7,65625;6,0;8,223333333;5,0;4,7;7,2;;3,0;0,0;6,645260606100001;2,0;1,0;-0,7572310608999988;0
RA-607;2022;M;10,0;0;Pública;1,0;2,0;-1,0;6,44;Ágata;6,8;8,1;7,5;;4,0;7,444;5,0;3,0;5,0;;3,0;-1,0;7,333075;1,0;0,0;0,8930749999999996;0
RA-607;2023;M;11,0;1;Pública;1,0;2,0;-1,0;7,333075;Ametista;8,0;7,5;7,52;7,96875;6,8;8,17;5,0;4,8;8,7;;3,0;0,0;7,6486021739;2,0;1,0;0,3155271738999996;0
RA-608;2022;M;10,0;0;Pública;1,0;2,0;-1,0;7,216;Ametista;7,8;9,6;7,5;;6,3;7,222;5,0;3,0;9,5;;3,0;-1,0;7,401741667;1,0;0,0;0,1857416669999994;0
RA-608;2023;M;10,0;1;Pública;1,0;2,0;-1,0;7,401741667;Ametista;10,0;7,5;7,52;7,96875;6,2;8,113333333;5,0;6,0;6,3;;3,0;0,0;5,778986231800001;2,0;1,0;-1,6227554351999984;0
RA-609;2022;M;11,0;3;Pública;1,0;2,0;-1,0;6,794;Ágata;8,5;7,6;7,5;;6,0;7,056;5,0;6,5;5,5;;3,0;-1,0;6,463033333;2,0;0,0;-0,3309666669999993;0
RA-61;2022;M;15,0;1;Pública;5,0;5,0;0,0;7,533;Ametista;9,2;7,4;7,5;;5,8;7,875;10,0;1,7;6,3;9,3;3,0;0,0;7,382108333;6,0;0,0;-0,15089166700000067;0
RA-610;2022;F;9,0;0;Pública;1,0;1,0;0,0;8,18;Topázio;9,0;9,6;7,5;;6,5;8,5;10,0;6,0;7,0;;3,0;0,0;8,2857;2,0;0,0;0,10570000000000057;0
RA-610;2023;F;10,0;1;Pública;2,0;2,0;0,0;8,2857;Topázio;10,0;10,0;2,52;8,541666667;7,0;8,896666667;10,0;6,3;7,7;;3,0;1,0;7,894888888933334;3,0;1,0;-0,39081111106666633;0
RA-612;2022;F;10,0;1;Pública;1,0;2,0;-1,0;7,594;Ametista;9,0;9,2;7,5;;7,9;7,167;5,0;9,7;6,2;;3,0;-1,0;8,410783333;1,0;0,0;0,8167833329999992;0
RA-612;2023;F;11,0;2;Privada - Apadrinhamento;1,0;2,0;-1,0;8,410783333;Topázio;9,0;9,7;3,77;9,0625;9,7;9,286666667;5,0;9,3;10,0;;3,0;0,0;9,1340409091;2,0;1,0;0,7232575761;0
RA-613;2022;M;13,0;2;Pública;1,0;3,0;-2,0;8,121;Topázio;9,0;9,2;7,5;;9,2;8,556;5,0;9,2;9,2;;3,0;-1,0;6,864508333;3,0;1,0;-1,2564916670000006;0
RA-613;2023;M;14,0;3;Pública;3,0;4,0;-1,0;6,864508333;Ágata;9,2;9,4;5,0;6,71875;4,8;7,2125;5,0;4,3;6,2;3,8;4,0;-1,0;7,4019;3,0;0,0;0,5373916670000005;0
RA-614;2022;M;12,0;1;Pública;1,0;3,0;-2,0;8,339;Topázio;9,5;9,7;7,5;;9,6;8,278;5,0;9,8;9,3;;3,0;-1,0;8,2282;2,0;1,0;-0,11080000000000112;0
RA-614;2023;M;13,0;2;Pública;2,0;3,0;-1,0;8,2282;Topázio;9,0;9,1;7,52;8,333333333;8,6;8,563333333;5,0;8,8;8,3;;3,0;-1,0;7,8284999999666685;3,0;0,0;-0,39970000003333084;0
RA-615;2022;F;9,0;2;Pública;1,0;1,0;0,0;8,086;Topázio;9,5;9,7;7,5;;7,3;6,889;10,0;7,8;6,7;;3,0;-1,0;7,815658333;1,0;-1,0;-0,2703416670000003;1
RA-616;2022;M;12,0;3;Pública;1,0;3,0;-2,0;7,303;Ametista;7,4;7,4;7,5;;8,8;7,278;5,0;9,2;8,5;;3,0;-1,0;5,612;2,0;1,0;-1,6909999999999998;0
RA-616;2023;M;13,0;4;Pública;2,0;3,0;-1,0;5,612;Quartzo;0,0;6,6;5,02;5,833333333;6,8;6,783333333;5,0;5,5;8,0;;3,0;0,0;5,457877193033333;3,0;1,0;-0,15412280696666691;0
RA-617;2022;F;11,0;1;Pública;1,0;2,0;-1,0;7,107;Ametista;8,5;8,9;7,5;;6,3;6,778;5,0;4,5;8,0;;3,0;-1,0;6,816166667;1,0;0,0;-0,29083333300000014;0
RA-618;2022;M;13,0;2;Pública;1,0;3,0;-2,0;7,18;Ametista;8,9;8,3;7,5;;6,7;7,333;5,0;6,8;6,5;;3,0;-2,0;6,4745;2,0;0,0;-0,7054999999999998;0
RA-618;2023;M;14,0;3;Pública;2,0;4,0;-2,0;6,4745;Ágata;0,0;9,2;5,02;8,125;6,2;7,95;5,0;4,5;7,8;;3,0;-2,0;6,718348148233334;3,0;0,0;0,2438481482333339;0
RA-619;2022;F;11,0;1;Pública;1,0;2,0;-1,0;7,693;Ametista;9,5;8,0;7,5;;9,0;7,333;5,0;9,2;8,8;;3,0;0,0;7,891366667;2,0;1,0;0,19836666700000016;0
RA-62;2022;M;17,0;0;Pública;5,0;7,0;-2,0;7,891;Ametista;8,8;9,4;7,5;;9,3;7,25;5,0;8,5;10,0;;3,0;0,0;7,610333333;7,0;2,0;-0,2806666670000002;0
RA-62;2023;F;17,0;1;Pública;7,0;7,0;0,0;7,610333333;Ametista;0,0;9,8;6,89;8,25;7,5;8,215;10,0;9,3;6,8;6,3;4,0;0,0;;8,0;0,0;;0
RA-620;2022;M;12,0;1;Pública;1,0;3,0;-2,0;6,018;Ágata;0,0;7,5;7,5;;6,8;6,833;5,0;8,5;5,0;;3,0;-1,0;7,043666667;2,0;1,0;1,0256666670000003;0
RA-620;2023;M;13,0;2;Pública;2,0;3,0;-1,0;7,043666667;Ametista;6,8;8,4;7,52;6,875;6,2;7,503333333;5,0;5,2;7,2;;3,0;0,0;5,766892063566667;3,0;1,0;-1,2767746034333332;0
RA-623;2022;M;13,0;0;Pública;1,0;3,0;-2,0;7,524;Ametista;7,5;9,0;7,5;;8,3;7,389;5,0;9,3;7,2;;3,0;-2,0;7,8307;2,0;0,0;0,3067000000000002;0
RA-623;2023;M;14,0;1;Pública;2,0;4,0;-2,0;7,8307;Ametista;10,0;9,5;7,52;7,291666667;7,3;7,446666667;5,0;5,8;8,8;;3,0;-1,0;6,357733333300001;3,0;1,0;-1,4729666666999996;0
RA-624;2022;M;10,0;0;Pública;1,0;2,0;-1,0;7,425;Ametista;9,0;8,9;7,5;;6,8;7,722;5,0;8,0;5,5;;3,0;-1,0;8,270825;1,0;0,0;0,8458250000000005;0
RA-624;2023;M;11,0;1;Pública;1,0;2,0;-1,0;8,270825;Topázio;9,0;9,2;7,52;8,90625;8,6;8,39;5,0;8,3;8,8;;3,0;0,0;7,229425672900001;2,0;1,0;-1,0413993270999997;0
RA-626;2022;M;11,0;1;Pública;1,0;2,0;-1,0;5,818;Quartzo;7,4;7,6;7,5;;1,3;7,278;5,0;2,5;0,0;;3,0;-1,0;7,231033333;2,0;0,0;1,4130333330000004;0
RA-626;2023;M;12,0;2;Pública;2,0;3,0;-1,0;7,231033333;Ametista;9,0;9,2;4,39;7,291666667;6,5;7,613333333;5,0;4,7;8,3;;3,0;0,0;6,407590225500001;3,0;1,0;-0,8234431074999993;0
RA-628;2022;M;11,0;0;Pública;1,0;2,0;-1,0;7,577;Ametista;9,5;7,6;7,5;;9,2;7,333;5,0;9,3;9,0;;3,0;-2,0;8,370325;1,0;-1,0;0,7933249999999994;1
RA-628;2023;M;12,0;1;Pública;1,0;3,0;-2,0;8,370325;Topázio;9,5;8,9;7,52;8,28125;9,4;8,45;5,0;9,0;9,7;;3,0;-1,0;8,2366166666;2,0;1,0;-0,13370833339999955;0
RA-629;2022;M;9,0;0;Pública;1,0;1,0;0,0;8,11;Topázio;9,0;10,0;7,5;;7,0;7,278;10,0;5,0;9,0;;3,0;-1,0;8,013866667;1,0;-1,0;-0,09613333299999915;1
RA-629;2023;F;10,0;1;Pública;1,0;2,0;-1,0;8,013866667;Topázio;10,0;9,4;7,52;7,916666667;7,5;7,95;5,0;7,0;8,0;;3,0;0,0;8,061295238200001;2,0;1,0;0,0474285712000011;0
RA-63;2022;M;16,0;4;Privada - Parceira;5,0;6,0;-1,0;8,282;Topázio;8,3;9,1;8,8;;8,7;9,417;5,0;8,2;8,2;9,7;3,0;-1,0;8,0641;6,0;0,0;-0,2179000000000002;0
RA-630;2022;M;9,0;0;Pública;1,0;1,0;0,0;8,064;Topázio;9,5;9,2;7,5;;7,3;7,278;10,0;6,5;8,0;;3,0;-1,0;7,199991667;1,0;-1,0;-0,8640083330000001;1
RA-630;2023;M;10,0;1;Pública;1,0;2,0;-1,0;7,199991667;Ametista;9,0;8,6;3,77;8,28125;5,7;8,673333333;5,0;4,2;7,2;;3,0;0,0;6,879985507300001;2,0;1,0;-0,32000615969999924;0
RA-631;2022;M;12,0;0;Pública;1,0;3,0;-2,0;6,928;Ágata;8,5;6,8;7,5;;7,0;7,222;5,0;7,3;6,7;;3,0;-1,0;5,954666667;2,0;1,0;-0,9733333330000002;0
RA-631;2023;M;13,0;1;Pública;2,0;3,0;-1,0;5,954666667;Quartzo;0,0;6,4;6,27;7,916666667;7,0;6,78;5,0;6,0;8,0;;3,0;0,0;6,795673420466667;3,0;1,0;0,841006753466667;0
RA-632;2022;F;10,0;0;Pública;1,0;2,0;-1,0;6,996;Ágata;8,5;9,3;6,9;;6,3;6,722;5,0;5,5;7,2;;3,0;0,0;7,8768;2,0;1,0;0,8807999999999998;0
RA-632;2023;F;11,0;1;Pública;2,0;2,0;0,0;7,8768;Ametista;4,7;9,1;5,64;8,333333333;7,4;8,563333333;10,0;6,8;8,0;;3,0;0,0;7,515491249000001;3,0;0,0;-0,36130875099999926;0
RA-633;2022;F;11,0;2;Pública;1,0;2,0;-1,0;7,476;Ametista;7,3;8,9;7,5;;7,7;7,833;5,0;6,8;8,5;;3,0;-1,0;6,6552;2,0;0,0;-0,8208000000000002;0
RA-633;2023;F;12,0;3;Pública;2,0;3,0;-1,0;6,6552;Ágata;1,7;8,1;6,27;8,541666667;7,2;7,286666667;5,0;5,3;9,0;;3,0;0,0;5,228470175466667;3,0;1,0;-1,426729824533333;0
RA-636;2022;M;10,0;0;Pública;1,0;2,0;-1,0;7,189;Ametista;8,5;8,0;6,9;;7,3;7,389;5,0;7,3;7,3;;3,0;-1,0;6,836666667;1,0;0,0;-0,3523333329999998;0
RA-636;2023;M;11,0;1;Pública;1,0;2,0;-1,0;6,836666667;Ágata;0,0;8,3;5,64;8,333333333;9,0;7,446666667;5,0;9,2;8,7;;3,0;0,0;6,3802279106;2,0;1,0;-0,45643875639999987;0
RA-637;2022;F;10,0;1;Pública;1,0;2,0;-1,0;7,039;Ametista;8,5;9,0;7,5;;5,8;7,0;5,0;4,8;6,8;;3,0;-1,0;8,109533333;1,0;0,0;1,0705333330000002;0
RA-637;2023;F;11,0;2;Pública;1,0;2,0;-1,0;8,109533333;Topázio;8,0;9,5;7,52;8,333333333;8,5;8,17;5,0;8,7;8,2;;3,0;0,0;7,6853212122;2,0;1,0;-0,42421212080000004;0
RA-638;2022;F;9,0;2;Pública;1,0;1,0;0,0;7,059;Ametista;8,5;9,3;7,5;;3,9;6,278;10,0;2,0;5,8;;3,0;-1,0;7,754866667;1,0;-1,0;0,6958666669999998;1
RA-638;2023;F;10,0;3;Pública;1,0;2,0;-1,0;7,754866667;Ametista;9,0;9,4;7,52;8,333333333;6,5;7,946666667;5,0;6,8;6,2;;3,0;0,0;6,7464878789;2,0;1,0;-1,0083787881;0
RA-639;2022;F;10,0;1;Pública;1,0;2,0;-1,0;6,613;Ágata;8,5;7,4;7,5;;5,5;6,611;5,0;3,2;7,8;;3,0;0,0;7,5853;2,0;1,0;0,9722999999999997;0
RA-639;2023;F;11,0;2;Pública;2,0;2,0;0,0;7,5853;Ametista;7,4;8,1;6,27;8,125;6,3;7,62;10,0;4,8;7,8;;3,0;0,0;5,7693807644;3,0;0,0;-1,8159192356;0
RA-64;2022;M;16,0;3;Pública;5,0;6,0;-1,0;7,368;Ametista;7,1;8,1;8,1;;7,5;8,25;5,0;4,8;8,2;9,4;3,0;-1,0;7,452541667;6,0;0,0;0,08454166699999988;0
RA-64;2023;F;17,0;4;Privada - Apadrinhamento;6,0;7,0;-1,0;7,452541667;Ametista;7,5;9,2;6,89;7,34375;6,7;7,9625;5,0;7,0;6,0;7,2;4,0;0,0;8,743607059266667;7,0;1,0;1,2910653922666668;0
RA-640;2022;F;11,0;0;Pública;1,0;2,0;-1,0;6,73;Ágata;9,0;8,4;7,5;;4,8;6,778;5,0;2,5;7,0;;3,0;-2,0;6,1105;1,0;-1,0;-0,6195000000000004;1
RA-642;2022;F;10,0;1;Pública;1,0;2,0;-1,0;7,75;Ametista;10,0;9,7;6,9;;7,3;7,778;5,0;7,0;7,7;;3,0;0,0;8,416866667;2,0;1,0;0,6668666670000007;0
RA-642;2023;F;11,0;2;Pública;2,0;2,0;0,0;8,416866667;Topázio;9,5;9,2;6,27;8,75;6,5;9,173333333;10,0;5,7;7,2;;3,0;0,0;7,082591269866667;3,0;0,0;-1,334275397133334;0
RA-643;2022;M;10,0;0;Pública;1,0;2,0;-1,0;6,763;Ágata;9,0;8,0;7,5;;6,2;6,722;5,0;6,3;6,0;;3,0;-1,0;7,389033333;1,0;0,0;0,6260333330000005;0
RA-643;2023;M;11,0;1;Pública;1,0;2,0;-1,0;7,389033333;Ametista;9,5;8,2;7,52;6,041666667;7,1;7,613333333;5,0;7,0;7,2;;3,0;-1,0;6,402239075100001;2,0;0,0;-0,9867942578999997;0
RA-644;2022;F;11,0;1;Pública;1,0;2,0;-1,0;7,83;Ametista;9,5;8,0;7,5;;8,8;8,278;5,0;9,7;8,0;;3,0;-1,0;6,897033333;2,0;0,0;-0,9329666669999996;0
RA-645;2022;F;10,0;0;Pública;1,0;2,0;-1,0;6,086;Ágata;8,5;8,1;7,5;;2,0;6,833;5,0;4,0;0,0;;3,0;-1,0;7,613033333;1,0;0,0;1,5270333329999994;0
RA-645;2023;F;11,0;1;Pública;1,0;2,0;-1,0;7,613033333;Ametista;9,0;8,5;6,27;8,125;7,3;8,116666667;5,0;6,5;8,0;;3,0;0,0;7,502239394;2,0;1,0;-0,11079393899999967;0
RA-646;2022;M;13,0;3;Pública;1,0;3,0;-2,0;8,181;Topázio;8,5;9,8;8,1;;8,4;8,389;5,0;8,8;8,0;;3,0;-1,0;8,3547;2,0;1,0;0,1737000000000002;0
RA-646;2023;M;13,0;4;Pública;2,0;3,0;-1,0;8,3547;Topázio;10,0;8,9;7,52;8,958333333;8,4;8,783333333;5,0;8,2;8,5;;3,0;-1,0;7,715491666666668;3,0;0,0;-0,6392083333333316;0
RA-647;2022;M;10,0;0;Pública;1,0;2,0;-1,0;6,606;Ágata;9,5;8,6;7,5;;3,3;7,278;5,0;1,5;5,2;;3,0;-1,0;7,100566667;1,0;0,0;0,49456666699999996;0
RA-649;2022;F;12,0;3;Pública;1,0;3,0;-2,0;7,302;Ametista;8,5;8,9;5,6;;7,4;7,611;5,0;6,3;8,5;;3,0;-1,0;7,579533333;2,0;1,0;0,27753333300000005;0
RA-649;2023;F;13,0;4;Pública;2,0;3,0;-1,0;7,579533333;Ametista;9,0;9,3;3,77;8,75;6,5;8,836666667;5,0;3,8;9,2;;3,0;0,0;6,985329691766667;3,0;1,0;-0,5942036412333325;0
RA-651;2022;F;10,0;0;Pública;1,0;2,0;-1,0;7,866;Ametista;8,5;9,3;7,5;;7,8;8,333;5,0;7,7;7,8;;3,0;0,0;7,332;2,0;1,0;-0,5339999999999998;0
RA-651;2023;F;11,0;1;Pública;2,0;2,0;0,0;7,332;Ametista;0,0;8,2;3,77;8,75;9,3;7,95;10,0;9,8;8,7;;3,0;1,0;8,689300000100001;3,0;1,0;1,3573000001000013;0
RA-652;2022;F;9,0;0;Pública;1,0;1,0;0,0;8,151;Topázio;8,0;9,6;7,5;;7,8;7,5;10,0;7,0;8,5;;3,0;-1,0;7,871033333;1,0;-1,0;-0,27996666700000006;1
RA-652;2023;F;10,0;1;Pública;1,0;2,0;-1,0;7,871033333;Ametista;9,0;9,4;6,89;8,125;7,0;8,446666667;5,0;6,2;7,8;;3,0;0,0;7,361896969700001;2,0;1,0;-0,5091363632999988;0
RA-653;2022;F;11,0;0;Pública;1,0;2,0;-1,0;8,101;Topázio;9,5;9,6;7,5;;9,3;7,5;5,0;9,5;9,0;;3,0;-1,0;7,385666667;2,0;0,0;-0,7153333330000011;0
RA-653;2023;F;12,0;1;Pública;2,0;3,0;-1,0;7,385666667;Ametista;0,0;9,8;6,27;9,166666667;7,9;9,06;5,0;7,7;8,0;;3,0;0,0;8,103217647033333;3,0;1,0;0,7175509800333328;0
RA-655;2022;F;12,0;3;Pública;1,0;3,0;-2,0;7,785;Ametista;7,5;9,2;7,5;;8,3;8,389;5,0;8,3;8,2;;3,0;-1,0;8,3198;2,0;1,0;0,5348000000000006;0
RA-655;2023;F;13,0;4;Pública;2,0;3,0;-1,0;8,3198;Topázio;7,4;9,9;7,52;9,166666667;8,3;8,896666667;5,0;7,2;9,3;;3,0;0,0;8,238600000066668;3,0;1,0;-0,08119999993333238;0
RA-656;2022;F;11,0;2;Pública;1,0;2,0;-1,0;6,652;Ágata;7,4;7,5;5,6;;6,3;7,5;5,0;5,0;7,5;;3,0;-1,0;6,780833333;2,0;0,0;0,12883333300000022;0
RA-656;2023;F;12,0;3;Pública;2,0;3,0;-1,0;6,780833333;Ágata;0,0;8,9;7,52;8,541666667;7,3;7,173333333;5,0;5,8;8,8;;3,0;0,0;6,668152941266667;3,0;1,0;-0,112680391733333;0
RA-657;2022;F;12,0;1;Pública;1,0;3,0;-2,0;8,093;Topázio;9,5;9,8;7,5;;9,0;7,5;5,0;9,0;9,0;;3,0;-1,0;8,3532;2,0;1,0;0,2601999999999993;0
RA-657;2023;F;12,0;2;Pública;2,0;3,0;-1,0;8,3532;Topázio;8,5;10,0;7,52;8,75;8,2;8,73;5,0;7,0;9,3;;3,0;0,0;8,207433333400001;3,0;1,0;-0,14576666659999837;0
RA-658;2022;F;10,0;0;Pública;1,0;2,0;-1,0;7,407;Ametista;10,0;9,3;7,5;;5,6;7,917;5,0;4,7;6,5;;2,0;0,0;8,438533333;2,0;1,0;1,0315333330000005;0
RA-658;2023;F;10,0;1;Pública;2,0;2,0;0,0;8,438533333;Topázio;9,5;9,5;7,52;7,916666667;6,1;9,173333333;10,0;5,3;6,8;;3,0;1,0;7,507033333333333;3,0;1,0;-0,9314999996666673;0
RA-661;2022;M;11,0;0;Pública;1,0;2,0;-1,0;7,593;Ametista;9,0;8,3;7,5;;7,8;7,917;5,0;8,3;7,3;;2,0;0,0;6,846333333;2,0;1,0;-0,7466666670000004;0
RA-662;2022;F;11,0;0;Pública;1,0;2,0;-1,0;7,044;Ametista;9,0;8,8;7,5;;6,8;6,083;5,0;5,7;7,8;;2,0;-1,0;6,733566667;2,0;0,0;-0,31043333299999976;0
RA-662;2023;F;12,0;1;Pública;2,0;3,0;-1,0;6,733566667;Ágata;6,8;7,6;6,27;7,291666667;6,7;6,72;5,0;4,3;9,0;;3,0;0,0;7,107477855466668;3,0;1,0;0,3739111884666686;0
RA-663;2022;M;10,0;0;Pública;1,0;2,0;-1,0;6,376;Ágata;6,9;8,7;7,5;;5,8;5,25;5,0;5,0;6,5;;2,0;-1,0;6,969133333;1,0;0,0;0,5931333329999999;0
RA-663;2023;M;11,0;1;Pública;1,0;2,0;-1,0;6,969133333;Ágata;6,9;7,4;7,52;6,666666667;7,0;7,393333333;5,0;6,7;7,3;;3,0;-1,0;6,696419461700001;2,0;0,0;-0,2727138712999997;0
RA-664;2022;F;10,0;0;Pública;1,0;2,0;-1,0;7,277;Ametista;9,5;8,8;7,5;;6,3;7,167;5,0;5,0;7,5;;2,0;-1,0;8,0872;1,0;0,0;0,8101999999999991;0
RA-664;2023;F;11,0;1;Pública;1,0;2,0;-1,0;8,0872;Topázio;9,0;9,6;7,52;7,916666667;8,0;8,116666667;5,0;8,0;8,0;;3,0;0,0;7,5017244089;2,0;1,0;-0,5854755910999989;0
RA-665;2022;F;11,0;0;Pública;1,0;2,0;-1,0;6,996;Ágata;9,0;7,4;7,5;;6,8;7,25;5,0;6,5;7,0;;2,0;-1,0;6,185658333;1,0;0,0;-0,8103416670000003;0
RA-665;2023;F;11,0;1;Pública;1,0;2,0;-1,0;6,185658333;Ágata;9,5;4,9;2,52;8,28125;5,2;8,226666667;5,0;5,0;5,3;;3,0;-1,0;5,698703030200001;2,0;0,0;-0,4869553027999993;0
RA-666;2022;M;10,0;0;Pública;1,0;2,0;-1,0;7,929;Ametista;9,5;9,1;7,5;;7,8;8,833;5,0;8,0;7,5;;2,0;0,0;8,720366667;2,0;1,0;0,7913666670000001;0
RA-666;2023;M;11,0;1;Pública;2,0;2,0;0,0;8,720366667;Topázio;9,5;9,1;7,52;8,541666667;7,1;9,62;10,0;6,7;7,5;;3,0;0,0;8,185838802933334;3,0;0,0;-0,534527864066666;0
RA-667;2022;M;11,0;1;Pública;1,0;2,0;-1,0;5,844;Quartzo;8,5;5,6;7,5;;4,5;5,833;5,0;3,7;5,3;;2,0;-1,0;6,774866667;2,0;0,0;0,9308666670000001;0
RA-667;2023;M;12,0;2;Pública;2,0;3,0;-1,0;6,774866667;Ágata;9,0;6,9;6,89;7,083333333;5,2;7,836666667;5,0;3,0;7,3;;3,0;0,0;7,177130604266668;3,0;1,0;0,4022639372666674;0
RA-668;2022;M;11,0;0;Pública;1,0;2,0;-1,0;4,365;Quartzo;6,9;3,3;7,5;;2,8;3,75;5,0;2,8;2,8;;2,0;-1,0;6,017933333;2,0;0,0;1,652933333;0
RA-669;2022;M;11,0;0;Pública;1,0;2,0;-1,0;7,475;Ametista;9,0;9,7;7,5;;6,0;7,833;5,0;5,0;7,0;;2,0;0,0;7,345033333;2,0;1,0;-0,1299666669999997;0
RA-669;2023;M;11,0;1;Pública;2,0;2,0;0,0;7,345033333;Ametista;8,5;7,8;7,52;7,708333333;5,0;7,06;10,0;3,3;6,7;;3,0;0,0;6,6438703703;3,0;0,0;-0,7011629626999998;0
RA-670;2022;F;10,0;0;Pública;1,0;2,0;-1,0;7,451;Ametista;8,0;8,8;7,5;;6,9;8,167;5,0;6,5;7,3;;2,0;0,0;8,6067;2,0;1,0;1,1557000000000004;0
RA-670;2023;F;11,0;1;Pública;2,0;2,0;0,0;8,6067;Topázio;9,5;8,7;7,52;8,958333333;7,0;9,343333333;10,0;5,8;8,2;;3,0;1,0;8,8602539683;3,0;1,0;0,2535539683000003;0
RA-671;2022;M;9,0;1;Pública;0,0;1,0;-1,0;7,617;Ametista;8,5;8,2;8,1;;8,8;7,417;5,0;8,8;8,8;;2,0;-2,0;6,5143;0,0;-1,0;-1,1026999999999996;1
RA-672;2022;F;9,0;1;Pública;0,0;1,0;-1,0;7,48;Ametista;8,5;8,5;8,1;;8,8;6,75;5,0;8,5;9,1;;2,0;-2,0;6,5623;0,0;-1,0;-0,9177000000000008;1
RA-672;2023;F;10,0;2;Pública;0,0;2,0;-2,0;6,5623;Ágata;7,9;9,5;2,52;5,625;6,4;6,43;5,0;6,0;6,7;;2,0;-1,0;4,2118138341;1,0;1,0;-2,3504861658999996;0
RA-674;2022;M;8,0;0;Pública;0,0;0,0;0,0;7,862;Ametista;9,5;8,7;8,1;;8,0;6,333;10,0;8,9;7,0;;2,0;-1,0;6,6328;0,0;-1,0;-1,2292000000000005;1
RA-675;2022;M;8,0;0;Pública;0,0;0,0;0,0;7,576;Ametista;10,0;6,6;8,1;;7,4;7,083;10,0;8,8;5,9;;2,0;0,0;8,3577;0,0;0,0;0,7816999999999998;0
RA-677;2022;F;8,0;1;Pública;0,0;0,0;0,0;8,358;Topázio;10,0;9,4;7,5;;7,3;8,583;10,0;7,7;6,8;;2,0;-1,0;8,5257;0,0;-1,0;0,16769999999999996;1
RA-678;2022;M;9,0;0;Pública;0,0;1,0;-1,0;8,0;Ametista;9,0;10,0;6,9;;7,3;9,5;5,0;7,5;7,0;;2,0;-1,0;7,570158333;1,0;0,0;-0,4298416669999998;0
RA-679;2022;M;10,0;2;Pública;0,0;2,0;-2,0;7,172;Ametista;9,0;8,2;7,5;;6,3;7,833;5,0;6,7;5,8;;2,0;-1,0;6,138366667;1,0;1,0;-1,033633333;0
RA-680;2022;F;10,0;3;Pública;0,0;2,0;-2,0;7,518;Ametista;9,5;8,8;7,5;;7,4;7,75;5,0;8,0;6,8;;2,0;-1,0;6,5855;1,0;1,0;-0,9325000000000001;0
RA-680;2023;F;11,0;4;Pública;1,0;2,0;-1,0;6,5855;Ágata;0,0;9,1;7,52;6,875;6,4;7,78;5,0;5,2;7,5;;3,0;-1,0;4,9800714287000005;2,0;0,0;-1,6054285712999992;0
RA-681;2022;M;10,0;0;Pública;0,0;2,0;-2,0;7,204;Ametista;8,5;8,5;6,9;;6,5;8,0;5,0;6,5;6,5;;2,0;-2,0;6,2955;0,0;0,0;-0,9085000000000001;0
RA-681;2023;M;10,0;1;Pública;0,0;2,0;-2,0;6,2955;Ágata;0,0;7,8;3,77;5,625;8,3;8,18;5,0;8,8;7,8;;2,0;-1,0;6,0398818182000005;1,0;1,0;-0,2556181817999992;0
RA-684;2022;M;7,0;0;Pública;0,0;0,0;0,0;8,26;Topázio;9,5;7,5;8,1;;9,3;7,917;10,0;9,0;9,6;;2,0;0,0;7,4277;0,0;0,0;-0,8323;0
RA-684;2023;M;8,0;1;Privada;0,0;0,0;0,0;7,4277;Ametista;9,0;8,1;7,52;6,875;6,5;5,84;10,0;8,3;4,7;;2,0;0,0;7,769381818200001;1,0;0,0;0,34168181820000143;0
RA-686;2022;F;9,0;0;Pública;0,0;1,0;-1,0;7,729;Ametista;7,5;8,6;8,1;;8,8;8,083;5,0;9,2;8,5;;2,0;-1,0;7,9642;1,0;0,0;0,23519999999999985;0
RA-686;2023;F;10,0;1;Pública;1,0;2,0;-1,0;7,9642;Ametista;8,5;9,0;7,52;7,5;8,0;8,56;5,0;7,3;8,7;;3,0;0,0;8,040259523700001;2,0;1,0;0,07605952370000146;0
RA-687;2022;M;9,0;0;Pública;0,0;1,0;-1,0;7,703;Ametista;8,5;9,0;8,1;;8,3;8,0;5,0;9,0;7,5;;2,0;-1,0;7,617533333;1,0;0,0;-0,08546666700000038;0
RA-687;2023;M;10,0;1;Pública;1,0;2,0;-1,0;7,617533333;Ametista;8,0;9,0;7,52;7,5;6,9;8,226666667;5,0;6,7;7,0;;3,0;0,0;8,2739844611;2,0;1,0;0,6564511280999996;0
RA-688;2022;M;9,0;0;Pública;0,0;1,0;-1,0;7,771;Ametista;8,5;9,7;7,5;;7,9;7,917;5,0;8,0;7,8;;2,0;-1,0;8,0442;1,0;0,0;0,2732000000000001;0
RA-688;2023;M;10,0;1;Pública;1,0;2,0;-1,0;8,0442;Topázio;8,5;9,3;7,52;7,5;8,6;8,06;5,0;8,2;9,0;;3,0;0,0;8,986533333300002;2,0;1,0;0,9423333333000024;0
RA-690;2022;F;9,0;0;Pública;0,0;1,0;-1,0;7,541;Ametista;9,5;9,5;7,5;;7,0;7,417;5,0;7,2;6,8;;2,0;-2,0;8,6112;0,0;-1,0;1,0701999999999998;1
RA-690;2023;F;10,0;1;Pública;0,0;2,0;-2,0;8,6112;Topázio;9,0;9,8;6,89;7,5;9,1;10,01;5,0;9,3;8,8;;2,0;-1,0;7,3853681818;1,0;1,0;-1,2258318182000005;0
RA-692;2022;F;9,0;1;Pública;0,0;1,0;-1,0;7,569;Ametista;9,5;8,9;8,1;;6,9;7,917;5,0;7,0;6,8;;2,0;-1,0;6,588466667;1,0;0,0;-0,9805333330000003;0
RA-693;2022;F;7,0;0;Pública;0,0;0,0;0,0;7,944;Ametista;9,5;9,8;8,1;;5,7;7,667;10,0;5,0;6,3;;2,0;0,0;9,0112;0,0;0,0;1,0672000000000006;0
RA-693;2023;F;8,0;1;Pública;0,0;0,0;0,0;9,0112;Topázio;10,0;9,4;6,89;7,5;8,5;10,01;10,0;8,2;8,7;;2,0;0,0;8,9079954545;1,0;0,0;-0,10320454550000058;0
RA-696;2022;F;9,0;1;Pública;0,0;1,0;-1,0;7,441;Ametista;8,5;9,0;7,5;;6,6;8,167;5,0;6,5;6,7;;2,0;0,0;7,172666667;1,0;1,0;-0,2683333330000002;0
RA-696;2023;F;9,0;2;Pública;1,0;1,0;0,0;7,172666667;Ametista;0,0;9,4;5,02;7,5;6,7;8,503333333;10,0;5,2;8,2;;3,0;0,0;7,482680952299999;2,0;0,0;0,3100142852999994;0
RA-698;2022;M;9,0;1;Pública;0,0;1,0;-1,0;7,44;Ametista;9,0;9,8;2,5;;8,1;8,083;5,0;8,0;8,2;;2,0;0,0;7,553616667;1,0;1,0;0,11361666699999962;0
RA-698;2023;M;9,0;2;Pública;1,0;1,0;0,0;7,553616667;Ametista;8,5;9,9;2,52;7,1875;5,7;8,113333333;10,0;4,3;7,0;;3,0;0,0;7,3363190476;2,0;0,0;-0,21729761940000003;0
RA-699;2022;M;9,0;0;Pública;0,0;1,0;-1,0;6,658;Ágata;5,2;9,2;7,5;;7,1;6,0;5,0;7,5;6,7;;2,0;-1,0;6,389991667;1,0;0,0;-0,26800833300000004;0
RA-699;2023;M;10,0;1;Pública;1,0;2,0;-1,0;6,389991667;Ágata;8,5;8,3;3,77;5,78125;6,0;6,173333333;5,0;5,7;6,2;;3,0;-1,0;6,427771212000001;1,0;0,0;0,03777954500000025;0
RA-7;2022;M;18,0;5;Privada - Parceira;7,0;8,0;-1,0;6,818;Ágata;0,0;8,4;7,5;;7,6;7,667;5,0;8,2;5,7;9,0;4,0;0,0;;8,0;1,0;;0
RA-7;2023;M;19,0;6;Privada - Bolsa 100%;8,0;8,0;0,0;;;;;;;;;10,0;;;;;0,0;;8,0;0,0;;0
RA-70;2022;F;16,0;5;Pública;5,0;6,0;-1,0;5,712;Quartzo;8,8;6,6;5,0;;2,9;6,111;5,0;5,7;2,9;0,2;4,0;-2,0;6,869133333;5,0;-1,0;1,157133333;1
RA-700;2022;F;9,0;0;Pública;0,0;1,0;-1,0;7,738;Ametista;9,0;8,7;7,5;;9,2;7,083;5,0;9,2;9,2;;2,0;-1,0;8,2852;0,0;0,0;0,5471999999999992;0
RA-700;2023;F;9,0;1;Pública;0,0;1,0;-1,0;8,2852;Topázio;9,5;9,7;7,52;6,25;7,8;9,84;5,0;7,5;8,0;;2,0;-1,0;7,005745454500001;1,0;0,0;-1,2794545454999984;0
RA-701;2022;M;10,0;1;Pública;0,0;2,0;-2,0;7,755;Ametista;9,0;9,3;7,5;;8,7;7,417;5,0;8,7;8,7;;2,0;-2,0;7,3982;0,0;0,0;-0,3567999999999998;0
RA-702;2022;F;8,0;0;Pública;0,0;0,0;0,0;7,387;Ametista;10,0;8,6;5,0;;6,8;7,0;10,0;7,0;6,7;;2,0;-1,0;8,239866667;0,0;-1,0;0,8528666669999998;1
RA-702;2023;F;9,0;1;Pública;0,0;1,0;-1,0;8,239866667;Topázio;10,0;10,0;5,63;7,5;9,3;7,833333333;5,0;9,3;9,3;;2,0;-2,0;7,665116666600001;0,0;-1,0;-0,5747500003999981;1
RA-703;2022;M;10,0;1;Pública;0,0;2,0;-2,0;6,099;Ágata;7,5;7,4;5,0;;5,1;6,833;5,0;5,3;4,8;;2,0;-2,0;6,2737;0,0;0,0;0,17469999999999963;0
RA-704;2022;M;10,0;0;Pública;0,0;2,0;-2,0;6,741;Ágata;9,0;8,6;5,0;;7,2;6,583;5,0;7,7;6,6;;2,0;-2,0;6,8297;0,0;0,0;0,08870000000000022;0
RA-704;2023;M;11,0;1;Pública;0,0;2,0;-2,0;6,8297;Ágata;10,0;9,9;3,14;5,625;6,1;6,265;5,0;6,5;5,7;;2,0;-1,0;6,8121156785000005;1,0;1,0;-0,017584321499999334;0
RA-705;2022;M;10,0;0;Pública;0,0;2,0;-2,0;6,634;Ágata;9,5;6,2;7,5;;7,1;6,333;5,0;7,0;7,2;;2,0;-2,0;6,982;0,0;0,0;0,34799999999999986;0
RA-705;2023;M;10,0;1;Pública;0,0;2,0;-2,0;6,982;Ágata;0,0;8,3;6,89;7,5;8,8;8,165;5,0;8,9;8,6;;2,0;-1,0;5,294247619100001;1,0;1,0;-1,6877523808999992;0
RA-706;2022;F;10,0;1;Pública;0,0;2,0;-2,0;7,659;Ametista;9,5;6,7;7,5;;9,1;8,417;5,0;9,1;9,1;;2,0;-2,0;7,1527;0,0;0,0;-0,5062999999999995;0
RA-706;2023;F;10,0;2;Pública;0,0;2,0;-2,0;7,1527;Ametista;9,0;7,8;4,39;6,875;7,3;8,08;5,0;6,7;7,8;;2,0;0,0;5,8701964286;2,0;2,0;-1,2825035714000004;0
RA-707;2022;F;10,0;2;Pública;0,0;2,0;-2,0;7,679;Ametista;10,0;8,1;6,9;;8,5;8,083;5,0;8,8;8,2;;2,0;-1,0;6,518;1,0;1,0;-1,1610000000000005;0
RA-707;2023;F;11,0;3;Pública;1,0;2,0;-1,0;6,518;Ágata;0,0;9,8;3,77;7,916666667;6,5;7,946666667;5,0;5,5;7,5;;3,0;-1,0;6,4975618421000005;2,0;0,0;-0,020438157899999254;0
RA-708;2022;M;9,0;0;Pública;0,0;1,0;-1,0;7,282;Ametista;8,0;8,4;7,5;;7,3;7,583;5,0;7,1;7,6;;2,0;-1,0;7,5105;0,0;0,0;0,22850000000000037;0
RA-709;2022;F;10,0;0;Pública;0,0;2,0;-2,0;5,313;Quartzo;9,5;3,5;7,5;;2,3;7,083;5,0;2,3;2,3;;2,0;-2,0;6,6927;0,0;0,0;1,3797000000000006;0
RA-709;2023;F;11,0;1;Pública;0,0;2,0;-2,0;6,6927;Ágata;10,0;7,9;7,52;5,625;4,9;6,59;5,0;5,5;4,3;;2,0;-1,0;6,833780895800001;1,0;1,0;0,14108089580000094;0
RA-71;2022;F;17,0;3;Pública;5,0;7,0;-2,0;4,332;Quartzo;7,9;2,0;7,5;;1,2;5,833;5,0;1,3;2,2;0,0;4,0;-2,0;7,3651;6,0;0,0;3,0331;0
RA-710;2022;M;10,0;2;Pública;0,0;2,0;-2,0;7,285;Ametista;9,5;8,9;5,0;;6,9;8,0;5,0;7,0;6,8;;2,0;-1,0;7,0582;1,0;1,0;-0,2267999999999999;0
RA-710;2023;M;11,0;3;Pública;1,0;2,0;-1,0;7,0582;Ametista;9,5;9,0;3,77;7,083333333;6,5;7,113333333;5,0;5,7;7,3;;3,0;-1,0;7,0366241342;2,0;0,0;-0,021575865800000038;0
RA-712;2022;M;11,0;3;Pública;0,0;2,0;-2,0;6,026;Ágata;8,0;5,1;5,0;;8,0;5,833;5,0;8,7;7,3;;2,0;-2,0;6,331533333;1,0;0,0;0,3055333330000005;0
RA-712;2023;M;12,0;4;Pública;1,0;3,0;-2,0;6,331533333;Ágata;9,5;5,6;3,14;7,5;6,7;6,836666667;5,0;5,5;7,8;;3,0;-1,0;6,2236373706000006;2,0;1,0;-0,10789596239999977;0
RA-713;2022;M;9,0;1;Pública;0,0;1,0;-1,0;7,42;Ametista;10,0;8,7;7,5;;7,8;7,25;5,0;8,0;7,7;;2,0;-1,0;7,408033333;1,0;0,0;-0,011966667000000264;0
RA-713;2023;M;10,0;2;Pública;1,0;2,0;-1,0;7,408033333;Ametista;8,0;9,6;3,77;6,875;7,5;8,166666667;5,0;6,7;8,2;;3,0;0,0;7,467500983400001;2,0;1,0;0,059467650400001126;0
RA-714;2022;M;11,0;3;Pública;0,0;2,0;-2,0;6,953;Ágata;9,0;6,9;5,6;;8,0;7,25;5,0;8,5;7,5;;2,0;-2,0;6,078666667;1,0;0,0;-0,874333333;0
RA-714;2023;M;12,0;4;Pública;1,0;3,0;-2,0;6,078666667;Ágata;0,0;8,0;3,14;7,5;7,4;7,223333333;5,0;6,7;8,0;;3,0;-1,0;5,4653662008;2,0;1,0;-0,6133004662000001;0
RA-715;2022;F;9,0;0;Pública;0,0;1,0;-1,0;6,656;Ágata;8,5;8,7;4,4;;4,9;7,917;5,0;4,8;5,0;;2,0;-2,0;5,8915;0,0;-1,0;-0,7645;1
RA-715;2023;F;10,0;1;Pública;0,0;2,0;-2,0;5,8915;Quartzo;0,0;9,5;3,14;5,625;5,4;7,675;5,0;4,5;6,3;;2,0;0,0;5,3098253133;2,0;2,0;-0,5816746866999996;0
RA-716;2022;M;9,0;0;Pública;0,0;1,0;-1,0;6,525;Ágata;8,9;8,1;7,5;;6,7;5,417;5,0;7,3;6,0;;2,0;-1,0;6,813366667;1,0;0,0;0,288366667;0
RA-716;2023;M;10,0;1;Pública;1,0;2,0;-1,0;6,813366667;Ágata;9,0;8,7;3,77;6,875;5,6;7,443333333;5,0;5,0;6,2;;3,0;-1,0;6,2372943675000005;1,0;0,0;-0,5760722994999998;0
RA-717;2022;F;10,0;1;Pública;0,0;2,0;-2,0;6,832;Ágata;9,0;7,3;7,5;;5,4;7,917;5,0;5,0;5,8;;2,0;-1,0;6,633833333;1,0;1,0;-0,19816666699999974;0
RA-718;2022;F;8,0;0;Pública;0,0;0,0;0,0;8,093;Topázio;8,0;8,9;6,3;;9,2;7,417;10,0;9,2;9,2;;2,0;0,0;8,166866667;1,0;0,0;0,07386666700000077;0
RA-718;2023;F;9,0;1;Pública;1,0;1,0;0,0;8,166866667;Topázio;9,5;9,1;3,77;7,916666667;7,8;8,39;10,0;6,3;9,2;;3,0;1,0;8,705811111100001;2,0;1,0;0,5389444441000002;0
RA-719;2022;F;10,0;1;Pública;0,0;2,0;-2,0;5,552;Quartzo;9,0;4,6;7,5;;4,2;6,083;5,0;5,0;3,3;;2,0;-2,0;6,4137;0,0;0,0;0,8617000000000008;0
RA-719;2023;M;11,0;2;Pública;0,0;2,0;-2,0;6,4137;Ágata;9,5;5,3;7,52;5,625;5,9;7,095;5,0;7,0;4,7;;2,0;-1,0;7,1193969697;1,0;1,0;0,7056969697;0
RA-721;2022;F;8,0;1;Pública;0,0;0,0;0,0;7,973;Ametista;9,5;8,1;7,5;;7,6;7,917;10,0;8,2;7,0;;2,0;0,0;8,683366667;1,0;0,0;0,7103666669999997;0
RA-721;2023;F;9,0;2;Pública;1,0;1,0;0,0;8,683366667;Topázio;8,5;9,5;7,52;8,125;8,4;8,443333333;10,0;7,5;9,3;;3,0;0,0;8,8986026915;2,0;0,0;0,21523602450000112;0
RA-722;2022;F;9,0;1;Pública;0,0;1,0;-1,0;7,41;Ametista;10,0;8,1;4,4;;8,1;8,333;5,0;7,8;8,3;;2,0;-1,0;7,3387;1,0;0,0;-0,07129999999999992;0
RA-725;2022;M;8,0;0;Pública;0,0;0,0;0,0;6,33;Ágata;8,0;5,9;8,1;;5,0;5,5;10,0;4,0;6,0;;2,0;-1,0;8,117366667;0,0;-1,0;1,7873666670000006;1
RA-725;2023;M;9,0;1;Pública;0,0;1,0;-1,0;8,117366667;Topázio;9,5;9,0;7,52;8,125;8,4;8,113333333;5,0;8,1;8,7;;2,0;-1,0;7,0900771929;0,0;0,0;-1,0272894741000007;0
RA-726;2022;F;7,0;0;Pública;0,0;0,0;0,0;6,985;Ágata;10,0;7,5;7,5;;4,4;6,583;10,0;5,8;3,0;;2,0;0,0;7,3687;0,0;0,0;0,38369999999999926;0
RA-727;2022;M;8,0;0;Pública;0,0;0,0;0,0;7,736;Ametista;9,0;7,7;8,1;;8,4;6,75;10,0;9,3;7,4;;2,0;-1,0;7,6802;0,0;-1,0;-0,05579999999999963;1
RA-727;2023;M;9,0;1;Pública;0,0;1,0;-1,0;7,6802;Ametista;9,5;8,8;2,52;7,5;8,0;9,34;5,0;8,3;7,7;;2,0;0,0;8,447003030300001;1,0;1,0;0,7668030303000011;0
RA-729;2022;F;8,0;0;Pública;0,0;0,0;0,0;8,155;Topázio;10,0;8,7;8,1;;8,1;7,25;10,0;8,5;7,8;;2,0;-1,0;7,26545;0,0;-1,0;-0,889549999999999;1
RA-729;2023;F;9,0;1;Pública;0,0;1,0;-1,0;7,26545;Ametista;8,0;9,1;3,77;6,5625;8,6;7,01;5,0;8,2;8,9;;2,0;-1,0;6,684533333300001;0,0;0,0;-0,5809166666999994;0
RA-730;2022;F;10,0;1;Pública;0,0;2,0;-2,0;7,902;Ametista;10,0;8,2;8,8;;8,3;8,25;5,0;8,7;8,0;;2,0;-1,0;7,979325;1,0;1,0;0,07732500000000009;0
RA-730;2023;F;10,0;2;Privada;1,0;2,0;-1,0;7,979325;Ametista;10,0;8,7;5,02;9,53125;7,8;8,67;5,0;7,8;7,7;;3,0;0,0;8,469255555700002;2,0;1,0;0,48993055570000177;0
RA-731;2022;F;10,0;3;Pública;0,0;2,0;-2,0;7,151;Ametista;9,0;8,5;6,9;;7,3;7,083;5,0;7,3;7,2;;2,0;-1,0;6,7742;1,0;1,0;-0,37679999999999936;0
RA-731;2023;F;11,0;4;Pública;1,0;2,0;-1,0;6,7742;Ágata;8,5;7,6;3,14;7,5;6,8;7,45;5,0;6,2;7,3;;3,0;-1,0;4,7704873377000006;2,0;0,0;-2,0037126623;0
RA-733;2022;F;9,0;0;Pública;0,0;1,0;-1,0;6,684;Ágata;9,5;8,5;5,6;;5,1;6,917;5,0;6,0;4,2;;2,0;0,0;8,3342;1,0;1,0;1,650199999999999;0
RA-733;2023;F;9,0;1;Pública;1,0;1,0;0,0;8,3342;Topázio;10,0;8,7;7,52;8,333333333;6,2;8,893333333;10,0;4,3;8,0;;3,0;-1,0;8,808825;1,0;-1,0;0,4746250000000014;1
RA-734;2022;F;10,0;0;Pública;0,0;2,0;-2,0;6,952;Ágata;9,5;7,2;5,6;;7,3;7,417;5,0;8,0;6,5;;2,0;-1,0;7,305908333;1,0;1,0;0,3539083329999997;0
RA-735;2022;F;10,0;1;Pública;0,0;2,0;-2,0;7,485;Ametista;9,0;9,0;5,6;;7,3;8,583;5,0;7,8;6,7;;2,0;-1,0;7,184;1,0;1,0;-0,30100000000000016;0
RA-735;2023;F;11,0;2;Pública;1,0;2,0;-1,0;7,184;Ametista;0,0;9,0;7,52;8,333333333;8,1;8,393333333;5,0;7,7;8,5;;3,0;-1,0;7,7888467391;2,0;0,0;0,6048467391000001;0
RA-736;2022;M;10,0;0;Pública;0,0;2,0;-2,0;6,707;Ágata;9,0;8,5;5,6;;5,4;7,0;5,0;4,7;6,2;;2,0;-1,0;7,600033333;1,0;1,0;0,893033333;0
RA-737;2022;F;9,0;0;Pública;0,0;1,0;-1,0;8,058;Ametista;9,5;9,2;5,6;;9,0;9,167;5,0;8,5;9,5;;2,0;0,0;8,048033333;1,0;1,0;-0,009966667000000484;0
RA-737;2023;F;9,0;1;Pública;1,0;1,0;0,0;8,048033333;Topázio;9,5;7,8;7,52;7,291666667;7,5;7,783333333;10,0;7,0;8,0;;3,0;0,0;8,4695488613;2,0;0,0;0,4215155283000005;0
RA-738;2022;F;8,0;0;Pública;0,0;0,0;0,0;7,227;Ametista;8,5;8,1;5,6;;5,7;7,5;10,0;7,7;3,7;;2,0;0,0;8,123283333;1,0;0,0;0,8962833329999995;0
RA-738;2023;F;9,0;1;Pública;1,0;1,0;0,0;8,123283333;Topázio;8,0;9,3;7,52;8,4375;6,0;8,336666667;10,0;4,2;7,8;;3,0;-1,0;7,2626980238;1,0;-1,0;-0,8605853092000002;1
RA-739;2022;M;8,0;0;Pública;0,0;0,0;0,0;6,82;Ágata;6,4;7,3;5,6;;5,9;7,083;10,0;6,0;5,8;;2,0;-1,0;7,5972;0,0;-1,0;0,7771999999999997;1
RA-740;2022;F;9,0;0;Pública;0,0;1,0;-1,0;7,218;Ametista;8,5;9,0;5,6;;7,2;7,5;5,0;7,3;7,0;;2,0;-2,0;7,2845;0,0;-1,0;0,06650000000000045;1
RA-740;2023;F;10,0;1;Privada;0,0;2,0;-2,0;7,2845;Ametista;0,0;8,7;7,52;6,875;9,1;8,925;5,0;9,0;9,2;;2,0;-1,0;8,1611005269;1,0;1,0;0,8766005268999999;0
RA-741;2022;F;10,0;0;Pública;0,0;2,0;-2,0;6,896;Ágata;9,5;8,4;5,6;;6,3;7,417;5,0;7,3;5,2;;2,0;-2,0;6,2707;0,0;0,0;-0,6253000000000002;0
RA-741;2023;F;11,0;1;Pública;0,0;2,0;-2,0;6,2707;Ágata;9,5;6,9;4,39;5,625;5,1;7,095;5,0;4,2;6,0;;2,0;-1,0;5,0795885374;1,0;1,0;-1,1911114625999994;0
RA-742;2022;F;9,0;0;Pública;0,0;1,0;-1,0;7,097;Ametista;8,5;8,7;5,0;;7,3;7,5;5,0;8,3;6,2;;2,0;-2,0;7,024;0,0;-1,0;-0,0730000000000004;1
RA-743;2022;F;9,0;0;Pública;0,0;1,0;-1,0;6,672;Ágata;10,0;7,9;5,6;;4,8;7,5;5,0;4,8;4,8;;2,0;-2,0;6,659;0,0;-1,0;-0,0129999999999999;1
RA-743;2023;F;10,0;1;Pública;0,0;2,0;-2,0;6,659;Ágata;0,0;9,1;3,77;7,5;7,1;9,01;5,0;7,3;6,8;;2,0;-1,0;7,655745454500001;1,0;1,0;0,996745454500001;0
RA-745;2022;M;9,0;1;Privada - Parceira;0,0;1,0;-1,0;7,382;Ametista;9,0;8,5;5,6;;8,1;7,75;5,0;8,5;7,7;;2,0;-1,0;7,668366667;1,0;0,0;0,28636666700000024;0
RA-745;2023;M;10,0;2;Privada - Apadrinhamento;1,0;2,0;-1,0;7,668366667;Ametista;9,5;9,3;3,77;8,125;7,0;8,893333333;5,0;5,7;8,2;;3,0;0,0;8,6102;2,0;1,0;0,9418333330000008;0
RA-746;2022;M;8,0;0;Pública;0,0;0,0;0,0;7,656;Ametista;8,0;9,1;5,6;;7,2;7,417;10,0;7,7;6,7;;2,0;0,0;6,517166667;1,0;0,0;-1,138833333;0
RA-746;2023;M;9,0;1;Pública;1,0;1,0;0,0;6,517166667;Ágata;0,0;8,0;3,77;6,875;7,2;7,113333333;10,0;6,0;8,3;;3,0;0,0;7,903311111100001;2,0;0,0;1,386144444100001;0
RA-747;2022;F;11,0;0;Pública;0,0;2,0;-2,0;7,676;Ametista;10,0;7,6;7,5;;8,8;7,917;5,0;8,2;9,4;;2,0;-1,0;6,026366667;1,0;1,0;-1,6496333330000006;0
RA-747;2023;F;11,0;1;Pública;1,0;2,0;-1,0;6,026366667;Ágata;10,0;8,0;3,14;6,041666667;3,1;6,94;5,0;1,2;5,0;;3,0;-2,0;5,8450809523;1,0;-1,0;-0,18128571469999955;1
RA-748;2022;M;9,0;1;Pública;0,0;1,0;-1,0;8,084;Topázio;10,0;9,0;7,5;;9,1;8,25;5,0;9,6;8,6;;2,0;-2,0;8,7142;0,0;-1,0;0,6302000000000003;1
RA-748;2023;M;10,0;2;Pública;0,0;2,0;-2,0;8,7142;Topázio;9,5;9,7;7,52;7,5;9,1;10,01;5,0;9,0;9,2;;2,0;-1,0;8,2272;1,0;1,0;-0,4870000000000001;0
RA-749;2022;M;9,0;0;Pública;0,0;1,0;-1,0;7,484;Ametista;9,5;7,7;7,5;;8,8;7,25;5,0;9,5;8,1;;2,0;-1,0;7,7597;0,0;0,0;0,2756999999999996;0
RA-749;2023;M;9,0;1;Pública;0,0;1,0;-1,0;7,7597;Ametista;10,0;9,0;7,52;5,625;7,3;8,425;5,0;7,3;7,3;;2,0;-2,0;8,3373184211;0,0;-1,0;0,5776184211000013;1
RA-750;2022;M;10,0;3;Pública;0,0;2,0;-2,0;6,344;Ágata;9,5;8,9;4,4;;6,8;5,167;5,0;7,1;6,4;;2,0;-2,0;5,6857;0,0;0,0;-0,6583000000000006;0
RA-750;2023;M;11,0;4;Pública;0,0;2,0;-2,0;5,6857;Quartzo;9,5;7,7;3,14;4,375;3,4;6,32;5,0;3,3;3,5;;2,0;-2,0;4,542230369;1,0;0,0;-1,1434696309999994;0
RA-752;2022;F;11,0;0;Pública;0,0;2,0;-2,0;8,197;Topázio;10,0;9,0;7,5;;9,5;8,417;5,0;9,6;9,4;;2,0;-1,0;8,073825;1,0;1,0;-0,12317499999999981;0
RA-752;2023;F;11,0;1;Pública;1,0;2,0;-1,0;8,073825;Topázio;9,5;9,9;7,52;7,65625;6,4;9,23;5,0;4,8;8,0;;3,0;-1,0;6,57279265;2,0;0,0;-1,5010323499999991;0
RA-753;2022;F;8,0;0;Pública;0,0;0,0;0,0;8,481;Topázio;9,5;8,6;7,5;;9,1;8,417;10,0;9,4;8,8;;2,0;-1,0;8,6672;0,0;-1,0;0,18619999999999948;1
RA-753;2023;F;9,0;1;Pública;0,0;1,0;-1,0;8,6672;Topázio;9,0;9,9;7,52;7,5;9,0;9,925;5,0;9,0;9,0;;2,0;-1,0;8,2450571429;1,0;0,0;-0,422142857099999;0
RA-754;2022;M;9,0;0;Pública;0,0;1,0;-1,0;6,602;Ágata;10,0;5,8;4,4;;7,9;6,917;5,0;7,8;8,1;;2,0;-2,0;6,0537;0,0;-1,0;-0,5483000000000002;1
RA-754;2023;M;10,0;1;Pública;0,0;2,0;-2,0;6,0537;Ágata;9,5;6,1;2,52;6,875;5,6;6,67;5,0;5,7;5,4;;2,0;-2,0;5,6127;0,0;0,0;-0,44099999999999984;0
RA-755;2022;M;8,0;0;Pública;0,0;0,0;0,0;8,566;Topázio;9,5;9,2;6,9;;9,5;8,083;10,0;9,8;9,3;;2,0;-1,0;8,7442;0,0;-1,0;0,17819999999999858;1
RA-755;2023;M;9,0;1;Pública;0,0;1,0;-1,0;8,7442;Topázio;10,0;9,5;7,52;7,5;9,2;10,01;5,0;9,2;9,2;;2,0;-1,0;8,925450000000001;1,0;0,0;0,18125000000000213;0
RA-756;2022;M;9,0;0;Pública;0,0;1,0;-1,0;6,976;Ágata;10,0;7,9;7,5;;5,7;7,25;5,0;5,6;5,8;;2,0;-2,0;7,0927;0,0;-1,0;0,1166999999999998;1
RA-756;2023;M;10,0;1;Pública;0,0;2,0;-2,0;7,0927;Ametista;10,0;8,7;7,52;5,625;6,1;6,59;5,0;5,4;6,8;;2,0;-2,0;7,361700000000001;0,0;0,0;0,269000000000001;0
RA-757;2022;F;9,0;0;Pública;0,0;1,0;-1,0;8,26;Topázio;9,5;9,3;7,5;;9,7;8,5;5,0;9,9;9,6;;2,0;-2,0;8,6742;0,0;-1,0;0,414200000000001;1
RA-757;2023;F;10,0;1;Pública;0,0;2,0;-2,0;8,6742;Topázio;9,0;9,6;7,52;7,5;9,3;10,01;5,0;9,5;9,0;;2,0;-1,0;7,938842857200001;1,0;1,0;-0,7353571427999999;0
RA-76;2022;F;15,0;5;Privada - Parceira;5,0;5,0;0,0;9,105;Topázio;10,0;9,1;8,1;;8,7;9,292;10,0;9,3;8,3;8,4;4,0;2,0;;7,0;2,0;;0
RA-76;2023;F;15,0;6;Privada - Bolsa 100%;7,0;5,0;2,0;;;10,0;;2,52;;;;10,0;;;;;2,0;8,152033333333334;7,0;0,0;;0
RA-760;2022;M;11,0;1;Pública;0,0;2,0;-2,0;8,172;Topázio;9,0;9,2;7,5;;8,8;8,917;5,0;9,3;8,2;;2,0;-1,0;6,548333333;2,0;1,0;-1,6236666670000002;0
RA-760;2023;M;12,0;2;Pública;2,0;3,0;-1,0;6,548333333;Ágata;0,0;8,8;7,52;7,083333333;6,3;7,84;5,0;5,8;6,8;;3,0;0,0;6,942581818200001;3,0;1,0;0,39424848520000033;0
RA-761;2022;M;9,0;0;Pública;0,0;1,0;-1,0;8,06;Topázio;10,0;9,4;7,5;;8,2;8,25;5,0;8,8;7,5;;2,0;-1,0;8,219533333;1,0;0,0;0,15953333299999883;0
RA-761;2023;M;10,0;1;Pública;1,0;2,0;-1,0;8,219533333;Topázio;9,0;9,7;7,52;8,333333333;8,4;8,12;5,0;8,7;8,0;;3,0;0,0;8,174593939300001;2,0;1,0;-0,04493939369999822;0
RA-762;2022;M;12,0;0;Pública;0,0;3,0;-3,0;7,28;Ametista;10,0;9,7;7,5;;6,7;7,083;2,5;7,3;6,0;;2,0;-2,0;7,09945;1,0;1,0;-0,1805500000000002;0
RA-762;2023;M;13,0;1;Pública;1,0;3,0;-2,0;7,09945;Ametista;10,0;9,1;3,14;7,8125;5,8;7,67;5,0;6,2;5,3;;3,0;-2,0;5,9677326087;2,0;0,0;-1,1317173912999996;0
RA-763;2022;F;10,0;1;Pública;0,0;2,0;-2,0;7,402;Ametista;9,5;9,7;7,5;;6,5;7,167;5,0;6,3;6,7;;2,0;-2,0;6,7215;0,0;0,0;-0,6805000000000003;0
RA-763;2023;F;10,0;2;Pública;0,0;2,0;-2,0;6,7215;Ágata;0,0;9,2;3,14;6,875;7,9;9,0;5,0;7,8;8,0;;2,0;-1,0;6,984760606;1,0;1,0;0,26326060600000023;0
RA-764;2022;M;8,0;0;Pública;0,0;0,0;0,0;8,004;Ametista;9,0;8,8;7,5;;7,5;7,667;10,0;7,2;7,8;;2,0;0,0;7,682125;1,0;0,0;-0,32187499999999947;0
RA-764;2023;M;9,0;1;Pública;1,0;1,0;0,0;7,682125;Ametista;0,0;9,2;7,52;8,28125;7,8;8,56;10,0;6,0;9,5;;3,0;0,0;7,838370289900001;2,0;0,0;0,15624528990000108;0
RA-766;2022;F;11,0;2;Pública;0,0;2,0;-2,0;8,185;Topázio;10,0;9,5;7,5;;8,7;8,333;5,0;8,5;8,8;;2,0;-1,0;8,008408333;1,0;1,0;-0,17659166700000029;0
RA-767;2022;M;10,0;1;Pública;0,0;2,0;-2,0;7,511;Ametista;9,5;9,0;7,5;;7,0;7,583;5,0;7,3;6,7;;2,0;-1,0;7,3807;1,0;1,0;-0,13030000000000008;0
RA-767;2023;M;11,0;2;Pública;1,0;2,0;-1,0;7,3807;Ametista;10,0;8,3;7,52;7,291666667;6,3;7,446666667;5,0;6,5;6,0;;3,0;-2,0;8,131890476200002;1,0;-1,0;0,7511904762000023;1
RA-768;2022;F;10,0;1;Pública;0,0;2,0;-2,0;7,646;Ametista;9,0;10,0;7,5;;7,1;7,583;5,0;7,0;7,2;;2,0;-2,0;8,4042;0,0;0,0;0,7581999999999995;0
RA-768;2023;F;11,0;2;Pública;0,0;2,0;-2,0;8,4042;Topázio;10,0;9,1;7,52;7,5;7,9;10,01;5,0;8,0;7,8;;2,0;-1,0;7,0345379447;1,0;1,0;-1,3696620552999992;0
RA-769;2022;F;9,0;0;Pública;0,0;1,0;-1,0;7,598;Ametista;10,0;7,5;7,5;;7,9;8,5;5,0;9,6;6,2;;2,0;-2,0;7,85345;0,0;-1,0;0,25544999999999973;1
RA-769;2023;F;10,0;1;Pública;0,0;2,0;-2,0;7,85345;Ametista;10,0;9,3;3,77;7,8125;8,0;8,675;5,0;8,2;7,8;;2,0;-1,0;7,099342857200002;1,0;1,0;-0,7541071427999979;0
RA-770;2022;M;7,0;0;Pública;0,0;0,0;0,0;8,143;Topázio;9,5;8,9;7,5;;8,3;7,333;10,0;8,5;8,1;;2,0;0,0;6,6785;0,0;0,0;-1,464500000000001;0
RA-770;2023;M;8,0;1;Pública;0,0;0,0;0,0;6,6785;Ágata;0,0;8,3;3,77;6,875;5,9;8,92;10,0;6,0;5,7;;2,0;-1,0;7,3057112782;0,0;-1,0;0,6272112782000008;1
RA-771;2022;F;7,0;0;Pública;0,0;0,0;0,0;7,873;Ametista;10,0;8,3;7,5;;7,0;7,5;10,0;7,2;6,9;;2,0;0,0;7,056;0,0;0,0;-0,8170000000000002;0
RA-771;2023;F;7,0;1;Pública;0,0;0,0;0,0;7,056;Ametista;0,0;8,8;3,14;6,25;8,2;8,585;10,0;8,2;8,2;;2,0;-1,0;6,066009523800001;0,0;-1,0;-0,9899904761999991;1
RA-772;2022;M;11,0;1;Pública;0,0;2,0;-2,0;6,994;Ágata;9,0;5,4;7,5;;9,2;7,25;5,0;9,3;9,2;;2,0;-2,0;5,930166667;1,0;0,0;-1,0638333329999998;0
RA-773;2022;F;9,0;0;Pública;0,0;1,0;-1,0;6,922;Ágata;10,0;6,8;5,0;;8,1;7,083;5,0;9,3;6,8;;2,0;-1,0;6,9287;0,0;0,0;0,006700000000000372;0
RA-773;2023;F;9,0;1;Pública;0,0;1,0;-1,0;6,9287;Ágata;10,0;7,5;2,52;5,625;7,9;7,67;5,0;8,0;7,8;;2,0;-2,0;6,566200000000001;0,0;-1,0;-0,36249999999999893;1
RA-774;2022;F;8,0;0;Pública;0,0;0,0;0,0;7,587;Ametista;10,0;7,8;7,5;;6,1;7,417;10,0;7,8;4,4;;2,0;-1,0;5,852;0,0;-1,0;-1,7349999999999994;1
RA-774;2023;F;9,0;1;Pública;0,0;1,0;-1,0;5,852;Quartzo;0,0;9,5;3,14;5,0;6,9;6,34;5,0;7,7;6,0;;2,0;-1,0;5,685771428600001;0,0;0,0;-0,16622857139999958;0
RA-776;2022;F;9,0;0;Pública;0,0;1,0;-1,0;3,898;Quartzo;0,0;4,3;4,4;;1,7;6,333;5,0;0,0;3,3;;2,0;-1,0;5,567916667;1,0;0,0;1,6699166670000003;0
RA-776;2023;F;10,0;1;Privada - Apadrinhamento;1,0;2,0;-1,0;5,567916667;Quartzo;0,0;7,0;7,52;7,8125;3,5;7,223333333;5,0;4,2;2,7;;3,0;-1,0;5,178509523800001;1,0;0,0;-0,3894071431999997;0
RA-777;2022;M;8,0;0;Pública;0,0;0,0;0,0;7,096;Ametista;8,0;7,7;7,5;;5,3;7,0;10,0;6,5;4,0;;2,0;0,0;7,468125;1,0;0,0;0,3721249999999996;0
RA-777;2023;F;9,0;1;Pública;1,0;1,0;0,0;7,468125;Ametista;0,0;9,3;7,52;8,28125;6,3;8,84;10,0;5,3;7,3;;3,0;0,0;7,563515408100001;2,0;0,0;0,09539040810000099;0
RA-778;2022;F;9,0;1;Pública;0,0;1,0;-1,0;7,432;Ametista;10,0;6,7;7,5;;7,1;8,833;5,0;6,0;8,2;;2,0;-1,0;7,926825;1,0;0,0;0,4948249999999996;0
RA-778;2023;F;10,0;2;Pública;1,0;2,0;-1,0;7,926825;Ametista;8,5;7,9;7,52;8,90625;8,2;8,62;5,0;7,3;9,0;;3,0;0,0;8,0754139589;2,0;1,0;0,14858895890000046;0
RA-78;2022;M;17,0;4;Privada - Parceira;5,0;7,0;-2,0;7,04;Ametista;8,3;6,6;5,6;;7,2;8,0;5,0;8,7;5,7;7,3;4,0;-2,0;6,434625;6,0;0,0;-0,6053750000000004;0
RA-78;2023;F;18,0;5;Privada - Apadrinhamento;6,0;8,0;-2,0;6,434625;Ágata;0,0;7,7;6,26;8,28125;6,7;8,0025;5,0;8,5;4,8;6,8;4,0;0,0;8,1780308688;7,0;2,0;1,743405868800001;0
RA-780;2022;F;9,0;0;Pública;0,0;1,0;-1,0;6,955;Ágata;8,0;7,6;7,5;;6,9;7,167;5,0;6,3;7,5;;2,0;-2,0;7,7842;0,0;-1,0;0,8292000000000002;1
RA-780;2023;F;10,0;1;Pública;0,0;2,0;-2,0;7,7842;Ametista;9,5;8,8;3,14;8,75;8,3;8,675;5,0;8,0;8,5;;2,0;-1,0;7,7430333333;1,0;1,0;-0,041166666700000576;0
RA-781;2022;F;9,0;1;Pública;0,0;1,0;-1,0;7,786;Ametista;10,0;8,9;7,5;;8,3;7,75;5,0;8,0;8,5;;2,0;-1,0;8,209283333;1,0;0,0;0,42328333300000054;0
RA-781;2023;F;10,0;2;Pública;1,0;2,0;-1,0;8,209283333;Topázio;7,5;9,8;7,52;8,4375;7,9;9,116666667;5,0;7,0;8,8;;3,0;0,0;8,496283333400001;2,0;1,0;0,28700000040000084;0
RA-782;2022;M;8,0;0;Pública;0,0;0,0;0,0;7,485;Ametista;9,5;8,4;7,5;;6,0;7,0;10,0;5,7;6,3;;2,0;-1,0;7,6812;0,0;-1,0;0,19619999999999926;1
RA-782;2023;M;9,0;1;Pública;0,0;1,0;-1,0;7,6812;Ametista;8,5;9,8;2,52;7,5;7,5;9,345;5,0;8,3;6,7;;2,0;0,0;8,1896285714;1,0;1,0;0,5084285714000005;0
RA-783;2022;M;8,0;1;Pública;0,0;0,0;0,0;6,996;Ágata;9,5;5,8;7,5;;6,0;6,917;10,0;4,7;7,3;;2,0;-1,0;7,2922;0,0;-1,0;0,2961999999999998;1
RA-784;2022;M;9,0;0;Pública;0,0;1,0;-1,0;8,34;Topázio;9,5;10,0;7,5;;8,2;9,25;5,0;7,8;8,5;;2,0;-1,0;8,171366667;1,0;0,0;-0,16863333300000072;0
RA-784;2023;F;10,0;1;Pública;1,0;2,0;-1,0;8,171366667;Topázio;10,0;9,5;7,52;8,125;7,3;8,783333333;5,0;6,5;8,0;;3,0;0,0;8,8857454545;2,0;1,0;0,7143787875000012;0
RA-785;2022;F;9,0;0;Pública;0,0;1,0;-1,0;7,642;Ametista;9,0;8,6;7,5;;8,4;7,667;5,0;8,8;8,0;;2,0;-1,0;8,137866667;1,0;0,0;0,4958666670000005;0
RA-785;2023;F;10,0;1;Pública;1,0;2,0;-1,0;8,137866667;Topázio;9,0;8,5;7,52;7,916666667;8,8;8,67;5,0;8,2;9,4;;3,0;0,0;9,1548666666;2,0;1,0;1,0169999995999994;0
RA-787;2022;M;8,0;0;Pública;0,0;0,0;0,0;7,205;Ametista;8,5;9,5;7,5;;3,4;7,25;10,0;4,2;2,7;;2,0;-1,0;7,5227;0,0;-1,0;0,3177000000000003;1
RA-787;2023;M;9,0;1;Pública;0,0;1,0;-1,0;7,5227;Ametista;9,0;9,8;7,52;5,625;5,9;8,34;5,0;6,0;5,8;;2,0;-1,0;7,73495;0,0;0,0;0,21225000000000005;0
RA-788;2022;M;8,0;1;Privada - Parceira;0,0;0,0;0,0;8,264;Topázio;10,0;9,3;5,6;;8,0;8,667;10,0;7,8;8,2;;2,0;0,0;7,806091667;1,0;0,0;-0,4579083329999998;0
RA-788;2023;M;9,0;2;Pública;1,0;1,0;0,0;7,806091667;Ametista;7,9;9,8;2,52;7,65625;6,9;8,283333333;10,0;6,0;7,8;;3,0;0,0;7,9221068268;2,0;0,0;0,11601515980000077;0
RA-789;2022;F;7,0;0;Pública;0,0;0,0;0,0;7,405;Ametista;9,0;9,4;7,5;;4,2;7,417;10,0;3,7;4,7;;2,0;0,0;7,974;0,0;0,0;0,569;0
RA-789;2023;F;8,0;1;Pública;0,0;0,0;0,0;7,974;Ametista;0,0;9,5;7,52;7,5;7,9;10,01;10,0;8,5;7,2;;2,0;0,0;8,0443904763;1,0;0,0;0,07039047630000006;0
RA-79;2022;F;16,0;4;Privada - Parceira;5,0;6,0;-1,0;6,847;Ágata;5,4;6,3;5,6;;8,9;7,292;5,0;9,5;7,7;9,5;4,0;-1,0;6,635883333;6,0;0,0;-0,21111666700000065;0
RA-790;2022;F;11,0;0;Pública;0,0;2,0;-2,0;7,504;Ametista;9,0;8,9;7,5;;7,8;7,417;5,0;8,5;7,2;;2,0;-2,0;6,707666667;1,0;0,0;-0,7963333329999998;0
RA-790;2023;M;12,0;1;Pública;1,0;3,0;-2,0;6,707666667;Ágata;0,0;8,1;7,52;7,083333333;7,4;8,286666667;5,0;7,2;7,5;;3,0;-1,0;6,8089355072;2,0;1,0;0,10126884020000038;0
RA-791;2022;F;11,0;0;Pública;0,0;2,0;-2,0;7,507;Ametista;9,5;8,7;7,5;;6,5;8,5;5,0;6,3;6,7;;2,0;-2,0;6,247916667;1,0;0,0;-1,2590833329999995;0
RA-792;2022;F;9,0;0;Pública;0,0;1,0;-1,0;7,025;Ágata;9,5;8,0;7,5;;6,2;7,167;5,0;6,5;5,8;;2,0;-2,0;7,6267;0,0;-1,0;0,6016999999999992;1
RA-792;2023;F;10,0;1;Pública;0,0;2,0;-2,0;7,6267;Ametista;9,0;7,7;7,52;6,875;7,2;9,085;5,0;6,8;7,5;;2,0;-1,0;6,036012253;1,0;1,0;-1,5906877469999996;0
RA-794;2022;F;8,0;0;Pública;0,0;0,0;0,0;7,335;Ametista;9,5;8,9;7,5;;4,1;7,333;10,0;3,7;4,5;;2,0;-1,0;7,9842;0,0;-1,0;0,6492000000000004;1
RA-794;2023;F;9,0;1;Pública;0,0;1,0;-1,0;7,9842;Ametista;9,0;9,2;7,52;7,5;6,2;10,01;5,0;5,2;7,2;;2,0;0,0;7,145652380900001;1,0;1,0;-0,838547619099999;0
RA-795;2022;F;8,0;0;Pública;0,0;0,0;0,0;8,064;Topázio;9,0;9,7;7,5;;7,3;7,333;10,0;8,0;6,5;;2,0;-1,0;8,4642;0,0;-1,0;0,4001999999999999;1
RA-795;2023;F;9,0;1;Pública;0,0;1,0;-1,0;8,4642;Topázio;9,0;9,6;7,52;7,5;8,2;10,01;5,0;8,7;7,7;;2,0;-1,0;8,441414285700002;1,0;0,0;-0,02278571429999765;0
RA-796;2022;F;10,0;0;Pública;0,0;2,0;-2,0;7,232;Ametista;9,5;9,3;7,5;;5,4;7,667;5,0;5,8;5,0;;2,0;-1,0;7,462866667;1,0;1,0;0,23086666699999991;0
RA-796;2023;F;11,0;1;Pública;1,0;2,0;-1,0;7,462866667;Ametista;9,0;9,8;6,27;7,083333333;5,5;8,336666667;5,0;5,0;6,0;;3,0;-1,0;7,052457703200001;2,0;0,0;-0,41040896379999925;0
RA-797;2022;M;10,0;1;Pública;0,0;2,0;-2,0;7,217;Ametista;9,0;8,5;7,5;;7,3;7,5;5,0;8,2;6,5;;2,0;-1,0;7,373033333;1,0;1,0;0,15603333300000077;0
RA-797;2023;M;11,0;2;Pública;1,0;2,0;-1,0;7,373033333;Ametista;8,5;8,6;7,52;6,041666667;7,5;7,233333333;5,0;7,0;8,0;;3,0;-1,0;6,597315151500001;2,0;0,0;-0,7757181814999994;0
RA-798;2022;M;10,0;0;Pública;0,0;2,0;-2,0;7,049;Ametista;8,0;8,3;7,5;;6,3;7,667;5,0;7,0;5,7;;2,0;-1,0;7,018033333;1,0;1,0;-0,030966667000000392;0
RA-798;2023;M;11,0;1;Privada - Apadrinhamento;1,0;2,0;-1,0;7,018033333;Ametista;9,0;8,1;7,52;6,458333333;6,1;6,95;5,0;4,3;7,8;;3,0;-1,0;4,6743653679;2,0;0,0;-2,3436679651;0
RA-799;2022;F;10,0;0;Pública;0,0;2,0;-2,0;7,676;Ametista;8,0;9,6;7,5;;7,8;7,917;5,0;8,5;7,2;;2,0;-1,0;8,061533333;1,0;1,0;0,3855333329999997;0
RA-799;2023;F;10,0;1;Pública;1,0;2,0;-1,0;8,061533333;Topázio;9,5;9,6;5,64;8,333333333;8,3;8,17;5,0;7,8;8,8;;3,0;0,0;7,702648484900001;2,0;1,0;-0,3588848480999989;0
RA-80;2022;F;16,0;5;Privada - Parceira;5,0;6,0;-1,0;7,29;Ametista;9,2;8,3;5,0;;7,1;7,625;5,0;6,5;7,7;7,3;4,0;-1,0;7,252275;6,0;0,0;-0,03772500000000001;0
RA-80;2023;F;17,0;6;Privada - Apadrinhamento;6,0;7,0;-1,0;7,252275;Ametista;8,3;8,4;6,89;7,96875;6,3;7,465;5,0;8,2;5,7;5,0;4,0;0,0;8,131659175733333;7,0;1,0;0,8793841757333327;0
RA-801;2022;M;9,0;0;Pública;0,0;1,0;-1,0;6,644;Ágata;7,0;6,6;7,5;;6,8;7,5;5,0;7,2;6,3;;2,0;0,0;6,8735;1,0;1,0;0,22949999999999982;0
RA-801;2023;M;9,0;1;Pública;1,0;1,0;0,0;6,8735;Ágata;0,0;7,5;7,52;6,875;7,6;7,12;10,0;6,8;8,3;;3,0;-1,0;6,6752;1,0;-1,0;-0,1982999999999997;1
RA-802;2022;M;9,0;1;Pública;0,0;1,0;-1,0;7,831;Ametista;9,0;9,0;7,5;;8,3;8,333;5,0;9,0;7,5;;2,0;-1,0;8,126866667;1,0;0,0;0,2958666669999994;0
RA-802;2023;M;10,0;2;Pública;1,0;2,0;-1,0;8,126866667;Topázio;8,0;9,3;7,52;8,333333333;9,4;7,506666667;5,0;9,3;9,5;;3,0;0,0;7,831797402499999;2,0;1,0;-0,29506926450000126;0
RA-804;2022;M;10,0;0;Pública;0,0;2,0;-2,0;6,848;Ágata;10,0;8,4;6,3;;4,8;7,667;5,0;5,5;4,0;;2,0;-1,0;7,2352;1,0;1,0;0,3872;0
RA-805;2022;M;8,0;1;Pública;0,0;0,0;0,0;8,279;Topázio;9,5;9,0;7,5;;8,8;7,333;10,0;8,7;8,9;;2,0;-1,0;6,492;0,0;-1,0;-1,787;1
RA-805;2023;M;9,0;2;Pública;0,0;1,0;-1,0;6,492;Ágata;0,0;9,1;7,52;6,25;6,8;7,175;5,0;6,8;6,8;;2,0;-1,0;6,9375869048;1,0;0,0;0,44558690479999985;0
RA-806;2022;M;8,0;0;Pública;0,0;0,0;0,0;7,561;Ametista;9,5;7,3;7,5;;6,6;7,917;10,0;5,0;8,2;;2,0;-1,0;7,2937;0,0;-1,0;-0,26729999999999965;1
RA-806;2023;M;9,0;1;Pública;0,0;1,0;-1,0;7,2937;Ametista;8,5;8,3;6,27;6,875;7,8;7,095;5,0;7,8;7,7;;2,0;-1,0;6,972777380900001;1,0;0,0;-0,3209226190999992;0
RA-807;2022;M;8,0;0;Pública;0,0;0,0;0,0;8,121;Topázio;9,5;8,7;6,3;;9,0;7,5;10,0;9,5;8,6;;2,0;-1,0;7,8632;0,0;-1,0;-0,2578000000000005;1
RA-807;2023;M;9,0;1;Pública;0,0;1,0;-1,0;7,8632;Ametista;9,5;9,1;7,52;6,25;8,0;8,08;5,0;8,3;7,7;;2,0;0,0;7,797628571400001;1,0;1,0;-0,06557142859999932;0
RA-808;2022;M;8,0;0;Pública;0,0;0,0;0,0;8,361;Topázio;10,0;9,1;6,3;;9,3;8,0;10,0;9,7;8,8;;2,0;-1,0;8,1932;0,0;-1,0;-0,1678000000000015;1
RA-808;2023;M;9,0;1;Pública;0,0;1,0;-1,0;8,1932;Topázio;10,0;10,0;2,52;7,5;8,7;9,755;5,0;8,7;8,7;;2,0;0,0;8,7897;1,0;1,0;0,5965000000000007;0
RA-81;2022;F;14,0;5;Privada - Parceira;5,0;4,0;1,0;7,675;Ametista;9,2;9,2;5,0;;6,0;7,458;10,0;5,5;5,2;7,3;4,0;0,0;7,45425;5,0;-1,0;-0,22074999999999978;0
RA-81;2023;F;15,0;6;Privada - Apadrinhamento;5,0;5,0;0,0;7,45425;Ametista;9,6;8,8;2,52;7,8125;6,3;7,2125;10,0;8,7;4,7;5,5;4,0;0,0;8,256566666666668;6,0;0,0;0,8023166666666679;0
RA-810;2022;M;8,0;1;Pública;0,0;0,0;0,0;7,887;Ametista;8,5;9,1;5,0;;9,6;7,25;10,0;9,7;9,5;;2,0;0,0;7,782866667;1,0;0,0;-0,10413333299999916;0
RA-810;2023;M;9,0;2;Pública;1,0;1,0;0,0;7,782866667;Ametista;8,0;8,5;7,52;5,833333333;6,9;7,836666667;10,0;6,3;7,5;;3,0;-1,0;7,704770175400001;1,0;-1,0;-0,07809649159999932;1
RA-812;2022;M;8,0;0;Pública;0,0;0,0;0,0;7,497;Ametista;9,0;8,1;5,6;;7,4;7,333;10,0;8,3;6,6;;2,0;0,0;8,0357;0,0;0,0;0,5387000000000004;0
RA-813;2022;M;8,0;0;Pública;0,0;0,0;0,0;7,093;Ametista;9,5;6,5;6,9;;6,0;7,417;10,0;6,7;5,3;;2,0;0,0;7,5867;1,0;0,0;0,49370000000000047;0
RA-814;2022;M;9,0;0;Pública;0,0;1,0;-1,0;7,592;Ametista;8,9;9,0;6,9;;7,5;8,417;5,0;7,8;7,2;;2,0;-1,0;8,367866667;1,0;0,0;0,7758666669999998;0
RA-814;2023;M;10,0;1;Pública;1,0;2,0;-1,0;8,367866667;Topázio;9,5;9,6;6,89;8,333333333;8,2;9,226666667;5,0;7,8;8,5;;3,0;0,0;7,971648484800001;2,0;1,0;-0,3962181821999984;0
RA-815;2022;M;9,0;0;Pública;0,0;1,0;-1,0;6,81;Ágata;10,0;7,9;5,6;;6,5;7,0;5,0;7,7;5,3;;2,0;-1,0;6,122166667;1,0;0,0;-0,6878333329999995;0
RA-816;2022;F;9,0;0;Pública;0,0;1,0;-1,0;8,513;Topázio;10,0;9,3;7,5;;9,6;9,417;5,0;9,5;9,7;;2,0;-1,0;8,5572;1,0;0,0;0,04420000000000002;0
RA-816;2023;F;10,0;1;Pública;1,0;2,0;-1,0;8,5572;Topázio;7,5;9,8;7,52;9,583333333;8,9;9,283333333;5,0;7,8;10,0;;3,0;0,0;8,929745454599999;2,0;1,0;0,3725454545999991;0
RA-817;2022;F;8,0;0;Pública;0,0;0,0;0,0;7,819;Ametista;10,0;8,7;6,3;;7,1;7,417;10,0;7,7;6,5;;2,0;0,0;7,8597;1,0;0,0;0,04070000000000018;0
RA-818;2022;M;7,0;0;Pública;0,0;0,0;0,0;7,483;Ametista;9,5;7,3;7,5;;6,2;7,5;10,0;6,5;5,8;;2,0;1,0;7,997366667;1,0;1,0;0,514366667;0
RA-819;2022;M;8,0;0;Pública;0,0;0,0;0,0;7,741;Ametista;10,0;7,9;7,5;;7,3;7,333;10,0;8,0;6,5;;2,0;0,0;7,944833333;1,0;0,0;0,2038333330000004;0
RA-819;2023;M;9,0;1;Pública;1,0;1,0;0,0;7,944833333;Ametista;0,0;8,3;7,52;8,541666667;9,5;8,893333333;10,0;9,7;9,3;;3,0;1,0;8,652552484400001;2,0;1,0;0,707719151400001;0
RA-820;2022;M;9,0;0;Pública;0,0;1,0;-1,0;7,417;Ametista;9,5;10,0;6,9;;6,0;7,583;5,0;7,7;4,3;;2,0;-1,0;7,85605;1,0;0,0;0,43904999999999994;0
RA-820;2023;M;10,0;1;Pública;1,0;2,0;-1,0;7,85605;Ametista;7,9;7,4;7,52;9,0625;8,9;8,28;5,0;9,2;8,5;;3,0;0,0;7,426572549100001;2,0;1,0;-0,42947745089999856;0
RA-822;2022;M;10,0;0;Pública;0,0;2,0;-2,0;6,922;Ágata;8,0;8,4;7,5;;6,1;7,083;5,0;6,5;5,7;;2,0;-2,0;6,4497;0,0;0,0;-0,4722999999999997;0
RA-822;2023;M;11,0;1;Pública;0,0;2,0;-2,0;6,4497;Ágata;8,5;8,4;2,52;5,625;7,1;5,925;5,0;8,0;6,2;;2,0;-2,0;5,2645678524;1,0;0,0;-1,1851321476;0
RA-826;2022;M;8,0;0;Pública;0,0;0,0;0,0;7,776;Ametista;9,5;9,6;7,5;;5,4;7,5;10,0;4,3;6,5;;2,0;-1,0;7,77645;0,0;-1,0;0,0004499999999998394;1
RA-826;2023;M;9,0;1;Pública;0,0;1,0;-1,0;7,77645;Ametista;10,0;10,0;3,77;7,8125;7,3;8,34;5,0;7,0;7,5;;2,0;-1,0;7,9442;1,0;0,0;0,16775000000000073;0
RA-827;2022;F;10,0;0;Pública;0,0;2,0;-2,0;7,412;Ametista;9,5;7,0;7,5;;7,6;8,667;5,0;7,7;7,5;;2,0;-1,0;7,419925;1,0;1,0;0,007925000000000182;0
RA-827;2023;F;11,0;1;Pública;1,0;2,0;-1,0;7,419925;Ametista;7,9;8,1;3,14;8,28125;8,1;8,73;5,0;7,7;8,5;;3,0;0,0;8,2483467391;2,0;1,0;0,8284217391000004;0
RA-829;2022;F;8,0;0;Pública;0,0;0,0;0,0;8,003;Ametista;9,0;8,6;7,5;;7,8;7,5;10,0;8,2;7,5;;2,0;0,0;8,532075;1,0;0,0;0,5290750000000006;0
RA-829;2023;F;9,0;1;Pública;1,0;1,0;0,0;8,532075;Topázio;9,0;9,4;3,14;9,21875;8,4;9,23;10,0;7,5;9,2;;3,0;1,0;9,171825000000002;2,0;1,0;0,6397500000000012;0
RA-830;2022;F;9,0;0;Pública;0,0;1,0;-1,0;7,234;Ametista;10,0;8,6;7,5;;6,0;7,5;5,0;5,8;6,2;;2,0;-1,0;6,78;0,0;0,0;-0,45399999999999974;0
RA-830;2023;F;9,0;1;Pública;0,0;1,0;-1,0;6,78;Ágata;0,0;8,9;3,14;6,25;8,3;9,505;5,0;8,3;8,3;;2,0;-1,0;7,1373428571;1,0;0,0;0,3573428570999999;0
RA-831;2022;M;9,0;0;Pública;0,0;1,0;-1,0;7,41;Ametista;9,5;9,2;7,5;;7,2;7,167;5,0;7,3;7,0;;2,0;-1,0;7,71645;0,0;0,0;0,3064499999999999;0
RA-831;2023;M;9,0;1;Pública;0,0;1,0;-1,0;7,71645;Ametista;8,0;9,4;3,77;7,8125;8,3;8,59;5,0;8,8;7,8;;2,0;-1,0;8,0066285715;1,0;0,0;0,29017857150000026;0
RA-832;2022;M;9,0;0;Pública;0,0;1,0;-1,0;8,179;Topázio;10,0;9,2;7,5;;8,8;8,833;5,0;8,8;8,8;;2,0;-1,0;8,2697;1,0;0,0;0,0907;0
RA-832;2023;M;10,0;1;Pública;1,0;2,0;-1,0;8,2697;Topázio;10,0;9,5;7,52;7,708333333;8,5;8,283333333;5,0;9,2;7,7;;3,0;0,0;8,2403304348;2,0;1,0;-0,02936956519999967;0
RA-833;2022;M;9,0;0;Pública;0,0;1,0;-1,0;7,791;Ametista;10,0;9,5;7,5;;7,8;7,583;5,0;8,2;7,5;;2,0;-1,0;7,81295;1,0;0,0;0,02194999999999947;0
RA-833;2023;M;10,0;1;Pública;1,0;2,0;-1,0;7,81295;Ametista;10,0;9,5;3,77;8,4375;7,4;8,56;5,0;7,3;7,5;;3,0;0,0;8,5184577641;2,0;1,0;0,7055077641000009;0
RA-834;2022;M;9,0;0;Pública;0,0;1,0;-1,0;8,136;Topázio;9,0;9,0;7,5;;9,0;9,083;5,0;9,2;8,8;;2,0;-1,0;8,662616667;1,0;0,0;0,5266166670000008;0
RA-834;2023;M;10,0;1;Pública;1,0;2,0;-1,0;8,662616667;Topázio;9,0;9,9;6,27;9,6875;9,2;9,283333333;5,0;9,0;9,3;;3,0;0,0;8,513646169700001;2,0;1,0;-0,14897049729999878;0
RA-835;2022;M;8,0;0;Pública;0,0;0,0;0,0;7,263;Ametista;6,9;7,3;7,5;;7,5;6,667;10,0;7,6;7,3;;2,0;0,0;8,2467;0,0;0,0;0,9837000000000007;0
RA-836;2022;M;9,0;0;Pública;0,0;1,0;-1,0;7,665;Ametista;8,5;8,3;7,5;;9,2;7,583;5,0;9,0;9,3;;2,0;-2,0;7,6417;0,0;-1,0;-0,023299999999999876;1
RA-836;2023;M;10,0;1;Pública;0,0;2,0;-2,0;7,6417;Ametista;9,5;9,6;6,27;6,875;6,7;8,085;5,0;6,7;6,7;;2,0;-1,0;6,0234537878;1,0;1,0;-1,6182462121999999;0
RA-837;2022;M;8,0;0;Pública;0,0;0,0;0,0;8,207;Topázio;8,5;9,0;7,5;;8,8;7,5;10,0;9,2;8,3;;2,0;0,0;8,2712;1,0;0,0;0,06419999999999959;0
RA-837;2023;M;9,0;1;Pública;1,0;1,0;0,0;8,2712;Topázio;9,0;9,3;7,52;7,916666667;7,0;7,836666667;10,0;6,3;7,7;;3,0;0,0;7,9648467391;2,0;0,0;-0,3063532608999999;0
RA-84;2022;F;17,0;4;Privada - Parceira;5,0;7,0;-2,0;6,682;Ágata;7,1;8,8;5,0;;5,8;6,75;5,0;5,7;6,5;5,2;4,0;-2,0;6,034416667;6,0;0,0;-0,647583333;0
RA-840;2022;M;8,0;0;Pública;0,0;0,0;0,0;7,875;Ametista;9,0;8,2;7,5;;7,8;7,5;10,0;9,6;5,9;;2,0;-1,0;7,7862;0,0;-1,0;-0,08879999999999999;1
RA-840;2023;M;9,0;1;Pública;0,0;1,0;-1,0;7,7862;Ametista;9,5;9,0;4,38;7,5;8,2;8,59;5,0;8,3;8,0;;2,0;0,0;8,5912909091;1,0;1,0;0,8050909090999996;0
RA-841;2022;M;11,0;0;Pública;0,0;2,0;-2,0;7,3;Ametista;8,5;8,5;7,5;;7,2;7,5;5,0;8,6;5,8;;2,0;-2,0;6,78;0,0;0,0;-0,5199999999999996;0
RA-841;2023;M;11,0;1;Pública;0,0;2,0;-2,0;6,78;Ágata;0,0;7,2;7,52;7,5;6,9;9,84;5,0;6,7;7,0;;2,0;-1,0;6,035771224300001;2,0;1,0;-0,744228775699999;0
RA-842;2022;F;8,0;0;Pública;0,0;0,0;0,0;7,952;Ametista;7,5;8,3;7,5;;9,1;8,25;10,0;9,1;9,1;;2,0;-1,0;7,2117;0,0;-1,0;-0,7402999999999995;1
RA-842;2023;F;9,0;1;Pública;0,0;1,0;-1,0;7,2117;Ametista;9,0;8,5;3,77;5,625;7,9;8,01;5,0;8,2;7,5;;2,0;-1,0;7,072914756400001;1,0;0,0;-0,13878524359999922;0
RA-846;2022;F;7,0;0;Pública;0,0;0,0;0,0;7,412;Ametista;9,0;7,2;7,5;;5,9;7,917;10,0;7,7;4,0;;2,0;0,0;7,4637;0,0;0,0;0,0517000000000003;0
RA-847;2022;M;9,0;0;Pública;0,0;1,0;-1,0;6,839;Ágata;7,9;8,2;4,4;;7,7;7,417;5,0;7,8;7,6;;2,0;-2,0;6,5418;0,0;-1,0;-0,29720000000000013;1
RA-847;2023;M;10,0;1;Pública;0,0;2,0;-2,0;6,5418;Ágata;7,9;9,1;2,52;5,0;7,6;5,84;5,0;7,5;7,6;;2,0;-1,0;5,009290909100001;1,0;1,0;-1,5325090908999996;0
RA-85;2022;M;15,0;0;Pública;5,0;5,0;0,0;6,243;Ágata;6,7;7,3;5,0;;4,3;5,833;10,0;5,0;3,5;;4,0;-1,0;7,08435;5,0;-1,0;0,8413499999999994;1
RA-85;2023;M;16,0;1;Pública;5,0;6,0;-1,0;7,08435;Ametista;8,8;8,9;6,27;5,9375;5,7;7,8425;5,0;5,8;3,8;7,5;4,0;-2,0;6,999509385733333;5,0;-1,0;-0,08484061426666667;1
RA-850;2022;M;8,0;0;Pública;0,0;0,0;0,0;7,641;Ametista;10,0;7,3;7,5;;8,5;7,167;10,0;8,1;8,8;;2,0;-1,0;6,06525;0,0;-1,0;-1,5757500000000002;1
RA-850;2023;M;9,0;1;Pública;0,0;1,0;-1,0;6,06525;Ágata;0,0;7,9;6,26;6,5625;7,3;6,265;5,0;6,8;7,7;;2,0;-1,0;7,864245454500001;1,0;0,0;1,7989954545000009;0
RA-851;2022;M;8,0;0;Pública;0,0;0,0;0,0;7,515;Ametista;9,0;7,9;7,5;;8,3;6,583;10,0;7,9;8,7;;2,0;-1,0;6,1683;0,0;-1,0;-1,3466999999999993;1
RA-851;2023;M;9,0;1;Pública;0,0;1,0;-1,0;6,1683;Ágata;8,4;7,5;2,52;5,625;6,6;6,01;5,0;6,8;6,3;;2,0;-1,0;6,2114602109;1,0;0,0;0,043160210899999996;0
RA-853;2022;F;8,0;0;Pública;0,0;0,0;0,0;8,616;Topázio;10,0;9,6;7,5;;8,5;8,5;10,0;8,8;8,2;;2,0;-1,0;7,8402;0,0;-1,0;-0,7757999999999994;1
RA-853;2023;F;9,0;1;Pública;0,0;1,0;-1,0;7,8402;Ametista;10,0;9,5;3,77;6,25;7,4;9,84;5,0;7,2;7,5;;2,0;0,0;7,986866666600001;1,0;1,0;0,14666666660000072;0
RA-854;2022;F;8,0;0;Pública;0,0;0,0;0,0;8,098;Topázio;8,0;9,0;7,5;;9,3;7,167;10,0;9,5;9,0;;2,0;0,0;6,6415;0,0;0,0;-1,456500000000001;0
RA-854;2023;F;8,0;1;Pública;0,0;0,0;0,0;6,6415;Ágata;0,0;9,5;3,77;5,625;6,0;8,01;10,0;7,5;4,5;;2,0;0,0;7,826199999900001;1,0;0,0;1,1846999999000012;0
RA-855;2022;F;9,0;0;Pública;0,0;1,0;-1,0;8,453;Topázio;10,0;9,6;7,5;;9,7;9,0;5,0;9,7;9,6;;2,0;0,0;8,62995;1,0;1,0;0,17694999999999972;0
RA-855;2023;F;9,0;1;Pública;1,0;1,0;0,0;8,62995;Topázio;9,5;10,0;7,52;8,4375;6,8;8,67;10,0;5,2;8,3;;3,0;0,0;8,578533333400001;2,0;0,0;-0,051416666599997995;0
RA-856;2022;M;7,0;0;Pública;0,0;0,0;0,0;8,398;Topázio;10,0;9,1;7,5;;8,4;8,0;10,0;8,5;8,2;;2,0;0,0;7,3355;0,0;0,0;-1,0625;0
RA-857;2022;F;9,0;0;Pública;0,0;1,0;-1,0;8,154;Topázio;8,5;8,9;7,5;;9,5;9,083;5,0;9,6;9,3;;2,0;-1,0;8,1442;0,0;0,0;-0,009800000000000253;0
RA-858;2022;M;7,0;0;Pública;0,0;0,0;0,0;7,523;Ametista;10,0;7,1;5,6;;7,7;7,333;10,0;8,4;6,9;;2,0;0,0;7,248833333;0,0;0,0;-0,27416666699999936;0
RA-858;2023;M;8,0;1;Pública;0,0;0,0;0,0;7,248833333;Ametista;0,0;8,1;3,77;8,125;9,3;7,946666667;10,0;9,3;9,2;;2,0;-1,0;6,917866666700001;0,0;-1,0;-0,33096666629999927;1
RA-859;2022;F;7,0;0;Pública;0,0;0,0;0,0;8,325;Topázio;8,5;8,7;7,5;;8,9;8,25;10,0;9,4;8,4;;2,0;0,0;8,6042;0,0;0,0;0,2792000000000012;0
RA-859;2023;F;8,0;1;Pública;0,0;0,0;0,0;8,6042;Topázio;8,0;9,2;7,52;7,5;7,3;10,01;10,0;6,8;7,8;;2,0;0,0;8,5817909091;1,0;0,0;-0,022409090900000095;0
RA-86;2022;M;16,0;6;Privada - Parceira;5,0;6,0;-1,0;7,566;Ametista;7,5;9,6;5,6;;6,7;8,458;5,0;6,2;7,2;6,9;4,0;0,0;;7,0;1,0;;0
RA-86;2023;M;17,0;7;Privada - Bolsa 100%;7,0;7,0;0,0;;;8,3;;6,89;;;;10,0;;;;;0,0;7,611233333266666;7,0;0,0;;0
RA-860;2022;M;7,0;0;Pública;0,0;0,0;0,0;8,136;Topázio;9,5;8,5;7,5;;8,1;7,75;10,0;8,9;7,2;;2,0;0,0;8,2372;0,0;0,0;0,1012000000000004;0
RA-860;2023;M;8,0;1;Pública;0,0;0,0;0,0;8,2372;Topázio;7,0;9,8;6,89;7,5;7,4;8,34;10,0;7,2;7,5;;2,0;0,0;8,7738666667;1,0;0,0;0,5366666667000004;0
RA-861;2023;F;8,0;0;Pública;0,0;0,0;0,0;9,31095;Topázio;9,5;10,0;8,13;8,4375;9,6;8,92;10,0;9,8;9,4;;2,0;-1,0;8,959700000000002;0,0;-1,0;-0,3512499999999985;1
RA-862;2023;M;9,0;0;Pública;0,0;1,0;-1,0;8,2212;Topázio;8,5;9,1;8,14;7,5;8,9;8,585;5,0;8,5;9,2;;2,0;-2,0;7,346677272700001;0,0;-1,0;-0,8745227272999987;1
RA-863;2023;M;7,0;0;Pública;0,0;0,0;0,0;5,92975;Quartzo;0,0;7,6;3,14;5,9375;6,3;6,26;10,0;7,0;5,5;;2,0;-1,0;4,6684348484;0,0;-1,0;-1,2613151516000007;1
RA-867;2023;M;8,0;0;Pública;0,0;0,0;0,0;8,6992;Topázio;9,0;8,6;8,76;7,5;8,9;8,415;10,0;8,7;9,0;;2,0;-1,0;7,583018181800001;0,0;-1,0;-1,1161818181999985;1
RA-868;2023;M;7,0;0;Pública;0,0;0,0;0,0;8,63895;Topázio;10,0;9,5;8,76;7,1875;7,1;8,67;10,0;7,8;6,3;;2,0;-1,0;7,156366666600001;0,0;-1,0;-1,4825833333999983;1
RA-87;2022;M;15,0;1;Privada - Parceira;5,0;5,0;0,0;8,712;Topázio;8,3;9,6;7,5;;8,8;8,5;10,0;8,3;8,0;10,0;4,0;0,0;8,6625;6,0;0,0;-0,0495000000000001;0
RA-87;2023;M;16,0;2;Privada - Apadrinhamento;6,0;6,0;0,0;8,6625;Topázio;7,5;10,0;5,63;8,125;9,3;8,385;10,0;9,5;8,7;9,7;4,0;1,0;9,437924561333332;7,0;1,0;0,7754245613333328;0
RA-871;2023;M;9,0;0;Pública;0,0;1,0;-1,0;6,8617;Ágata;9,0;9,5;3,76;4,375;6,9;6,84;5,0;6,8;7,0;;2,0;0,0;7,291729314799999;1,0;1,0;0,43002931479999873;0
RA-873;2023;F;11,0;0;Pública;0,0;2,0;-2,0;7,8012;Ametista;8,5;9,7;7,52;6,25;7,0;8,67;5,0;7,2;6,8;;2,0;-2,0;7,61095;1,0;0,0;-0,1902499999999998;0
RA-874;2023;M;9,0;0;Pública;0,0;1,0;-1,0;5,811;Quartzo;0,0;8,2;7,52;6,25;4,8;6,67;5,0;6,3;3,3;;2,0;-1,0;7,0235939394;1,0;0,0;1,2125939394000005;0
RA-876;2023;M;8,0;0;Pública;0,0;0,0;0,0;8,6492;Topázio;10,0;9,4;7,52;7,5;7,5;8,835;10,0;7,3;7,7;;2,0;0,0;7,612057142800001;1,0;0,0;-1,0371428571999992;0
RA-878;2023;M;10,0;0;Pública;0,0;2,0;-2,0;6,24;Ágata;0,0;9,5;2,52;5,0;8,1;7,34;5,0;8,0;8,2;;2,0;-1,0;6,5335560606000005;1,0;1,0;0,2935560606000003;0
RA-879;2023;F;9,0;0;Pública;0,0;1,0;-1,0;6,8225;Ágata;0,0;9,8;2,52;6,875;8,2;8,915;5,0;8,2;8,2;;2,0;-1,0;8,1096318182;1,0;0,0;1,2871318182000007;0
RA-88;2022;M;17,0;1;Pública;5,0;7,0;-2,0;7,498;Ametista;7,1;9,2;5,6;;6,5;9,208;5,0;6,8;6,2;6,4;4,0;0,0;;8,0;2,0;;0
RA-88;2023;M;18,0;2;Privada - Empresa parceira;8,0;8,0;0,0;;;;;;;;;10,0;;;;;0,0;;8,0;0,0;;0
RA-880;2023;F;7,0;0;Pública;0,0;0,0;0,0;6,724;Ágata;0,0;9,4;2,52;6,25;6,3;8,585;10,0;6,3;6,2;;2,0;-1,0;6,853080434800001;0,0;-1,0;0,12908043480000053;1
RA-884;2023;F;7,0;0;Pública;0,0;0,0;0,0;8,4587;Topázio;9,0;9,7;4,39;6,875;8,8;8,66;10,0;8,4;9,2;;2,0;-1,0;8,0345030302;0,0;-1,0;-0,42419696980000055;1
RA-885;2023;M;7,0;0;Pública;0,0;0,0;0,0;8,8252;Topázio;9,0;9,8;7,52;7,5;8,7;8,665;10,0;8,5;8,8;;2,0;-1,0;8,2072;0,0;-1,0;-0,6180000000000003;1
RA-886;2023;F;7,0;0;Pública;0,0;0,0;0,0;8,6422;Topázio;8,5;9,4;7,52;7,5;8,1;9,0;10,0;7,6;8,5;;2,0;-1,0;8,419200000000002;0,0;-1,0;-0,22299999999999898;1
RA-888;2023;M;7,0;0;Pública;0,0;0,0;0,0;8,9182;Topázio;9,0;10,0;7,52;7,5;8,8;8,83;10,0;8,2;9,3;;2,0;-1,0;8,1942;0,0;-1,0;-0,7240000000000002;1
RA-889;2023;M;8,0;0;Pública;0,0;0,0;0,0;8,8092;Topázio;8,5;9,5;6,89;7,5;9,1;9,0;10,0;8,7;9,5;;2,0;-1,0;8,191290909100001;0,0;-1,0;-0,6179090908999996;1
RA-89;2022;M;16,0;1;Pública;5,0;6,0;-1,0;7,323;Ametista;9,6;7,8;7,5;;5,9;8,0;5,0;7,5;5,7;4,7;4,0;-1,0;6,700775;6,0;0,0;-0,6222250000000003;0
RA-891;2023;F;9,0;0;Pública;0,0;1,0;-1,0;7,8882;Ametista;9,5;9,5;6,89;7,5;7,5;7,995;5,0;6,2;8,8;;2,0;-1,0;8,035957575700001;0,0;0,0;0,14775757570000092;0
RA-892;2023;M;8,0;0;Pública;0,0;0,0;0,0;8,8112;Topázio;8,0;9,6;6,89;7,5;8,3;10,01;10,0;8,5;8,0;;2,0;0,0;8,697700000000001;1,0;0,0;-0,11349999999999838;0
RA-893;2023;M;9,0;0;Pública;0,0;1,0;-1,0;8,8042;Topázio;9,5;10,0;7,52;7,5;9,3;10,01;5,0;9,5;9,0;;2,0;0,0;8,8910333334;1,0;1,0;0,08683333339999955;0
RA-894;2023;F;9,0;0;Pública;0,0;1,0;-1,0;8,8142;Topázio;9,5;9,9;7,52;7,5;9,4;10,01;5,0;9,3;9,5;;2,0;-1,0;8,67895;1,0;0,0;-0,1352499999999992;0
RA-895;2023;F;8,0;0;Pública;0,0;0,0;0,0;8,5397;Topázio;9,5;9,5;7,52;6,875;6,8;9,5;10,0;6,8;6,7;;2,0;-1,0;8,2579575757;0,0;-1,0;-0,2817424242999991;1
RA-896;2023;M;7,0;0;Pública;0,0;0,0;0,0;9,0912;Topázio;9,5;10,0;6,89;7,5;8,5;10,01;10,0;9,0;8,0;;2,0;0,0;8,2852454545;1,0;0,0;-0,8059545455000006;0
RA-897;2023;M;9,0;0;Pública;0,0;1,0;-1,0;5,48225;Quartzo;0,0;8,1;7,52;6,5625;6,5;3,32;5,0;7,2;5,7;;2,0;-1,0;5,2212050505;0,0;0,0;-0,26104494949999957;0
RA-898;2023;M;9,0;0;Pública;0,0;1,0;-1,0;8,4217;Topázio;9,0;9,8;3,77;8,125;9,4;10,01;5,0;9,7;9,0;;2,0;-1,0;7,8661333334;1,0;0,0;-0,5555666665999999;0
RA-899;2023;M;8,0;0;Pública;0,0;0,0;0,0;8,8452;Topázio;10,0;9,8;3,77;7,5;9,5;9,34;10,0;9,3;9,6;;2,0;0,0;8,425024769300002;1,0;0,0;-0,4201752306999982;0
RA-90;2022;F;13,0;3;Privada - Parceira;5,0;3,0;2,0;9,442;Topázio;10,0;9,7;9,4;;8,5;9,75;10,0;7,7;8,0;9,8;4,0;1,0;8,699408333;5,0;-1,0;-0,742591667000001;0
RA-90;2023;F;14,0;4;Privada - Apadrinhamento;5,0;4,0;1,0;8,699408333;Topázio;10,0;9,6;7,52;8,59375;7,7;8,1725;10,0;6,7;6,8;9,5;4,0;2,0;8,352033333333335;7,0;1,0;-0,3473749996666644;0
RA-900;2023;F;8,0;0;Pública;0,0;0,0;0,0;8,8947;Topázio;9,0;9,8;9,38;8,125;7,8;8,67;10,0;8,0;7,5;;2,0;0,0;8,802003030200002;1,0;0,0;-0,09269696979999864;0
RA-903;2023;F;8,0;0;Pública;0,0;0,0;0,0;8,5242;Topázio;10,0;9,6;5,02;7,5;7,8;9,01;10,0;7,7;7,8;;2,0;0,0;8,0758287879;1,0;0,0;-0,44837121209999964;0
RA-904;2023;F;7,0;0;Pública;0,0;0,0;0,0;8,140783333;Topázio;9,0;9,3;7,52;7,8125;6,4;7,836666667;10,0;6,0;6,8;;2,0;-1,0;7,6352;0,0;-1,0;-0,5055833329999997;1
RA-905;2023;M;9,0;0;Pública;0,0;1,0;-1,0;7,831033333;Ametista;9,5;9,4;7,52;6,875;8,3;7,056666667;5,0;7,5;9,0;;2,0;-2,0;6,3925823529;0,0;-1,0;-1,4384509800999998;1
RA-907;2023;F;8,0;0;Privada;0,0;0,0;0,0;8,962033333;Topázio;9,5;9,6;7,52;8,125;9,3;8,336666667;10,0;9,2;9,4;;2,0;-1,0;7,9400888889;0,0;-1,0;-1,0219444441000007;1
RA-908;2023;F;8,0;0;Pública;0,0;0,0;0,0;8,479366667;Topázio;9,0;9,0;7,52;8,125;7,9;8,223333333;10,0;6,7;9,0;;2,0;-1,0;6,764292246;0,0;-1,0;-1,7150744210000006;1
RA-909;2023;F;10,0;0;Pública;0,0;2,0;-2,0;8,486033333;Topázio;10,0;9,9;7,52;8,125;9,2;8,056666667;5,0;9,1;9,2;;2,0;-2,0;7,722033333300001;0,0;0,0;-0,7639999996999993;0
RA-91;2022;F;16,0;6;Privada - Parceira;5,0;6,0;-1,0;6,645;Ágata;9,2;5,7;5,6;;6,6;7,125;5,0;5,5;5,7;8,5;4,0;-1,0;7,42395;6,0;0,0;0,77895;0
RA-91;2023;F;17,0;7;Privada - Apadrinhamento;6,0;7,0;-1,0;7,42395;Ametista;10,0;7,4;6,89;7,8125;7,4;7,4675;5,0;9,5;5,0;7,7;4,0;-1,0;7,426704761933335;6,0;0,0;0,002754761933335459;0
RA-910;2023;M;8,0;0;Pública;0,0;0,0;0,0;7,801;Ametista;0,0;8,8;7,52;8,75;8,9;8,17;10,0;8,8;9,0;;2,0;0,0;8,1163818182;1,0;0,0;0,31538181820000055;0
RA-911;2023;M;11,0;0;Pública;0,0;2,0;-2,0;5,59545;Quartzo;9,0;6,7;2,52;5,3125;3,4;7,01;5,0;3,7;3,0;;2,0;-2,0;5,4552454547;1,0;0,0;-0,1402045452999996;0
RA-912;2023;F;9,0;0;Pública;0,0;1,0;-1,0;7,0797;Ametista;7,0;9,4;7,52;5,625;6,3;7,175;5,0;6,2;6,3;;2,0;-2,0;7,697103508700001;0,0;-1,0;0,6174035087000007;1
RA-916;2023;F;9,0;0;Pública;0,0;1,0;-1,0;7,3882;Ametista;9,5;9,7;2,52;6,25;6,6;9,005;5,0;7,7;5,5;;2,0;-2,0;5,5058531621;0,0;-1,0;-1,8823468379000001;1
RA-918;2023;F;7,0;0;Pública;0,0;0,0;0,0;7,4967;Ametista;10,0;8,7;2,52;5,625;7,7;7,01;10,0;7,1;8,3;;2,0;-1,0;5,657357017600001;0,0;-1,0;-1,839342982399999;1
RA-919;2023;M;9,0;0;Pública;0,0;1,0;-1,0;6,225;Ágata;0,0;8,4;7,52;6,25;5,3;8,09;5,0;5,5;5,0;;2,0;-2,0;5,799702673800001;0,0;-1,0;-0,42529732619999905;1
RA-92;2022;F;16,0;6;Privada - Parceira;5,0;6,0;-1,0;6,957;Ágata;9,2;7,1;5,0;;7,4;6,667;5,0;7,8;5,5;8,8;4,0;-1,0;7,375916667;6,0;0,0;0,4189166670000004;0
RA-92;2023;F;17,0;7;Privada - Apadrinhamento;6,0;7,0;-1,0;7,375916667;Ametista;9,6;9,4;5,63;7,1875;6,7;7,045;5,0;8,7;4,8;6,7;4,0;0,0;8,052279017;7,0;1,0;0,6763623499999998;0
RA-920;2023;F;8,0;0;Pública;0,0;0,0;0,0;6,9647;Ágata;9,0;6,3;7,52;5,625;6,1;6,35;10,0;6,0;6,2;;2,0;-1,0;7,7494938597;0,0;-1,0;0,7847938597000006;1
RA-921;2023;F;7,0;0;Pública;0,0;0,0;0,0;7,7407;Ametista;9,0;9,7;7,52;5,625;6,3;6,68;10,0;6,5;6,0;;2,0;-1,0;7,2838203209;0,0;-1,0;-0,45687967910000005;1
RA-922;2023;F;8,0;0;Pública;0,0;0,0;0,0;8,5262;Topázio;8,5;9,7;3,14;7,5;8,4;10,01;10,0;8,5;8,2;;2,0;0,0;8,5209954545;1,0;0,0;-0,005204545499999824;0
RA-923;2023;F;8,0;0;Pública;0,0;0,0;0,0;8,8842;Topázio;9,5;9,9;7,52;7,5;7,3;10,01;10,0;7,5;7,0;;2,0;0,0;7,688609090900001;1,0;0,0;-1,195590909099999;0
RA-924;2023;M;8,0;0;Pública;0,0;0,0;0,0;6,5207;Ágata;9,0;5,6;7,52;5,625;5,0;5,93;10,0;5,0;5,0;;2,0;-1,0;6,4727360962;0,0;-1,0;-0,047963903799999485;1
RA-925;2023;M;7,0;0;Pública;0,0;0,0;0,0;7,1837;Ametista;9,0;8,9;7,52;5,625;5,4;5,595;10,0;5,2;5,5;;2,0;-1,0;6,587019518800001;0,0;-1,0;-0,5966804811999991;1
RA-926;2023;F;9,0;0;Pública;0,0;1,0;-1,0;7,7792;Ametista;9,0;10,0;3,77;7,5;6,8;9,51;5,0;6,5;7,0;;2,0;-1,0;7,7830787878;1,0;0,0;0,0038787877999997278;0
RA-927;2023;F;9,0;0;Pública;0,0;1,0;-1,0;7,5982;Ametista;9,0;9,7;3,77;7,5;6,4;9,255;5,0;7,0;5,8;;2,0;0,0;7,9921696969;1,0;1,0;0,3939696968999993;0
RA-928;2023;F;8,0;0;Pública;0,0;0,0;0,0;9,3712;Topázio;8,5;10,0;7,52;8,75;9,8;9,67;10,0;9,8;9,8;;2,0;0,0;8,8733666667;1,0;0,0;-0,4978333332999991;0
RA-929;2023;F;8,0;0;Pública;0,0;0,0;0,0;9,1312;Topázio;8,5;9,8;7,52;8,75;8,8;9,67;10,0;8,7;8,9;;2,0;-1,0;7,7244368421;0,0;-1,0;-1,4067631578999995;1
RA-93;2022;F;15,0;6;Privada - Parceira;5,0;5,0;0,0;8,941;Topázio;8,3;9,7;8,1;;8,5;9,083;10,0;8,8;8,3;8,4;4,0;1,0;;7,0;1,0;;0
RA-93;2023;F;16,0;7;Privada - Apadrinhamento;7,0;6,0;1,0;;;7,9;;3,14;;;;10,0;;;;;1,0;8,275550000066668;7,0;0,0;;0
RA-930;2023;M;8,0;0;Pública;0,0;0,0;0,0;8,8872;Topázio;9,0;8,8;7,52;8,75;9,0;9,0;10,0;8,7;9,3;;2,0;-1,0;7,9298184211;0,0;-1,0;-0,9573815788999998;1
RA-931;2023;M;8,0;0;Pública;0,0;0,0;0,0;7,3747;Ametista;8,5;8,2;2,52;5,625;7,8;7,6;10,0;7,0;8,5;;2,0;-1,0;7,075466666700001;0,0;-1,0;-0,29923333329999924;1
RA-934;2023;F;8,0;0;Pública;0,0;0,0;0,0;9,1737;Topázio;9,0;9,6;7,52;9,375;8,7;9,67;10,0;8,3;9,0;;2,0;-1,0;8,338700000000001;0,0;-1,0;-0,8349999999999991;1
RA-935;2023;M;9,0;0;Pública;0,0;1,0;-1,0;7,9535;Ametista;0,0;9,8;7,52;9,375;9,4;9,67;5,0;9,2;9,5;;2,0;-1,0;8,3422;0,0;0,0;0,38870000000000005;0
RA-937;2023;F;8,0;0;Pública;0,0;0,0;0,0;9,3237;Topázio;9,5;9,6;7,52;9,375;9,2;9,67;10,0;9,0;9,3;;2,0;-1,0;8,3792;0,0;-1,0;-0,9444999999999997;1
RA-938;2023;M;9,0;0;Pública;0,0;1,0;-1,0;6,7372;Ágata;8,5;8,4;7,52;6,25;4,2;7,5;5,0;0,0;8,3;;2,0;-1,0;8,0056026915;0,0;0,0;1,2684026915000004;0
RA-939;2023;F;11,0;0;Pública;0,0;2,0;-2,0;7,9742;Ametista;9,0;10,0;7,52;7,5;5,4;10,01;5,0;5,0;5,7;;2,0;-1,0;7,051379841899999;1,0;1,0;-0,9228201581000004;0
RA-94;2022;F;15,0;4;Privada - Parceira;5,0;5,0;0,0;8,921;Topázio;8,3;9,6;8,1;;7,7;9,583;10,0;7,0;6,7;9,5;4,0;-1,0;7,289333333;5,0;-1,0;-1,6316666669999993;1
RA-94;2023;F;16,0;5;Privada - Apadrinhamento;5,0;6,0;-1,0;7,289333333;Ametista;7,5;9,6;2,52;8,75;7,2;7,795;5,0;7,7;4,8;9,0;4,0;0,0;8,637033333333335;6,0;1,0;1,3477000003333348;0
RA-941;2023;F;8,0;0;Pública;0,0;0,0;0,0;7,6872;Ametista;8,0;10,0;7,52;5,0;5,0;8,175;10,0;5,0;5,0;;2,0;-1,0;7,746700000000001;0,0;-1,0;0,059500000000000774;1
RA-943;2023;F;8,0;0;Pública;0,0;0,0;0,0;8,9172;Topázio;9,5;9,4;7,52;7,5;8,0;9,925;10,0;8,0;8,0;;2,0;0,0;8,965033333300001;1,0;0,0;0,04783333330000161;0
RA-944;2023;F;9,0;0;Pública;0,0;1,0;-1,0;7,0687;Ametista;9,0;7,6;7,52;5,625;7,5;6,67;5,0;9,2;5,8;;2,0;-2,0;7,8262;0,0;-1,0;0,7575000000000003;1
RA-945;2023;M;8,0;0;Pública;0,0;0,0;0,0;8,0777;Topázio;8,5;9,2;7,52;6,875;7,9;6,84;10,0;8,0;7,8;;2,0;-1,0;7,4195809524;0,0;-1,0;-0,6581190476000005;1
RA-946;2023;M;7,0;0;Pública;0,0;0,0;0,0;8,5822;Topázio;9,5;9,4;7,52;7,5;9,3;7,0;10,0;9,0;9,5;;2,0;-1,0;6,677723809500001;0,0;-1,0;-1,9044761904999996;1
RA-947;2023;M;8,0;0;Pública;0,0;0,0;0,0;6,3457;Ágata;9,0;7,9;7,52;4,375;3,3;5,08;10,0;1,7;4,9;;2,0;-1,0;6,053509523800001;0,0;-1,0;-0,29219047619999916;1
RA-949;2023;F;8,0;0;Pública;0,0;0,0;0,0;8,0172;Topázio;9,5;8,1;7,52;6,25;8,9;6,5;10,0;9,1;8,6;;2,0;-1,0;7,1323428571;0,0;-1,0;-0,8848571429000005;1
RA-950;2023;F;8,0;0;Pública;0,0;0,0;0,0;8,8862;Topázio;9,0;10,0;7,52;7,5;9,3;8,17;10,0;9,5;9,0;;2,0;-1,0;7,693461904800001;0,0;-1,0;-1,1927380951999993;1
RA-951;2023;F;7,0;0;Pública;0,0;0,0;0,0;8,8902;Topázio;9,5;9,7;7,52;7,5;8,4;9,09;10,0;8,5;8,3;;2,0;-1,0;6,4483428571;0,0;-1,0;-2,4418571429;1
RA-952;2023;M;8,0;0;Pública;0,0;0,0;0,0;8,37095;Topázio;9,5;9,2;3,77;7,1875;9,0;8,425;10,0;8,8;9,2;;2,0;0,0;8,853624242300002;1,0;0,0;0,48267424230000167;0
RA-953;2023;F;8,0;0;Pública;0,0;0,0;0,0;7,54005;Ametista;7,4;8,8;3,14;6,5625;8,3;7,09;10,0;8,5;8,0;;2,0;0,0;7,961241502000001;1,0;0,0;0,421191502000001;0
RA-954;2023;F;8,0;0;Pública;0,0;0,0;0,0;6,82375;Ágata;0,0;8,3;3,14;7,1875;7,7;8,005;10,0;7,8;7,5;;2,0;0,0;8,2823798419;1,0;0,0;1,4586298418999988;0
RA-955;2023;F;10,0;0;Pública;0,0;2,0;-2,0;7,1297;Ametista;9,0;8,8;3,14;6,875;7,8;7,09;5,0;8,0;7,5;;2,0;-1,0;6,245452381;1,0;1,0;-0,8842476189999999;0
RA-956;2023;M;11,0;0;Pública;0,0;2,0;-2,0;7,7312;Ametista;8,0;7,5;7,52;7,5;7,8;9,345;5,0;7,8;7,8;;2,0;-1,0;6,1175906455;1,0;1,0;-1,6136093545000003;0
RA-958;2023;F;8,0;0;Pública;0,0;0,0;0,0;9,2902;Topázio;10,0;9,8;7,52;7,5;9,3;9,84;10,0;9,3;9,3;;2,0;0,0;9,531325;1,0;0,0;0,24112500000000026;0
RA-959;2023;M;8,0;0;Pública;0,0;0,0;0,0;8,6677;Topázio;10,0;9,6;7,52;6,875;7,7;8,84;10,0;7,7;7,7;;2,0;-1,0;8,379818421100001;0,0;-1,0;-0,28788157889999866;1
RA-96;2022;M;16,0;1;Pública;5,0;6,0;-1,0;7,54;Ametista;9,2;7,8;6,9;;6,7;8,5;5,0;5,7;6,5;8,0;4,0;-1,0;7,610791667;6,0;0,0;0,07079166699999995;0
RA-96;2023;M;17,0;2;Privada - Apadrinhamento;6,0;7,0;-1,0;7,610791667;Ametista;9,6;8,9;7,52;7,65625;6,4;7,84;5,0;6,8;4,8;7,7;4,0;0,0;;8,0;1,0;;0
RA-960;2023;M;10,0;0;Pública;0,0;2,0;-2,0;7,0847;Ametista;8,5;10,0;7,52;5,625;6,3;5,85;5,0;6,5;6,0;;2,0;-1,0;5,286047619;1,0;1,0;-1,7986523810000001;0
RA-961;2023;M;9,0;0;Pública;0,0;1,0;-1,0;5,99625;Quartzo;0,0;8,7;2,52;5,3125;6,2;8,665;5,0;6,2;6,2;;2,0;-1,0;6,529417908900001;1,0;0,0;0,5331679089000012;0
RA-963;2023;F;9,0;0;Pública;0,0;1,0;-1,0;8,6142;Topázio;9,5;9,8;7,52;7,5;8,5;10,01;5,0;8,3;8,7;;2,0;0,0;8,375080952400001;1,0;1,0;-0,23911904759999913;0
RA-964;2023;M;9,0;0;Pública;0,0;1,0;-1,0;7,7997;Ametista;8,5;9,4;7,52;6,875;7,2;8,5;5,0;7,3;7,0;;2,0;-1,0;7,548241666600001;1,0;0,0;-0,2514583333999987;0
RA-965;2023;F;9,0;0;Pública;0,0;1,0;-1,0;6,4832;Ágata;8,5;8,2;6,27;5,0;4,7;7,18;5,0;5,3;4,0;;2,0;-2,0;6,1376545455;0,0;-1,0;-0,34554545449999985;1
RA-966;2023;M;9,0;0;Pública;0,0;1,0;-1,0;7,44345;Ametista;10,0;10,0;7,52;6,5625;5,0;7,675;5,0;5,0;5,0;;2,0;-2,0;7,9943363636;0,0;-1,0;0,5508863636000001;1
RA-967;2023;M;10,0;0;Pública;0,0;2,0;-2,0;7,1347;Ametista;9,5;8,0;7,52;5,625;6,5;7,35;5,0;6,5;6,5;;2,0;-1,0;5,442610714300001;1,0;1,0;-1,692089285699999;0
RA-968;2023;F;9,0;0;Pública;0,0;1,0;-1,0;8,4942;Topázio;9,0;9,7;7,52;7,5;8,3;10,01;5,0;8,0;8,5;;2,0;-1,0;7,8403547619;1,0;0,0;-0,6538452380999997;0
RA-969;2023;M;8,0;0;Pública;0,0;0,0;0,0;7,7692;Ametista;8,5;9,7;7,52;6,25;5,5;7,51;10,0;6,0;5,0;;2,0;-1,0;7,453427272700001;0,0;-1,0;-0,31577272729999883;1
RA-971;2023;M;8,0;0;Pública;0,0;0,0;0,0;7,0169;Ametista;7,8;6,4;3,77;5,625;6,9;8,17;10,0;5,5;8,3;;2,0;-1,0;6,8916181818;0,0;-1,0;-0,1252818181999995;1
RA-972;2023;M;8,0;0;Pública;0,0;0,0;0,0;7,5427;Ametista;9,0;9,1;3,77;6,875;6,0;7,84;10,0;6,2;5,7;;2,0;-1,0;7,537472727300001;0,0;-1,0;-0,005227272699999119;1
RA-973;2023;M;9,0;0;Pública;0,0;1,0;-1,0;5,82875;Quartzo;0,0;8,6;3,77;7,1875;5,2;7,415;5,0;6,2;4,1;;2,0;-2,0;6,9318363636;0,0;-1,0;1,1030863636000001;1
RA-974;2023;M;7,0;0;Pública;0,0;0,0;0,0;8,4752;Topázio;9,0;9,1;3,77;7,5;8,8;9,34;10,0;8,8;8,8;;2,0;-1,0;7,6077217391;0,0;-1,0;-0,8674782608999996;1
RA-975;2023;F;7,0;0;Pública;0,0;0,0;0,0;7,7803;Ametista;7,9;9,2;7,52;5,625;6,5;7,67;10,0;7,2;5,8;;2,0;-1,0;7,1463666667000005;0,0;-1,0;-0,6339333332999999;1
RA-977;2023;F;7,0;0;Pública;0,0;0,0;0,0;7,1717;Ametista;8,5;7,4;5,02;5,625;5,8;8,085;10,0;5,7;5,9;;2,0;-1,0;7,188033333300001;0,0;-1,0;0,01633333330000042;1
RA-978;2023;F;7,0;0;Pública;0,0;0,0;0,0;8,3877;Topázio;9,0;9,8;3,77;5,625;8,6;9,34;10,0;8,7;8,5;;2,0;-1,0;7,4637;0,0;-1,0;-0,9240000000000004;1
RA-979;2023;M;8,0;0;Pública;0,0;0,0;0,0;8,1617;Topázio;9,5;9,6;6,27;5,625;6,0;9,51;10,0;6,0;6,0;;2,0;-1,0;8,0352454545;0,0;-1,0;-0,12645454549999968;1
RA-98;2022;F;15,0;5;Privada - Parceira;5,0;5,0;0,0;9,354;Topázio;8,8;10,0;9,4;;8,5;9,667;10,0;8,4;8,2;8,9;4,0;2,0;;7,0;2,0;;0
RA-98;2023;F;15,0;6;Privada - Bolsa 100%;7,0;5,0;2,0;;;7,9;;2,52;;;;10,0;;;;;1,0;8,617450000000002;7,0;-1,0;;0
RA-980;2023;F;8,0;0;Pública;0,0;0,0;0,0;7,1425;Ametista;0,0;9,8;5,02;5,625;6,3;9,34;10,0;6,5;6,0;;2,0;0,0;7,946388311600001;1,0;0,0;0,8038883116000006;0
RA-981;2023;F;7,0;0;Pública;0,0;0,0;0,0;7,5367;Ametista;9,5;9,1;2,52;5,625;5,8;9,01;10,0;5,7;5,8;;2,0;-1,0;6,6513739130000005;0,0;-1,0;-0,8853260869999993;1
RA-982;2023;M;7,0;0;Pública;0,0;0,0;0,0;7,1215;Ametista;0,0;9,1;2,52;5,625;8,6;8,835;10,0;8,7;8,5;;2,0;0,0;8,119860173100001;1,0;0,0;0,9983601731000009;0
RA-984;2023;F;8,0;0;Pública;0,0;0,0;0,0;8,8177;Topázio;8,0;9,8;7,52;6,875;8,3;9,84;10,0;8,3;8,2;;2,0;0,0;8,475080952400003;1,0;0,0;-0,34261904759999773;0
RA-985;2023;M;8,0;0;Pública;0,0;0,0;0,0;7,6247;Ametista;9,0;9,3;2,52;5,625;6,8;8,5;10,0;7,3;6,2;;2,0;0,0;8,2432;1,0;0,0;0,6185;0
RA-986;2023;F;8,0;0;Pública;0,0;0,0;0,0;8,0107;Topázio;9,5;9,1;2,52;5,625;8,3;8,83;10,0;8,3;8,3;;2,0;0,0;8,2603406926;1,0;0,0;0,24964069259999988;0
RA-987;2023;M;8,0;0;Pública;0,0;0,0;0,0;7,6765;Ametista;0,0;9,8;6,27;6,875;7,3;9,76;10,0;7,5;7,0;;2,0;0,0;8,3028861472;1,0;0,0;0,6263861472000007;0
RA-988;2023;F;9,0;0;Pública;0,0;1,0;-1,0;7,9568;Ametista;7,9;8,1;7,52;6,25;8,5;9,84;5,0;8,5;8,5;;2,0;-1,0;8,1765333333;1,0;0,0;0,21973333329999978;0
RA-989;2023;M;9,0;0;Pública;0,0;1,0;-1,0;7,7242;Ametista;9,5;8,1;2,52;7,5;8,3;10,01;5,0;8,7;7,8;;2,0;0,0;7,3743785714;1,0;1,0;-0,34982142859999943;0
RA-99;2022;M;16,0;3;Pública;5,0;6,0;-1,0;6,158;Ágata;8,8;6,3;7,5;;5,0;5,833;5,0;5,7;3,4;5,8;4,0;-1,0;6,68045;6,0;0,0;0,5224500000000001;0
RA-990;2023;M;9,0;0;Pública;0,0;1,0;-1,0;7,254;Ametista;0,0;8,5;7,52;7,5;7,8;10,01;5,0;8,3;7,2;;2,0;-1,0;7,812283333400001;1,0;0,0;0,5582833334000012;0
RA-991;2023;F;9,0;0;Pública;0,0;1,0;-1,0;7,7687;Ametista;10,0;9,1;3,14;6,875;7,7;9,585;5,0;8,0;7,3;;2,0;-1,0;7,057230303000001;1,0;0,0;-0,7114696969999992;0
RA-994;2023;F;8,0;0;Pública;0,0;0,0;0,0;7,4127;Ametista;9,5;9,4;3,77;5,625;6,0;7,265;10,0;6,2;5,7;;2,0;-1,0;7,7982217391;0,0;-1,0;0,38552173909999965;1
RA-995;2023;F;11,0;0;Pública;0,0;2,0;-2,0;6,4782;Ágata;9,5;7,9;3,77;6,25;5,1;7,18;5,0;5,3;4,8;;2,0;-2,0;5,110372077899999;1,0;0,0;-1,367827922100001;0
