id_aluno;ano;nome;genero;idade;ano_nascimento;ano_ingresso;anos_na_pm;instituicao;escola;turma;fase;fase_ideal;defasagem;defasado;nivel_defasagem;inde;pedra;IAA;IEG;IPS;IPP;IDA;IPV;IAN;nota_mat;nota_por;nota_ing;qtd_avaliadores;rank_geral;rank_fase;rank_turma;atingiu_pv;indicado_bolsa;defasagem_original;ano_ingresso_declarado;ingresso_inconsistente;n_anos_observados
RA-1;2022;Aluno-1;F;19,0;2003,0;2016;6;Pública;;A;7,0;8,0;-1,0;True;Moderada (1);5,783;Quartzo;8,3;4,1;5,6;;4,0;7,278;5,0;2,7;3,5;6,0;4,0;753;18;10;False;True;-1;2016;True;3
RA-1;2023;Aluno-1;F;20,0;2003,0;2016;7;Privada - Bolsa 100%;;8E;8,0;8,0;0,0;False;Adequado;;;;;;;;;10,0;;;;;;;;;;0;2016;True;3
RA-1;2024;Aluno-1;F;21,0;2003,0;2016;8;Privada - Bolsa 100%;Universidade Santo Amaro (UNISA);8E;8,0;8,0;0,0;False;Adequado;;;;0,0;;;;;10,0;;;;0,0;;;;;;0;2021;True;3
RA-10;2022;Aluno-10;F;18,0;2004,0;2021;1;Pública;;A;7,0;8,0;-1,0;True;Moderada (1);5,784;Quartzo;8,3;5,2;5,0;;4,1;7,056;5,0;3,3;2,6;6,4;4,0;752;17;9;False;False;-1;2021;False;1
RA-100;2022;Aluno-100;F;13,0;2009,0;2019;3;Privada - Parceira;;A;4,0;3,0;1,0;False;Adiantado;7,618;Ametista;8,8;7,8;5,0;;7,6;7,25;10,0;7,0;7,8;8,1;4,0;268;22;7;False;False;1;2019;False;1
RA-1000;2023;Aluno-1000;F;8,0;2015,0;2023;0;Pública;;ALFA U - G2/G3;0,0;0,0;0,0;False;Adequado;7,9162;Ametista;8,5;9,4;3,77;6,25;7,0;8,92;10,0;7,0;7,0;;2,0;;;;;;0;2023;False;2
RA-1000;2024;Aluno-1000;F;9,0;2015,0;2023;1;Pública;EE Helio Luiz Dobrochinski Prof;1N;1,0;1,0;0,0;False;Adequado;8,364790909100002;Topázio;9,002;9,5454545455;6,26;8,125;7,75;7,835;10,0;7,5;8,0;;2,0;;;;;;0;2023;False;2
RA-1001;2023;Aluno-1001;F;9,0;2014,0;2023;0;Pública;;ALFA U - G2/G3;0,0;1,0;-1,0;True;Moderada (1);8,1162;Topázio;9,0;9,1;7,52;7,5;7,8;9,17;5,0;8,3;7,3;;2,0;;;;;;-1;2023;False;2
RA-1001;2024;Aluno-1001;F;10,0;2014,0;2023;1;Pública;EE Helio Luiz Dobrochinski Prof;1N;1,0;2,0;-1,0;True;Moderada (1);7,7964318841;Ametista;7,502;9,347826087;7,51;7,916666667;7,75;7,92;5,0;6,5;9,0;;2,0;;;;;;-1;2023;False;2
RA-1002;2023;Aluno-1002;F;9,0;2014,0;2023;0;Pública;;ALFA U - G2/G3;0,0;1,0;-1,0;True;Moderada (1);7,9012;Ametista;9,0;9,7;7,52;6,25;7,0;8,92;5,0;7,0;7,0;;2,0;;;;;;-1;2023;False;2
RA-1002;2024;Aluno-1002;F;10,0;2014,0;2023;1;Pública;EM Cecilia Cristina de Oliveira Rodrigues;ALFA N - G2/G3;0,0;1,0;-1,0;True;Moderada (1);7,967866666700001;Ametista;9,002;7,833333333500001;7,51;7,5;9,25;8,25;5,0;10,0;8,5;;2,0;;;;;;-1;2023;False;2
RA-1003;2023;Aluno-1003;M;8,0;2015,0;2023;0;Pública;;ALFA V - G0/G1;0,0;0,0;0,0;False;Adequado;7,6522;Ametista;9,0;8,5;7,52;7,5;4,0;8,75;10,0;8,0;0,0;;2,0;;;;;;0;2023;False;2
RA-1003;2024;Aluno-1003;M;9,0;2015,0;2023;1;Pública;EM Maria Ignez Concelles Irma Ines;ALFA J - G2/G3;0,0;1,0;-1,0;True;Moderada (1);7,627588888900001;Ametista;8,002;8,6944444445;7,51;6,875;8,25;7,5;5,0;10,0;6,5;;2,0;;;;;;-1;2023;False;2
RA-1004;2023;Aluno-1004;F;8,0;2014,0;2023;0;Pública;;ALFA V - G0/G1;0,0;0,0;0,0;False;Adequado;8,3137;Topázio;9,0;9,6;7,52;6,875;7,9;7,42;10,0;6,5;9,2;;2,0;;;;;;0;2023;False;2
RA-1004;2024;Aluno-1004;F;9,0;2014,0;2023;1;Pública;EM Pedro Antonio de Almeida;ALFA J - G2/G3;0,0;1,0;-1,0;True;Moderada (1);7,801200000000001;Ametista;9,502;9,25;7,51;7,5;7,5;7,5;5,0;7,5;7,5;;2,0;;;;;;-1;2023;False;2
RA-1005;2023;Aluno-1005;M;8,0;2015,0;2023;0;Pública;;ALFA V - G0/G1;0,0;0,0;0,0;False;Adequado;8,4252;Topázio;9,5;7,9;7,52;7,5;8,8;8,165;10,0;8,4;9,2;;2,0;;;;;;0;2023;False;1
RA-1006;2023;Aluno-1006;F;8,0;2015,0;2023;0;Pública;;ALFA V - G0/G1;0,0;0,0;0,0;False;Adequado;8,5922;Topázio;9,0;9,3;7,52;7,5;8,7;8,0;10,0;8,7;8,6;;2,0;;;;;;0;2023;False;2
RA-1006;2024;Aluno-1006;F;9,0;2015,0;2023;1;Pública;EM Pedro Antonio de Almeida;ALFA J - G2/G3;0,0;1,0;-1,0;True;Moderada (1);7,040088888900001;Ametista;8,502;8,4444444445;7,51;7,5;5,0;7,5;5,0;5,0;5,0;;2,0;;;;;;-1;2023;False;2
RA-1007;2023;Aluno-1007;M;8,0;2015,0;2023;0;Pública;;ALFA V - G0/G1;0,0;0,0;0,0;False;Adequado;8,0782;Topázio;9,0;7,4;7,52;7,5;8,3;7,68;10,0;8,1;8,5;;2,0;;;;;;0;2023;False;1
RA-1008;2023;Aluno-1008;M;8,0;2015,0;2023;0;Pública;;ALFA V - G0/G1;0,0;0,0;0,0;False;Adequado;8,13595;Topázio;9,0;8,6;7,52;5,9375;8,4;7,5;10,0;7,5;9,2;;2,0;;;;;;0;2023;False;2
RA-1008;2024;Aluno-1008;M;9,0;2015,0;2023;1;Pública;EE Joaquim Mendes Feliz;ALFA I - G2/G3;0,0;1,0;-1,0;True;Moderada (1);6,8667414438000005;Ágata;7,002;6,483957219;7,51;7,1875;7,0;7,5;5,0;6,5;7,5;;2,0;;;;;;-1;2023;False;2
RA-1009;2023;Aluno-1009;M;8,0;2015,0;2023;0;Pública;;ALFA Y - G0/G1;0,0;0,0;0,0;False;Adequado;7,245;Ametista;0,0;9,0;3,77;7,5;8,8;7,84;10,0;8,3;9,2;;2,0;;;;;;0;2023;False;2
RA-1009;2024;Aluno-1009;M;9,0;2015,0;2023;1;Pública;EE Dom Pedro Villas Boas de Souza;ALFA E - G2/G3;0,0;1,0;-1,0;True;Moderada (1);6,395389393900001;Ágata;8,002;6,8863636365000005;2,51;6,5625;7,5;6,553333333;5,0;10,0;5,0;;3,0;;;;;;-1;2023;False;2
RA-101;2022;Aluno-101;F;15,0;2007,0;2021;1;Pública;;A;4,0;5,0;-1,0;True;Moderada (1);7,305;Ametista;7,9;8,3;7,5;;7,6;6,833;5,0;7,2;6,5;9,2;4,0;387;31;8;False;True;-1;2021;False;1
RA-1010;2023;Aluno-1010;M;8,0;2015,0;2023;0;Pública;;ALFA Y - G0/G1;0,0;0,0;0,0;False;Adequado;8,70645;Topázio;9,5;10,0;3,77;7,8125;9,4;8,59;10,0;9,0;9,8;;2,0;;;;;;0;2023;False;1
RA-1011;2023;Aluno-1011;M;7,0;2015,0;2023;0;Pública;;ALFA Y - G0/G1;0,0;0,0;0,0;False;Adequado;7,33095;Ametista;9,5;8,6;3,77;7,1875;5,2;7,675;10,0;5,5;4,8;;2,0;;;;;;0;2023;False;1
RA-1012;2023;Aluno-1012;F;8,0;2015,0;2023;0;Pública;;ALFA Y - G0/G1;0,0;0,0;0,0;False;Adequado;7,96495;Ametista;10,0;9,9;3,77;7,1875;6,6;7,845;10,0;7,0;6,2;;2,0;;;;;;0;2023;False;2
RA-1012;2024;Aluno-1012;F;9,0;2015,0;2023;1;Pública;EE Joaquim Mendes Feliz;ALFA C - G0/G1;0,0;1,0;-1,0;True;Moderada (1);8,057128571400002;Topázio;9,502;9,523809524;2,51;8,125;9,75;8,443333333;5,0;10,0;9,5;;3,0;;;;;;-1;2023;False;2
RA-1013;2023;Aluno-1013;M;7,0;2015,0;2023;0;Pública;;ALFA Y - G0/G1;0,0;0,0;0,0;False;Adequado;7,6237;Ametista;9,0;9,6;4,39;5,625;8,3;5,76;10,0;7,0;9,5;;2,0;;;;;;0;2023;False;2
RA-1013;2024;Aluno-1013;M;8,0;2015,0;2023;1;Pública;EE Dom Pedro Villas Boas de Souza;ALFA E - G2/G3;0,0;1,0;-1,0;True;Moderada (1);5,7839559808;Quartzo;9,002;5,693779904;2,51;5,0;7,75;4,72;5,0;8,0;7,5;;3,0;;;;;;-1;2023;False;2
RA-1014;2023;Aluno-1014;F;7,0;2016,0;2023;0;Pública;;ALFA Y - G0/G1;0,0;0,0;0,0;False;Adequado;8,2582;Topázio;9,0;9,7;3,77;7,5;8,2;8,255;10,0;7,7;8,7;;2,0;;;;;;0;2023;False;2
RA-1014;2024;Aluno-1014;F;8,0;2016,0;2023;1;Pública;EE Dom Pedro Villas Boas de Souza;ALFA E - G2/G3;0,0;1,0;-1,0;True;Moderada (1);6,315972727300001;Ágata;8,502;7,8863636365;2,51;6,875;5,25;7,0;5,0;6,5;4,0;;3,0;;;;;;-1;2023;False;2
RA-1015;2023;Aluno-1015;F;10,0;2013,0;2023;0;Pública;;1A;1,0;2,0;-1,0;True;Moderada (1);7,538908333;Ametista;10,0;9,3;6,27;7,34375;6,3;7,786666667;5,0;5,0;7,6;;3,0;;;;;;-1;2023;False;2
RA-1015;2024;Aluno-1015;F;11,0;2013,0;2023;1;Pública;EE Alexandre Rodrigues Nogueira;2B;2,0;2,0;0,0;False;Adequado;6,643252381000002;Ágata;7,918;7,8214285715;7,51;6,041666667;4,0;5,66;10,0;2,0;6,0;;3,0;;;;;;0;2023;False;2
RA-1016;2023;Aluno-1016;F;10,0;2013,0;2023;0;Pública;;1A;1,0;2,0;-1,0;True;Moderada (1);7,762575;Ametista;10,0;9,5;7,52;7,34375;6,7;7,73;5,0;5,8;7,5;;3,0;;;;;;-1;2023;False;1
RA-1017;2023;Aluno-1017;M;11,0;2012,0;2023;0;Pública;;1A;1,0;2,0;-1,0;True;Moderada (1);6,505333333;Ágata;0,0;8,0;5,02;7,5;7,7;8,116666667;5,0;7,0;8,3;;3,0;;;;;;-1;2023;False;2
RA-1017;2024;Aluno-1017;M;12,0;2012,0;2023;1;Pública;EE João Ortiz Rodrigues;2C;2,0;2,0;0,0;False;Adequado;7,345521428500001;Ametista;9,502;7,8095238095;6,26;7,1875;5,0;7,443333333;10,0;2,5;7,5;;3,0;;;;;;0;2023;False;2
RA-1018;2023;Aluno-1018;M;9,0;2013,0;2023;0;Pública;;1A;1,0;1,0;0,0;False;Adequado;6,824;Ágata;0,0;8,5;5,02;7,5;6,3;8,06;10,0;5,8;6,8;;3,0;;;;;;0;2023;False;2
RA-1018;2024;Aluno-1018;M;10,0;2013,0;2023;1;Pública;EE Dom Pedro Villas Boas de Souza;1A;1,0;2,0;-1,0;True;Moderada (1);7,7054045454;Ametista;8,502;7,727272727;6,26;8,4375;8,25;8,45;5,0;8,5;8,0;;3,0;;;;;;-1;2023;False;2
RA-1019;2023;Aluno-1019;F;8,0;2015,0;2023;0;Pública;;1A;1,0;0,0;1,0;False;Adiantado;7,177033333;Ametista;7,5;9,1;5,02;6,875;4,3;7,836666667;10,0;0,5;8,0;;3,0;;;;;;1;2023;False;2
RA-1019;2024;Aluno-1019;F;9,0;2015,0;2023;1;Pública;EM Etelvina Delfim Simões;1A;1,0;1,0;0,0;False;Adequado;8,692255194900001;Topázio;9,502;9,3073593075;6,26;7,8125;8,75;8,616666667;10,0;9,5;8,0;;3,0;;;;;;0;2023;False;2
RA-102;2022;Aluno-102;M;14,0;2008,0;2019;3;Pública;;A;4,0;4,0;0,0;False;Adequado;6,922;Ágata;6,7;7,7;6,9;;5,7;6,0;10,0;4,7;6,8;5,5;4,0;519;43;9;False;False;0;2019;False;1
RA-1020;2023;Aluno-1020;F;9,0;2014,0;2023;0;Pública;;1A;1,0;1,0;0,0;False;Adequado;7,612283333;Ametista;10,0;9,1;2,52;7,1875;6,1;8,056666667;10,0;4,3;7,8;;3,0;;;;;;0;2023;False;2
RA-1020;2024;Aluno-1020;F;10,0;2014,0;2023;1;Pública;EE Dom Pedro Villas Boas de Souza;1A;1,0;1,0;0,0;False;Adequado;8,9544954545;Topázio;9,002;9,7727272725;6,88;8,4375;9,0;8,84;10,0;10,0;8,0;;3,0;;;;;;0;2023;False;2
RA-1021;2023;Aluno-1021;M;9,0;2014,0;2023;0;Pública;;1A;1,0;1,0;0,0;False;Adequado;6,964616667;Ágata;8,0;9,2;3,77;7,1875;3,3;7,893333333;10,0;2,5;4,0;;3,0;;;;;;0;2023;False;2
RA-1021;2024;Aluno-1021;M;10,0;2014,0;2023;1;Pública;EE Dom Pedro Villas Boas de Souza;1A;1,0;2,0;-1,0;True;Moderada (1);8,0985863636;Topázio;9,502;9,318181818;7,51;8,4375;8,0;7,95;5,0;9,0;7,0;;3,0;;;;;;-1;2023;False;2
RA-1022;2023;Aluno-1022;M;9,0;2014,0;2023;0;Pública;;1A;1,0;1,0;0,0;False;Adequado;7,164616667;Ametista;8,5;8,5;3,77;7,1875;4,7;7,893333333;10,0;4,7;4,7;;3,0;;;;;;0;2023;False;2
RA-1022;2024;Aluno-1022;M;10,0;2014,0;2023;1;Pública;EE Dom Pedro Villas Boas de Souza;1A;1,0;2,0;-1,0;True;Moderada (1);7,613169697000002;Ametista;9,502;9,318181818;6,26;7,5;6,5;8,116666667;5,0;5,5;7,5;;3,0;;;;;;-1;2023;False;2
RA-1023;2023;Aluno-1023;F;9,0;2014,0;2023;0;Pública;;1A;1,0;1,0;0,0;False;Adequado;9,1342;Topázio;10,0;10,0;6,27;8,75;9,1;9,06;10,0;8,5;9,7;;3,0;;;;;;0;2023;False;2
RA-1023;2024;Aluno-1023;F;10,0;2014,0;2023;1;Pública;EE Dom Pedro Villas Boas de Souza;2B;2,0;2,0;0,0;False;Adequado;9,4985809523;Topázio;9,502;9,511904762;9,375;8,958333333;9,5;9,563333333;10,0;9,0;10,0;;3,0;;;;;;0;2023;False;2
RA-1024;2023;Aluno-1024;F;10,0;2013,0;2023;0;Pública;;1B;1,0;2,0;-1,0;True;Moderada (1);7,788875;Ametista;0,0;10,0;6,27;9,21875;9,8;8,95;5,0;10,0;9,5;;3,0;;;;;;-1;2023;False;2
RA-1024;2024;Aluno-1024;F;11,0;2013,0;2023;1;Pública;Escola João Paulo II;1B;1,0;2,0;-1,0;True;Moderada (1);8,6516166666;Topázio;8,002;10,0;7,51;8,4375;10,0;8,783333333;5,0;10,0;10,0;;3,0;;;;;;-1;2023;False;2
RA-1025;2023;Aluno-1025;M;9,0;2013,0;2023;0;Pública;;1B;1,0;1,0;0,0;False;Adequado;8,215158333;Topázio;8,5;8,9;7,52;7,65625;7,5;7,836666667;10,0;7,5;7,5;;3,0;;;;;;0;2023;False;2
RA-1025;2024;Aluno-1025;M;10,0;2013,0;2023;1;Pública;EE Dom Pedro Villas Boas de Souza;1A;1,0;2,0;-1,0;True;Moderada (1);7,897071212;Ametista;9,002;7,727272727;7,51;8,4375;9,0;7,783333333;5,0;10,0;8,0;;3,0;;;;;;-1;2023;False;2
RA-1026;2023;Aluno-1026;F;14,0;2009,0;2023;0;Pública;;1B;1,0;4,0;-3,0;True;Severa (3+);6,494825;Ágata;8,5;9,8;7,52;6,40625;3,2;7,06;2,5;2,3;4,0;;3,0;;;;;;-3;2023;False;1
RA-1027;2023;Aluno-1027;F;10,0;2013,0;2023;0;Pública;;1B;1,0;2,0;-1,0;True;Moderada (1);7,748866667;Ametista;9,5;9,7;7,52;7,5;6,0;8,333333333;5,0;4,2;7,7;;3,0;;;;;;-1;2023;False;2
RA-1027;2024;Aluno-1027;F;11,0;2013,0;2023;1;Pública;EE Bairro Boa Vista;2B;2,0;2,0;0,0;False;Adequado;8,220866666700001;Topázio;9,502;10,0;7,51;7,916666667;5,25;8,39;10,0;6,0;4,5;;3,0;;;;;;0;2023;False;2
RA-1028;2023;Aluno-1028;M;11,0;2012,0;2023;0;Pública;;1B;1,0;2,0;-1,0;True;Moderada (1);6,415708333;Ágata;0,0;9,2;7,52;7,34375;5,0;7,946666667;5,0;5,0;5,0;;3,0;;;;;;-1;2023;False;2
RA-1028;2024;Aluno-1028;M;12,0;2012,0;2023;1;Pública;EE Olivia de Faria Nogueira;1B;1,0;3,0;-2,0;True;Alta (2);7,1404338602;Ametista;8,002;7,055335968;5,63;6,875;7,5;8,393333333;5,0;6,0;9,0;;3,0;;;;;;-2;2023;False;2
RA-1029;2023;Aluno-1029;F;9,0;2014,0;2023;0;Pública;;1C;1,0;1,0;0,0;False;Adequado;7,058533333;Ametista;10,0;6,3;3,77;7,5;5,4;8,006666667;10,0;3,5;7,2;;3,0;;;;;;0;2023;False;2
RA-1029;2024;Aluno-1029;F;10,0;2014,0;2023;1;Pública;EE Dom Pedro Villas Boas de Souza;1C;1,0;2,0;-1,0;True;Moderada (1);7,797790909100001;Ametista;9,002;8,7954545455;6,885;7,5;8,75;7,25;5,0;8,0;9,5;;2,0;;;;;;-1;2023;False;2
RA-103;2022;Aluno-103;F;13,0;2009,0;2020;2;Privada - Parceira;;A;4,0;3,0;1,0;False;Adiantado;8,107;Topázio;7,9;8,7;7,5;;7,3;7,708;10,0;7,3;7,3;7,3;4,0;114;11;4;False;False;1;2020;True;3
RA-103;2023;Aluno-103;F;14,0;2009,0;2020;3;Privada - Apadrinhamento;;5A;5,0;4,0;1,0;False;Adiantado;8,0239;Topázio;8,3;9,2;5,0;8,125;7,1;8,09;10,0;7,3;6,3;7,7;4,0;;;;;;1;2020;True;3
RA-103;2024;Aluno-103;F;15,0;2009,0;2020;4;Privada - Apadrinhamento;Colégio Arco Íris Evolução;5A;5,0;5,0;0,0;False;Adequado;8,775268254;Topázio;8,334;9,603174603333336;6,26;7,875;9,166666666666666;8,872;10,0;9,0;9,0;9,5;5,0;;;;;;0;2021;True;3
RA-1030;2023;Aluno-1030;M;11,0;2012,0;2023;0;Pública;;1C;1,0;2,0;-1,0;True;Moderada (1);7,4027;Ametista;8,5;9,7;3,77;6,875;6,9;8,39;5,0;6,2;7,5;;3,0;;;;;;-1;2023;False;2
RA-1030;2024;Aluno-1030;M;12,0;2012,0;2023;1;Pública;EE Paschoal Carlos Magno;2D;2,0;2,0;0,0;False;Adequado;7,740191604;Ametista;7,418;8,28320802;4,385;7,8125;8,0;7,61;10,0;10,0;6,0;;3,0;;;;;;0;2023;False;2
RA-1031;2023;Aluno-1031;M;10,0;2013,0;2023;0;Pública;;1D;1,0;2,0;-1,0;True;Moderada (1);7,0602;Ametista;8,0;8,8;7,52;6,666666667;5,9;7,006666667;5,0;4,8;7,0;;3,0;;;;;;-1;2023;False;2
RA-1031;2024;Aluno-1031;M;11,0;2013,0;2023;1;Pública;EE Joaquim Mendes Feliz;1C;1,0;2,0;-1,0;True;Moderada (1);6,8757227273;Ágata;9,502;8,6363636365;7,51;5,3125;6,25;5,83;5,0;5,5;7,0;;2,0;;;;;;-1;2023;False;2
RA-1032;2023;Aluno-1032;M;10,0;2013,0;2023;0;Pública;;1D;1,0;2,0;-1,0;True;Moderada (1);7,434033333;Ametista;8,5;9,5;7,52;7,291666667;6,0;7,563333333;5,0;5,7;6,2;;3,0;;;;;;-1;2023;False;2
RA-1032;2024;Aluno-1032;M;11,0;2013,0;2023;1;Pública;EE Joaquim Mendes Feliz;1C;1,0;2,0;-1,0;True;Moderada (1);8,01645;Topázio;8,502;9,75;7,51;7,8125;8,0;7,92;5,0;9,0;7,0;;2,0;;;;;;-1;2023;False;2
RA-1033;2023;Aluno-1033;F;11,0;2012,0;2023;0;Pública;;1D;1,0;2,0;-1,0;True;Moderada (1);8,126033333;Topázio;9,0;8,9;7,52;8,125;7,9;9,006666667;5,0;7,0;8,8;;3,0;;;;;;-1;2023;False;1
RA-1034;2023;Aluno-1034;M;10,0;2013,0;2023;0;Pública;;1D;1,0;2,0;-1,0;True;Moderada (1);7,9642;Ametista;7,5;9,0;7,52;8,333333333;8,3;8,393333333;5,0;7,8;8,7;;3,0;;;;;;-1;2023;False;2
RA-1034;2024;Aluno-1034;M;11,0;2013,0;2023;1;Pública;EE Alexandre Rodrigues Nogueira;2B;2,0;2,0;0,0;False;Adequado;8,0333666666;Topázio;7,502;8,0833333335;7,51;7,708333333;7,5;8,223333333;10,0;7,5;7,5;;3,0;;;;;;0;2023;False;2
RA-1035;2023;Aluno-1035;M;9,0;2014,0;2023;0;Pública;;1D;1,0;1,0;0,0;False;Adequado;6,888833333;Ágata;0,0;8,3;7,52;7,708333333;5,8;7,78;10,0;4,0;7,5;;3,0;;;;;;0;2023;False;2
RA-1035;2024;Aluno-1035;M;10,0;2014,0;2023;1;Pública;EE Dom Pedro Villas Boas de Souza;1C;1,0;2,0;-1,0;True;Moderada (1);7,833495454500001;Ametista;9,502;9,0227272725;7,51;8,4375;7,0;7,92;5,0;6,5;7,5;;2,0;;;;;;-1;2023;False;2
RA-1036;2023;Aluno-1036;F;11,0;2012,0;2023;0;Pública;;1F;1,0;2,0;-1,0;True;Moderada (1);6,970583333;Ágata;0,0;9,6;3,77;9,0625;8,0;8,336666667;5,0;9,0;7,0;;3,0;;;;;;-1;2023;False;2
RA-1036;2024;Aluno-1036;F;12,0;2012,0;2023;1;Pública;EE João Ortiz Rodrigues;2H;2,0;2,0;0,0;False;Adequado;8,2841303831;Topázio;10,002;9,0890269155;7,51;7,65625;7,0;7,7475;10,0;7,0;7,0;;4,0;;;;;;0;2023;False;2
RA-1037;2023;Aluno-1037;M;10,0;2012,0;2023;0;Pública;;1F;1,0;2,0;-1,0;True;Moderada (1);7,655575;Ametista;9,0;8,4;7,52;8,59375;6,7;8,17;5,0;5,0;8,3;;3,0;;;;;;-1;2023;False;1
RA-1038;2023;Aluno-1038;F;10,0;2013,0;2023;0;Privada;;1F;1,0;2,0;-1,0;True;Moderada (1);7,736825;Ametista;8,0;9,3;7,52;8,90625;6,5;8,17;5,0;7,5;5,5;;3,0;;;;;;-1;2023;False;2
RA-1038;2024;Aluno-1038;F;11,0;2013,0;2023;1;Pública;EE Dom Pedro Villas Boas de Souza;2I;2,0;2,0;0,0;False;Adequado;7,9646385965;Ametista;8,002;7,5438596495;7,51;7,5;8,5;7,273333333;10,0;10,0;7,0;;3,0;;;;;;0;2023;False;2
RA-1039;2023;Aluno-1039;M;12,0;2011,0;2023;0;Pública;;1F;1,0;3,0;-2,0;True;Alta (2);7,686033333;Ametista;8,0;9,9;7,52;8,125;6,2;8,056666667;5,0;6,0;6,3;;3,0;;;;;;-2;2023;False;2
RA-1039;2024;Aluno-1039;M;13,0;2011,0;2023;1;Pública;EE Joaquim Mendes Feliz;2I;2,0;3,0;-1,0;True;Moderada (1);7,549644444400001;Ametista;8,002;9,722222222;7,51;7,5;7,25;6,77;5,0;8,0;6,5;;3,0;;;;;;-1;2023;False;2
RA-104;2022;Aluno-104;M;18,0;2004,0;2022;0;Pública;;A;4,0;8,0;-4,0;True;Severa (3+);6,315;Ágata;7,9;8,7;7,5;;3,7;6,708;2,5;4,8;5,8;0,3;4,0;681;61;11;False;False;-4;2022;False;2
RA-104;2023;Aluno-104;M;19,0;2004,0;2022;1;Pública;;5F;5,0;8,0;-3,0;True;Severa (3+);4,25;Quartzo;0,0;7,7;2,52;5,625;2,6;5,6275;2,5;3,7;1,8;2,3;4,0;;;;;;-3;2022;False;2
RA-1040;2023;Aluno-1040;M;11,0;2011,0;2023;0;Pública;;1F;1,0;2,0;-1,0;True;Moderada (1);7,81545;Ametista;10,0;9,3;7,52;7,8125;6,6;8,06;5,0;5,8;7,3;;3,0;;;;;;-1;2023;False;2
RA-1040;2024;Aluno-1040;M;12,0;2011,0;2023;1;Pública;EE Joaquim Mendes Feliz;2I;2,0;3,0;-1,0;True;Moderada (1);7,764199999900001;Ametista;9,502;8,5416666665;7,51;7,5;8,25;7,273333333;5,0;8,0;8,5;;3,0;;;;;;-1;2023;False;2
RA-1041;2023;Aluno-1041;F;10,0;2013,0;2023;0;Pública;;1F;1,0;2,0;-1,0;True;Moderada (1);6,724116667;Ágata;10,0;7,2;7,52;7,8125;3,3;8,003333333;5,0;1,8;4,7;;3,0;;;;;;-1;2023;False;1
RA-1042;2023;Aluno-1042;M;10,0;2013,0;2023;0;Pública;;1G;1,0;2,0;-1,0;True;Moderada (1);5,331166667;Quartzo;0,0;6,5;3,77;7,708333333;4,3;7,666666667;5,0;4,0;4,5;;3,0;;;;;;-1;2023;False;1
RA-1043;2023;Aluno-1043;M;10,0;2013,0;2023;0;Pública;;1G;1,0;2,0;-1,0;True;Moderada (1);6,5447;Ágata;10,0;7,9;6,27;7,708333333;2,5;7,833333333;5,0;2,0;3,0;;3,0;;;;;;-1;2023;False;2
RA-1043;2024;Aluno-1043;M;11,0;2013,0;2023;1;Pública;EE João Ortiz Rodrigues;1H;1,0;2,0;-1,0;True;Moderada (1);7,539847562500002;Ametista;10,002;7,994071146;7,51;7,291666667;8,25;6,553333333;5,0;8,5;8,0;;3,0;;;;;;-1;2023;False;2
RA-1044;2023;Aluno-1044;F;10,0;2013,0;2023;0;Pública;;1G;1,0;2,0;-1,0;True;Moderada (1);7,629533333;Ametista;8,0;9,7;7,52;7,5;6,1;8,336666667;5,0;4,5;7,7;;3,0;;;;;;-1;2023;False;2
RA-1044;2024;Aluno-1044;F;11,0;2013,0;2023;1;Pública;EE Olivia de Faria Nogueira;2G;2,0;2,0;0,0;False;Adequado;7,966711904800001;Ametista;7,502;9,523809524;7,51;7,1875;7,0;7,21;10,0;7,0;7,0;;4,0;;;;;;0;2023;False;2
RA-1045;2023;Aluno-1045;F;11,0;2012,0;2023;0;Pública;;1H;1,0;2,0;-1,0;True;Moderada (1);8,089033333;Topázio;9,5;9,4;7,52;7,708333333;7,9;8,28;5,0;6,8;9,0;;3,0;;;;;;-1;2023;False;1
RA-1046;2023;Aluno-1046;M;9,0;2014,0;2023;0;Pública;;1H;1,0;1,0;0,0;False;Adequado;6,835833333;Ágata;0,0;8,5;3,77;8,541666667;6,3;8,223333333;10,0;6,3;6,3;;3,0;;;;;;0;2023;False;1
RA-1047;2023;Aluno-1047;M;9,0;2014,0;2023;0;Pública;;1H;1,0;1,0;0,0;False;Adequado;7,848366667;Ametista;10,0;8,5;3,77;8,125;6,9;7,893333333;10,0;5,8;8,0;;3,0;;;;;;0;2023;False;1
RA-1048;2023;Aluno-1048;F;10,0;2013,0;2023;0;Privada;;1H;1,0;2,0;-1,0;True;Moderada (1);7,811366667;Ametista;8,5;9,5;3,77;8,541666667;8,2;8,5;5,0;7,5;8,8;;3,0;;;;;;-1;2023;False;2
RA-1048;2024;Aluno-1048;F;11,0;2013,0;2023;1;Privada;Estuda em outra cidade;2A;2,0;1,0;1,0;False;Adiantado;7,5198666666;Ametista;8,502;6,833333333500001;6,255;7,708333333;6,25;8,283333333;10,0;6,5;6,0;;3,0;;;;;;1;2023;False;2
RA-1049;2023;Aluno-1049;M;10,0;2013,0;2023;0;Pública;;1H;1,0;2,0;-1,0;True;Moderada (1);7,443366667;Ametista;10,0;7,7;7,52;8,125;6,3;7,943333333;5,0;5,5;7,0;;3,0;;;;;;-1;2023;False;2
RA-1049;2024;Aluno-1049;M;11,0;2013,0;2023;1;Pública;EE João Ortiz Rodrigues;1J;1,0;2,0;-1,0;True;Moderada (1);6,821885606;Ágata;9,502;8,03030303;7,51;7,65625;4,5;6,745;5,0;4,0;5,0;;4,0;;;;;;-1;2023;False;2
RA-105;2022;Aluno-105;M;17,0;2005,0;2016;6;Privada - Parceira;;A;4,0;7,0;-3,0;True;Severa (3+);6,846;Ágata;7,9;8,2;5,6;;6,7;7,417;2,5;7,2;6,2;6,8;4,0;542;47;10;False;False;-3;2016;False;1
RA-1050;2023;Aluno-1050;M;11,0;2012,0;2023;0;Pública;;1H;1,0;2,0;-1,0;True;Moderada (1);7,764366667;Ametista;9,0;9,2;6,27;8,125;7,2;8,223333333;5,0;6,2;8,2;;3,0;;;;;;-1;2023;False;1
RA-1051;2023;Aluno-1051;F;9,0;2014,0;2023;0;Pública;;1H;1,0;1,0;0,0;False;Adequado;8,534866667;Topázio;8,5;8,9;6,27;8,75;8,4;8,613333333;10,0;7,0;9,8;;3,0;;;;;;0;2023;False;1
RA-1052;2023;Aluno-1052;M;9,0;2014,0;2023;0;Pública;;1H;1,0;1,0;0,0;False;Adequado;6,960333333;Ágata;0,0;9,0;7,52;7,916666667;5,3;7,833333333;10,0;5,0;5,5;;3,0;;;;;;0;2023;False;2
RA-1052;2024;Aluno-1052;M;10,0;2014,0;2023;1;Pública;EM Maria Ignez Concelles Irma Ines;1J;1,0;2,0;-1,0;True;Moderada (1);7,744032575800001;Ametista;5,834;9,128787879;6,26;8,59375;8,25;8,4975;5,0;8,5;8,0;;4,0;;;;;;-1;2023;False;2
RA-1053;2023;Aluno-1053;M;9,0;2014,0;2023;0;Pública;;1J;1,0;1,0;0,0;False;Adequado;7,776166667;Ametista;0,0;9,1;6,27;8,958333333;8,6;8,616666667;10,0;7,8;9,3;;3,0;;;;;;0;2023;False;1
RA-1054;2023;Aluno-1054;M;12,0;2010,0;2023;0;Pública;;1J;1,0;3,0;-2,0;True;Alta (2);7,459533333;Ametista;8,5;8,6;7,52;7,5;6,6;7,836666667;5,0;5,0;8,2;;3,0;;;;;;-2;2023;False;2
RA-1054;2024;Aluno-1054;M;13,0;2010,0;2023;1;Pública;EE Leonice de Aquino Oliveira;2G;2,0;3,0;-1,0;True;Moderada (1);6,985788509300001;Ágata;9,502;7,3291925465;7,51;7,1875;6,25;6,75;5,0;6,0;6,5;;4,0;;;;;;-1;2023;False;2
RA-1055;2023;Aluno-1055;M;11,0;2012,0;2023;0;Pública;;1J;1,0;2,0;-1,0;True;Moderada (1);5,9765;Quartzo;0,0;7,2;7,52;7,291666667;5,5;7,276666667;5,0;6,0;5,0;;3,0;;;;;;-1;2023;False;2
RA-1055;2024;Aluno-1055;M;12,0;2012,0;2023;1;Pública;EE Loris Nassif Mattar Profa;1J;1,0;3,0;-2,0;True;Alta (2);6,403040909100001;Ágata;10,002;5,7954545455;7,51;7,1875;5,5;5,87;5,0;4,0;7,0;;4,0;;;;;;-2;2023;False;2
RA-1056;2023;Aluno-1056;M;9,0;2014,0;2023;0;Pública;;1K;1,0;1,0;0,0;False;Adequado;8,551741667;Topázio;8,5;9,6;7,52;7,96875;8,1;8,113333333;10,0;7,8;8,3;;3,0;;;;;;0;2023;False;2
RA-1056;2024;Aluno-1056;M;10,0;2014,0;2023;1;Pública;EM Amanda Consuelo da Cunha;1L;1,0;2,0;-1,0;True;Moderada (1);8,192009523800001;Topázio;8,502;9,2857142855;7,51;9,166666667;8,25;8,335;5,0;8,5;8,0;;2,0;;;;;;-1;2023;False;2
RA-1057;2023;Aluno-1057;F;9,0;2014,0;2023;0;Pública;;1L;1,0;1,0;0,0;False;Adequado;8,4827;Topázio;10,0;10,0;7,52;8,125;6,3;8,34;10,0;6,5;6,0;;3,0;;;;;;0;2023;False;2
RA-1057;2024;Aluno-1057;F;10,0;2014,0;2023;1;Pública;EE Helio Luiz Dobrochinski Prof;1L;1,0;2,0;-1,0;True;Moderada (1);8,2352;Topázio;10,002;10,0;6,26;8,75;8,0;8,17;5,0;8,0;8,0;;2,0;;;;;;-1;2023;False;2
RA-1058;2023;Aluno-1058;F;9,0;2014,0;2023;0;Pública;;1L;1,0;1,0;0,0;False;Adequado;7,356533333;Ametista;10,0;8,7;3,14;7,083333333;5,4;7,62;10,0;4,0;6,7;;3,0;;;;;;0;2023;False;2
RA-1058;2024;Aluno-1058;F;10,0;2014,0;2023;1;Pública;EE Helio Luiz Dobrochinski Prof;1K;1,0;2,0;-1,0;True;Moderada (1);7,703347619;Ametista;9,168;8,095238095;6,88;8,125;7,75;8,085;5,0;7,5;8,0;;2,0;;;;;;-1;2023;False;2
RA-1059;2023;Aluno-1059;M;10,0;2013,0;2023;0;Pública;;1M;1,0;2,0;-1,0;True;Moderada (1);7,763741667;Ametista;10,0;9,8;2,52;7,96875;7,6;8,673333333;5,0;6,2;9,0;;3,0;;;;;;-1;2023;False;2
RA-1059;2024;Aluno-1059;M;11,0;2013,0;2023;1;Pública;EE Helio Luiz Dobrochinski Prof;2M;2,0;2,0;0,0;False;Adequado;8,678450000000002;Topázio;8,002;10,0;6,26;9,0625;7,5;9,23;10,0;7,5;7,5;;3,0;;;;;;0;2023;False;2
RA-106;2022;Aluno-106;F;15,0;2007,0;2016;6;Privada - Parceira;;A;4,0;5,0;-1,0;True;Moderada (1);7,973;Ametista;9,2;8,0;9,4;;7,4;8,375;5,0;7,8;7,2;7,2;4,0;148;13;5;True;False;-1;2016;True;3
RA-106;2023;Aluno-106;F;15,0;2007,0;2016;7;Privada - Apadrinhamento;;5A;5,0;5,0;0,0;False;Adequado;7,769658333;Ametista;7,9;9,1;5,0;7,03125;7,3;7,5075;10,0;6,7;6,8;8,3;4,0;;;;;;0;2016;True;3
RA-106;2024;Aluno-106;F;16,0;2007,0;2016;8;Privada - Apadrinhamento;Colégio Arco Íris Evolução;6A;6,0;6,0;0,0;False;Adequado;7,721664285733334;Ametista;9,168;8,761904762;5,635;7,8125;5,666666666666667;7,872;10,0;7,0;3,5;6,5;5,0;;;;;;0;2021;True;3
RA-1060;2023;Aluno-1060;M;10,0;2012,0;2023;0;Pública;;1M;1,0;2,0;-1,0;True;Moderada (1);7,095741667;Ametista;9,0;8,6;3,14;7,96875;5,7;8,673333333;5,0;4,3;7,0;;3,0;;;;;;-1;2023;False;2
RA-1060;2024;Aluno-1060;M;12,0;2012,0;2023;1;Pública;EE Donizetti Aparecido Leite Professor;2M;2,0;2,0;0,0;False;Adequado;6,448416666600001;Ágata;9,585;6,0;6,26;7,8125;3,25;6,163333333;10,0;3,5;3,0;;3,0;;;;;;0;2023;False;2
RA-1061;2023;Aluno-1061;M;10,0;2013,0;2023;0;Pública;;1M;1,0;2,0;-1,0;True;Moderada (1);8,196533333;Topázio;9,5;9,7;3,14;8,75;9,3;8,836666667;5,0;8,8;9,7;;3,0;;;;;;-1;2023;False;2
RA-1061;2024;Aluno-1061;M;11,0;2013,0;2023;1;Pública;EE Helio Luiz Dobrochinski Prof;2M;2,0;2,0;0,0;False;Adequado;8,76595;Topázio;8,502;10,0;6,26;8,4375;8,5;8,73;10,0;7,0;10,0;;3,0;;;;;;0;2023;False;2
RA-1062;2023;Aluno-1062;M;9,0;2014,0;2023;0;Pública;;1M;1,0;1,0;0,0;False;Adequado;7,448841667;Ametista;7,4;7,7;3,77;8,59375;6,2;8,503333333;10,0;4,8;7,5;;3,0;;;;;;0;2023;False;2
RA-1062;2024;Aluno-1062;M;10,0;2014,0;2023;1;Pública;EM Alfredo Schunk;1L;1,0;2,0;-1,0;True;Moderada (1);7,6147238096;Ametista;8,002;9,047619048;5,63;8,75;7,25;8,085;5,0;6,5;8,0;;2,0;;;;;;-1;2023;False;2
RA-1063;2023;Aluno-1063;M;11,0;2012,0;2023;0;Privada - Apadrinhamento;;1N;1,0;2,0;-1,0;True;Moderada (1);7,490825;Ametista;9,5;9,5;7,52;6,40625;5,9;7,89;5,0;4,7;7,0;;3,0;;;;;;-1;2023;False;2
RA-1063;2024;Aluno-1063;M;12,0;2012,0;2023;1;Pública;EE Donizetti Aparecido Leite Professor;2N;2,0;3,0;-1,0;True;Moderada (1);7,279250000000001;Ametista;5,25;9,75;7,51;7,8125;7,75;6,11;5,0;9,0;6,5;;3,0;;;;;;-1;2023;False;2
RA-1064;2023;Aluno-1064;M;10,0;2013,0;2023;0;Pública;;1N;1,0;2,0;-1,0;True;Moderada (1);8,4777;Topázio;8,5;9,8;7,52;9,375;8,6;8,84;5,0;8,3;8,8;;3,0;;;;;;-1;2023;False;2
RA-1064;2024;Aluno-1064;M;11,0;2013,0;2023;1;Pública;EE Helio Luiz Dobrochinski Prof;2N;2,0;2,0;0,0;False;Adequado;8,9802350877;Topázio;9,502;9,7368421055;7,51;8,75;8,5;8,783333333;10,0;8,0;9,0;;3,0;;;;;;0;2023;False;2
RA-1065;2023;Aluno-1065;F;10,0;2013,0;2023;0;Pública;;1N;1,0;2,0;-1,0;True;Moderada (1);8,03395;Topázio;8,5;9,6;7,52;8,4375;7,0;8,84;5,0;7,7;6,3;;3,0;;;;;;-1;2023;False;2
RA-1065;2024;Aluno-1065;F;11,0;2013,0;2023;1;Pública;EE Helio Luiz Dobrochinski Prof;2N;2,0;2,0;0,0;False;Adequado;8,8634934783;Topázio;9,502;8,8152173915;6,26;9,0625;9,25;8,84;10,0;9,0;9,5;;3,0;;;;;;0;2023;False;2
RA-1066;2023;Aluno-1066;F;10,0;2013,0;2023;0;Pública;;1N;1,0;2,0;-1,0;True;Moderada (1);7,262616667;Ametista;8,5;6,6;7,52;8,4375;6,2;8,783333333;5,0;4,2;8,2;;3,0;;;;;;-1;2023;False;2
RA-1066;2024;Aluno-1066;F;11,0;2013,0;2023;1;Pública;EM Cecilia Cristina de Oliveira Rodrigues;2L;2,0;2,0;0,0;False;Adequado;7,9326223603;Ametista;9,502;8,3954451345;6,26;7,5;7,25;7,386666667;10,0;7,0;7,5;;3,0;;;;;;0;2023;False;2
RA-1067;2023;Aluno-1067;M;10,0;2013,0;2023;0;Pública;;1N;1,0;2,0;-1,0;True;Moderada (1);6,541458333;Ágata;0,0;7,9;7,52;8,28125;5,4;9,006666667;5,0;4,5;6,3;;3,0;;;;;;-1;2023;False;2
RA-1067;2024;Aluno-1067;M;11,0;2013,0;2023;1;Pública;EM Cecilia Cristina de Oliveira Rodrigues;1K;1,0;2,0;-1,0;True;Moderada (1);7,840033333300001;Ametista;10,002;8,333333332999999;7,51;8,541666667;6,75;8,59;5,0;6,5;7,0;;2,0;;;;;;-1;2023;False;2
RA-1068;2023;Aluno-1068;M;10,0;2013,0;2023;0;Pública;;1P;1,0;2,0;-1,0;True;Moderada (1);8,472533333;Topázio;8,5;9,3;6,89;9,166666667;9,0;9,283333333;5,0;8,3;9,7;;3,0;;;;;;-1;2023;False;2
RA-1068;2024;Aluno-1068;M;11,0;2013,0;2023;1;Pública;EE Maria André Schunck Dona;2R;2,0;2,0;0,0;False;Adequado;9,0150030303;Topázio;9,502;9,068181818;7,51;8,541666667;9,5;8,73;10,0;9,0;10,0;;3,0;;;;;;0;2023;False;2
RA-1069;2023;Aluno-1069;M;11,0;2012,0;2023;0;Pública;;1P;1,0;2,0;-1,0;True;Moderada (1);7,590033333;Ametista;9,0;7,8;7,52;8,125;7,1;8,226666667;5,0;7,5;6,7;;3,0;;;;;;-1;2023;False;2
RA-1069;2024;Aluno-1069;M;12,0;2012,0;2023;1;Pública;EE Maria André Schunck Dona;2K;2,0;2,0;0,0;False;Adequado;7,678917391300001;Ametista;9,002;7,0760869565;7,51;8,125;6,25;7,75;10,0;7,0;5,5;;4,0;;;;;;0;2023;False;2
RA-107;2022;Aluno-107;F;15,0;2007,0;2018;4;Pública;;A;4,0;5,0;-1,0;True;Moderada (1);6,258;Ágata;7,5;6,4;7,5;;4,6;6,5;5,0;3,3;4,3;6,0;4,0;693;63;12;False;True;-1;2018;True;3
RA-107;2023;Aluno-107;F;15,0;2007,0;2018;5;Pública;;5C;5,0;5,0;0,0;False;Adequado;6,845208333;Ágata;0,0;8,5;5,0;7,34375;7,0;7,5875;10,0;6,0;5,2;9,7;4,0;;;;;;0;2018;True;3
RA-107;2024;Aluno-107;F;16,0;2007,0;2018;6;Pública;EE Mario Francisco de Amorim;5D;5,0;6,0;-1,0;True;Moderada (1);6,676130827066667;Ágata;7,5;7,9949874686666655;7,51;7,5;4,666666666666667;6,964;5,0;0,0;4,5;9,5;5,0;;;;;;-1;2021;True;3
RA-1070;2023;Aluno-1070;M;11,0;2012,0;2023;0;Pública;;1P;1,0;2,0;-1,0;True;Moderada (1);6,939033333;Ágata;9,0;7,8;3,14;7,708333333;5,8;8,67;5,0;5,3;6,3;;3,0;;;;;;-1;2023;False;2
RA-1070;2024;Aluno-1070;M;12,0;2012,0;2023;1;Pública;EE Donizetti Aparecido Leite Professor;1P;1,0;2,0;-1,0;True;Moderada (1);6,287171861500001;Ágata;9,002;9,3073593075;5,635;6,875;2,25;6,6225;5,0;4,5;0,0;;4,0;;;;;;-1;2023;False;2
RA-1071;2023;Aluno-1071;M;11,0;2012,0;2023;0;Pública;;1R;1,0;2,0;-1,0;True;Moderada (1);6,414033333;Ágata;9,0;8,6;7,52;5,625;3,5;6,396666667;5,0;1,7;5,3;;3,0;;;;;;-1;2023;False;2
RA-1071;2024;Aluno-1071;M;12,0;2012,0;2023;1;Pública;EE Maria André Schunck Dona;2R;2,0;3,0;-1,0;True;Moderada (1);4,8048623378;Quartzo;8,002;4,188311688500001;7,51;4,166666667;4,5;2,996666667;5,0;4,0;5,0;;3,0;;;;;;-1;2023;False;2
RA-1072;2023;Aluno-1072;M;11,0;2011,0;2023;0;Pública;;2A;2,0;2,0;0,0;False;Adequado;8,0152;Topázio;9,0;8,6;5,0;8,125;6,7;8,7125;10,0;5,2;8,2;;3,0;;;;;;0;2023;False;2
RA-1072;2024;Aluno-1072;M;12,0;2011,0;2023;1;Pública;EE Leonice de Aquino Oliveira;3B;3,0;3,0;0,0;False;Adequado;7,8153856754;Ametista;8,751;5,627886710333333;8,755;7,96875;8,166666666666666;7,545;10,0;8,0;7,0;9,5;4,0;;;;;;0;2023;False;2
RA-1073;2023;Aluno-1073;F;12,0;2011,0;2022;1;Pública;;2A;2,0;3,0;-1,0;True;Moderada (1);6,384333333;Ágata;0,0;8,8;2,52;8,333333333;6,2;9,045;5,0;4,8;7,5;;3,0;;;;;;-1;2023;True;2
RA-1073;2024;Aluno-1073;F;13,0;2011,0;2022;2;Pública;EE Mario Francisco de Amorim;3A;3,0;3,0;0,0;False;Adequado;7,0859945773333335;Ametista;9,168;6,370972886666667;7,5;6,875;6,5;5,7875;10,0;6,5;5,0;8,0;4,0;;;;;;0;2022;True;2
RA-1074;2023;Aluno-1074;F;12,0;2010,0;2023;0;Pública;;2A;2,0;3,0;-1,0;True;Moderada (1);6,195833333;Ágata;0,0;9,8;2,52;7,083333333;6,0;7,8775;5,0;8,0;4,0;;3,0;;;;;;-1;2023;False;1
RA-1075;2023;Aluno-1075;F;12,0;2010,0;2023;0;Pública;;2A;2,0;3,0;-1,0;True;Moderada (1);6,591333333;Ágata;0,0;9,6;5,0;7,708333333;5,5;9,0025;5,0;5,0;6,0;;3,0;;;;;;-1;2023;False;2
RA-1075;2024;Aluno-1075;F;13,0;2010,0;2023;1;Pública;EE Leonice de Aquino Oliveira;2A;2,0;3,0;-1,0;True;Moderada (1);6,8100812324;Ágata;7,5;8,5154061625;3,755;7,708333333;6,0;7,553333333;5,0;5,0;7,0;;3,0;;;;;;-1;2023;False;2
RA-1076;2023;Aluno-1076;F;12,0;2011,0;2021;2;Pública;;2A;2,0;3,0;-1,0;True;Moderada (1);7,901033333;Ametista;9,0;9,7;2,52;8,333333333;8,5;8,8775;5,0;9,0;8,0;;3,0;;;;;;-1;2023;True;2
RA-1076;2024;Aluno-1076;F;13,0;2011,0;2021;3;Pública;EE Mario Francisco de Amorim;3A;3,0;3,0;0,0;False;Adequado;7,479598365200001;Ametista;8,334;7,777033492666668;8,125;7,03125;6,333333333333333;6,5425;10,0;5,5;6,5;7,0;4,0;;;;;;0;2021;True;2
RA-1077;2023;Aluno-1077;M;11,0;2012,0;2023;0;Pública;;2B;2,0;2,0;0,0;False;Adequado;7,2115;Ametista;0,0;9,7;2,52;8,75;7,3;8,4225;10,0;6,8;7,8;;3,0;;;;;;0;2023;False;2
RA-1077;2024;Aluno-1077;M;12,0;2012,0;2023;1;Pública;EE Alexandre Rodrigues Nogueira;3D;3,0;3,0;0,0;False;Adequado;5,543865740733334;Quartzo;0,0;7,703703703666666;6,885;6,40625;2,0;6,37;10,0;0,0;6,0;0,0;4,0;;;;;;0;2023;False;2
RA-1078;2023;Aluno-1078;M;14,0;2009,0;2023;0;Pública;;2B;2,0;4,0;-2,0;True;Alta (2);6,472333333;Ágata;5,3;6,8;2,52;8,958333333;6,4;8,2975;5,0;4,3;8,5;;3,0;;;;;;-2;2023;False;1
RA-1079;2023;Aluno-1079;M;12,0;2010,0;2023;0;Pública;;2B;2,0;3,0;-1,0;True;Moderada (1);6,916533333;Ágata;9,0;8,1;2,52;7,083333333;7,6;7,13;5,0;7,3;7,8;;3,0;;;;;;-1;2023;False;2
RA-1079;2024;Aluno-1079;M;13,0;2010,0;2023;1;Pública;EE Alexandre Rodrigues Nogueira;3B;3,0;3,0;0,0;False;Adequado;5,4253413299333335;Quartzo;7,5;4,516498316333333;2,51;4,21875;6,333333333333333;4,1625;10,0;5,0;7,5;6,5;4,0;;;;;;0;2023;False;2
RA-108;2022;Aluno-108;F;17,0;2005,0;2019;3;Pública;;A;4,0;7,0;-3,0;True;Severa (3+);5,547;Quartzo;4,6;7,7;5,0;;5,0;6,125;2,5;3,0;5,8;6,2;4,0;784;72;15;False;False;-3;2019;False;2
RA-108;2023;Aluno-108;F;17,0;2005,0;2019;4;Concluiu o 3º EM;;5B;5,0;7,0;-2,0;True;Alta (2);4,9308;Quartzo;5,8;7,3;2,52;4,375;2,9;5,59;5,0;2,7;3,2;2,8;4,0;;;;;;-2;2019;False;2
RA-1080;2023;Aluno-1080;M;12,0;2011,0;2023;0;Pública;;2B;2,0;3,0;-1,0;True;Moderada (1);6,571966667;Ágata;7,9;10,0;5,0;8,541666667;1,5;8,13;5,0;0,0;3,0;;3,0;;;;;;-1;2023;False;1
RA-1081;2023;Aluno-1081;F;14,0;2009,0;2023;0;Pública;;2B;2,0;4,0;-2,0;True;Alta (2);7,666033333;Ametista;10,0;10,0;2,52;8,958333333;6,5;8,59;5,0;8,0;5,0;;3,0;;;;;;-2;2023;False;2
RA-1081;2024;Aluno-1081;F;15,0;2009,0;2023;1;Privada - Apadrinhamento;Colégio Arco Íris Evolução;4C;4,0;4,0;0,0;False;Adequado;8,5452952381;Topázio;6,667;9,523809523666666;5,005;9,166666667;8,833333333333334;8,95;10,0;9,5;8,0;9,0;3,0;;;;;;0;2023;False;2
RA-1082;2023;Aluno-1082;F;12,0;2011,0;2023;0;Pública;;2B;2,0;3,0;-1,0;True;Moderada (1);7,1617;Ametista;9,5;9,5;2,52;8,75;5,0;8,4225;5,0;3,5;6,5;;3,0;;;;;;-1;2023;False;2
RA-1082;2024;Aluno-1082;F;13,0;2011,0;2023;1;Pública;EE Leonice de Aquino Oliveira;2A;2,0;3,0;-1,0;True;Moderada (1);6,6114857142;Ágata;7,502;7,5714285715;10,0;7,083333333;3,75;6,943333333;5,0;2,0;5,5;;3,0;;;;;;-1;2023;False;2
RA-1083;2023;Aluno-1083;F;10,0;2013,0;2023;0;Pública;;2B;2,0;2,0;0,0;False;Adequado;8,2345;Topázio;6,8;10,0;5,0;8,75;7,5;8,38;10,0;7,0;8,0;;3,0;;;;;;0;2023;False;1
RA-1084;2023;Aluno-1084;F;11,0;2012,0;2023;0;Pública;;2B;2,0;2,0;0,0;False;Adequado;7,9948;Ametista;8,4;10,0;2,52;8,75;6,8;8,38;10,0;5,0;8,5;;3,0;;;;;;0;2023;False;2
RA-1084;2024;Aluno-1084;F;12,0;2012,0;2023;1;Pública;EE Leonice de Aquino Oliveira;3A;3,0;3,0;0,0;False;Adequado;6,9071109649333335;Ágata;8,751;7,705263158;5,63;7,03125;3,6666666666666665;7,4575;10,0;1,0;6,0;4,0;4,0;;;;;;0;2023;False;2
RA-1085;2023;Aluno-1085;F;12,0;2011,0;2023;0;Pública;;2C;2,0;3,0;-1,0;True;Moderada (1);6,563833333;Ágata;0,0;9,8;2,52;8,958333333;6,7;8,13;5,0;6,0;7,3;;3,0;;;;;;-1;2023;False;1
RA-1086;2023;Aluno-1086;F;12,0;2011,0;2023;0;Pública;;2C;2,0;3,0;-1,0;True;Moderada (1);7,2382;Ametista;8,5;9,4;2,52;8,75;5,7;8,755;5,0;6,0;5,3;;3,0;;;;;;-1;2023;False;1
RA-1087;2023;Aluno-1087;F;12,0;2011,0;2023;0;Pública;;2C;2,0;3,0;-1,0;True;Moderada (1);7,2067;Ametista;10,0;9,5;2,52;8,75;5,4;8,0475;5,0;3,7;7,0;;3,0;;;;;;-1;2023;False;2
RA-1087;2024;Aluno-1087;F;13,0;2011,0;2023;1;Pública;EE Mario Francisco de Amorim;3B;3,0;3,0;0,0;False;Adequado;6,913936532;Ágata;7,917;8,393265993333333;8,755;7,1875;2,6666666666666665;6,58;10,0;2,0;5,0;1,0;4,0;;;;;;0;2023;False;2
RA-1088;2023;Aluno-1088;M;13,0;2010,0;2023;0;Pública;;2C;2,0;3,0;-1,0;True;Moderada (1);7,4717;Ametista;9,5;9,8;2,52;8,75;6,8;7,9225;5,0;6,0;7,5;;3,0;;;;;;-1;2023;False;1
RA-1089;2023;Aluno-1089;F;11,0;2012,0;2023;0;Pública;;2C;2,0;2,0;0,0;False;Adequado;7,9947;Ametista;9,0;9,5;2,52;8,75;7,0;8,3375;10,0;6,0;8,0;;3,0;;;;;;0;2023;False;2
RA-1089;2024;Aluno-1089;F;12,0;2012,0;2023;1;Pública;EE Bairro Boa Vista;3D;3,0;3,0;0,0;False;Adequado;7,6221531746;Ametista;9,168;7,039682539666667;8,13;7,1875;6,833333333333333;6,995;10,0;6,0;6,0;8,5;4,0;;;;;;0;2023;False;2
RA-109;2022;Aluno-109;M;16,0;2006,0;2021;1;Privada - Parceira;;A;4,0;6,0;-2,0;True;Alta (2);8,512;Topázio;8,8;10,0;8,8;;8,4;8,667;5,0;7,8;7,5;9,9;4,0;33;4;2;True;False;-2;2021;False;2
RA-109;2023;Aluno-109;M;17,0;2006,0;2021;2;Privada - Apadrinhamento;;6A;6,0;7,0;-1,0;True;Moderada (1);8,3184;Topázio;8,3;9,9;7,52;8,75;8,3;8,59;5,0;7,0;8,2;9,7;4,0;;;;;;-1;2021;False;2
RA-1090;2023;Aluno-1090;M;13,0;2010,0;2023;0;Pública;;2C;2,0;3,0;-1,0;True;Moderada (1);7,844033333;Ametista;9,0;9,6;2,52;8,958333333;9,0;7,88;5,0;8,7;9,3;;3,0;;;;;;-1;2023;False;2
RA-1090;2024;Aluno-1090;M;14,0;2010,0;2023;1;Pública;EE Alexandre Rodrigues Nogueira;3D;3,0;3,0;0,0;False;Adequado;7,7652831384;Ametista;9,585;7,621832358666666;7,51;7,8125;6,333333333333333;7,4175;10,0;3,5;7,5;8,0;4,0;;;;;;0;2023;False;2
RA-1091;2023;Aluno-1091;M;12,0;2011,0;2023;0;Pública;;2C;2,0;3,0;-1,0;True;Moderada (1);8,032533333;Topázio;8,5;9,0;2,52;8,958333333;9,5;9,1725;5,0;9,3;9,7;;3,0;;;;;;-1;2023;False;1
RA-1092;2023;Aluno-1092;M;12,0;2011,0;2023;0;Pública;;2C;2,0;3,0;-1,0;True;Moderada (1);7,41;Ametista;7,8;9,8;2,52;8,75;6,9;8,2975;5,0;6,0;7,8;;3,0;;;;;;-1;2023;False;1
RA-1093;2023;Aluno-1093;M;11,0;2012,0;2023;0;Pública;;2C;2,0;2,0;0,0;False;Adequado;8,197533333;Topázio;7,0;9,3;2,52;8,958333333;9,2;8,2975;10,0;9,3;9,0;;3,0;;;;;;0;2023;False;2
RA-1093;2024;Aluno-1093;M;12,0;2012,0;2023;1;Pública;EE Mario Francisco de Amorim;3D;3,0;3,0;0,0;False;Adequado;8,5079027778;Topázio;7,5;7,722222222333333;8,13;8,90625;8,666666666666666;8,8825;10,0;8,5;8,0;9,5;4,0;;;;;;0;2023;False;2
RA-1094;2023;Aluno-1094;F;11,0;2011,0;2023;0;Pública;;2C;2,0;2,0;0,0;False;Adequado;8,1779;Topázio;7,8;9,5;2,52;8,75;8,5;8,3375;10,0;7,8;9,2;;3,0;;;;;;0;2023;False;2
RA-1094;2024;Aluno-1094;F;12,0;2011,0;2023;1;Pública;EE Leonice de Aquino Oliveira;3D;3,0;3,0;0,0;False;Adequado;8,0164785714;Topázio;9,168;9,523809523666666;2,51;8,4375;7,333333333333333;8,1675;10,0;6,0;7,5;8,5;4,0;;;;;;0;2023;False;2
RA-1095;2023;Aluno-1095;M;13,0;2010,0;2023;0;Pública;;2C;2,0;3,0;-1,0;True;Moderada (1);6,238;Ágata;0,0;9,8;2,52;8,75;5,3;8,005;5,0;5,8;4,7;;3,0;;;;;;-1;2023;False;2
RA-1095;2024;Aluno-1095;M;14,0;2010,0;2023;1;Pública;EE Mario Francisco de Amorim;3D;3,0;3,0;0,0;False;Adequado;6,108547514666667;Ágata;7,5;7,84502924;7,51;5,46875;2,333333333333333;5,125;10,0;3,0;2,0;2,0;4,0;;;;;;0;2023;False;2
RA-1096;2023;Aluno-1096;F;10,0;2012,0;2023;0;Pública;;2D;2,0;2,0;0,0;False;Adequado;8,615533333;Topázio;9,5;9,9;2,52;8,958333333;9,6;8,0875;10,0;9,5;9,7;;3,0;;;;;;0;2023;False;2
RA-1096;2024;Aluno-1096;F;11,0;2012,0;2023;1;Pública;EE Leonice de Aquino Oliveira;3B;3,0;2,0;1,0;False;Adiantado;9,189883333333334;Topázio;9,168;9,866666666666667;8,755;9,0625;8,5;9,09;10,0;8,5;7,0;10,0;4,0;;;;;;1;2023;False;2
RA-1097;2023;Aluno-1097;M;14,0;2009,0;2023;0;Pública;;2D;2,0;4,0;-2,0;True;Alta (2);6,9547;Ágata;9,5;8,6;5,0;8,125;5,4;6,96;5,0;4,3;6,5;;3,0;;;;;;-2;2023;False;2
RA-1097;2024;Aluno-1097;M;15,0;2009,0;2023;1;Pública;EE Paschoal Carlos Magno;3C;3,0;4,0;-1,0;True;Moderada (1);5,475324895633334;Quartzo;10,002;4,849791144666667;6,25;6,041666667;3,0;5,88;5,0;4,5;4,5;0,0;3,0;;;;;;-1;2023;False;2
RA-1098;2023;Aluno-1098;F;13,0;2010,0;2023;0;Pública;;2D;2,0;3,0;-1,0;True;Moderada (1);7,2787;Ametista;9,5;9,5;2,52;8,125;6,4;7,92;5,0;6,3;6,5;;3,0;;;;;;-1;2023;False;2
RA-1098;2024;Aluno-1098;F;14,0;2010,0;2023;1;Pública;EE Alexandre Rodrigues Nogueira;3D;3,0;3,0;0,0;False;Adequado;6,5744562514;Ágata;8,751;5,822406257;7,51;7,34375;3,5;6,7475;10,0;1,0;3,5;6,0;4,0;;;;;;0;2023;False;2
RA-1099;2023;Aluno-1099;F;13,0;2010,0;2023;0;Pública;;2F;2,0;3,0;-1,0;True;Moderada (1);7,113533333;Ametista;9,0;9,6;2,52;8,333333333;5,2;8,34;5,0;5,7;4,7;;3,0;;;;;;-1;2023;False;2
RA-1099;2024;Aluno-1099;F;14,0;2010,0;2023;1;Pública;EE Leonice de Aquino Oliveira;3G;3,0;3,0;0,0;False;Adequado;7,332483333333334;Ametista;8,334;8,133333333333333;10,0;7,8125;3,8333333333333335;6,6225;10,0;2,5;3,5;5,5;4,0;;;;;;0;2023;False;2
RA-11;2022;Aluno-11;F;18,0;2004,0;2016;6;Pública;;A;7,0;8,0;-1,0;True;Moderada (1);5,323;Quartzo;9,2;4,2;5,0;;3,0;6,389;5,0;1,8;2,5;4,5;4,0;799;19;11;False;False;-1;2016;False;1
RA-110;2022;Aluno-110;M;14,0;2008,0;2017;5;Privada - Parceira;;A;4,0;4,0;0,0;False;Adequado;8,15;Topázio;9,2;9,7;5,6;;6,7;8,0;10,0;8,3;5,7;6,0;4,0;100;10;3;False;False;0;2017;True;3
RA-110;2023;Aluno-110;M;15,0;2008,0;2017;6;Privada - Apadrinhamento;;5A;5,0;5,0;0,0;False;Adequado;8,0879;Topázio;8,3;8,6;5,0;8,75;7,5;8,2975;10,0;8,3;6,2;8,0;4,0;;;;;;0;2017;True;3
RA-110;2024;Aluno-110;M;16,0;2008,0;2017;7;Privada - Apadrinhamento;Colégio Arco Íris Evolução;5A;5,0;5,0;0,0;False;Adequado;8,6324939394;Topázio;9,168;9,696969697;6,255;7,5;8,5;8,504;10,0;10,0;7,0;8,5;5,0;;;;;;0;2021;True;3
RA-1100;2023;Aluno-1100;M;11,0;2012,0;2023;0;Pública;;2F;2,0;2,0;0,0;False;Adequado;8,261033333;Topázio;10,0;9,2;5,0;8,541666667;7,1;8,283333333;10,0;6,3;7,8;;3,0;;;;;;0;2023;False;2
RA-1100;2024;Aluno-1100;M;12,0;2012,0;2023;1;Pública;EE João Ortiz Rodrigues;3G;3,0;2,0;1,0;False;Adiantado;6,649708333333334;Ágata;7,5;7,1000000000000005;7,51;6,71875;4,666666666666667;5,6175;10,0;4,0;4,0;6,0;4,0;;;;;;1;2023;False;2
RA-1101;2023;Aluno-1101;M;10,0;2013,0;2023;0;Pública;;2F;2,0;2,0;0,0;False;Adequado;6,446666667;Ágata;0,0;7,2;5,0;8,333333333;5,3;8,116666667;10,0;4,2;6,3;;3,0;;;;;;0;2023;False;1
RA-1102;2023;Aluno-1102;M;11,0;2012,0;2023;0;Pública;;2F;2,0;2,0;0,0;False;Adequado;8,123033333;Topázio;9,5;9,5;5,0;7,708333333;7,5;7,56;10,0;5,7;9,2;;3,0;;;;;;0;2023;False;2
RA-1102;2024;Aluno-1102;M;12,0;2012,0;2023;1;Pública;EE Leonice de Aquino Oliveira;3H;3,0;2,0;1,0;False;Adiantado;8,440611904733334;Topázio;8,751;9,390476190333333;8,13;5,9375;9,333333333333334;7,07;10,0;10,0;8,0;10,0;5,0;;;;;;1;2023;False;2
RA-1103;2023;Aluno-1103;M;10,0;2012,0;2023;0;Pública;;2F;2,0;2,0;0,0;False;Adequado;7,574866667;Ametista;9,0;8,7;5,0;8,333333333;5,0;8,006666667;10,0;4,5;5,5;;3,0;;;;;;0;2023;False;2
RA-1103;2024;Aluno-1103;M;11,0;2012,0;2023;1;Pública;EE Loris Nassif Mattar Profa;2H;2,0;2,0;0,0;False;Adequado;7,861995031000001;Ametista;8,502;7,763975155000001;7,51;7,5;7,25;7,54;10,0;6,0;8,5;;4,0;;;;;;0;2023;False;2
RA-1104;2023;Aluno-1104;F;13,0;2010,0;2023;0;Pública;;2G;2,0;3,0;-1,0;True;Moderada (1);7,265533333;Ametista;5,7;10,0;2,52;8,541666667;6,4;9,063333333;5,0;5,5;7,3;;3,0;;;;;;-1;2023;False;1
RA-1105;2023;Aluno-1105;F;13,0;2010,0;2023;0;Pública;;2G;2,0;3,0;-1,0;True;Moderada (1);6,299166667;Ágata;0,0;9,0;2,52;8,125;6,0;8,673333333;5,0;5,0;7,0;;3,0;;;;;;-1;2023;False;1
RA-1106;2023;Aluno-1106;M;12,0;2011,0;2023;0;Pública;;2H;2,0;3,0;-1,0;True;Moderada (1);7,1642;Ametista;8,5;9,3;5,0;8,333333333;5,1;8,003333333;5,0;5,2;5,0;;3,0;;;;;;-1;2023;False;2
RA-1106;2024;Aluno-1106;M;13,0;2011,0;2023;1;Pública;EE João Ortiz Rodrigues;3F;3,0;3,0;0,0;False;Adequado;5,936272086266667;Quartzo;8,334;5,4312354313333335;7,51;7,65625;0,0;7,5;10,0;0,0;0,0;0,0;4,0;;;;;;0;2023;False;2
RA-1107;2023;Aluno-1107;F;12,0;2010,0;2023;0;Pública;;2H;2,0;3,0;-1,0;True;Moderada (1);7,9327;Ametista;9,0;9,4;5,0;8,958333333;7,5;8,783333333;5,0;8,0;7,0;;3,0;;;;;;-1;2023;False;2
RA-1107;2024;Aluno-1107;F;13,0;2010,0;2023;1;Pública;EE João Ortiz Rodrigues;3G;3,0;3,0;0,0;False;Adequado;5,9731;Quartzo;8,751;6,2;2,51;7,5;2,5;6,785;10,0;1,0;3,5;3,0;4,0;;;;;;0;2023;False;2
RA-1108;2023;Aluno-1108;M;12,0;2010,0;2023;0;Pública;;2H;2,0;3,0;-1,0;True;Moderada (1);6,310833333;Ágata;0,0;9,3;5,0;8,541666667;4,7;8,283333333;5,0;3,7;5,7;;3,0;;;;;;-1;2023;False;2
RA-1108;2024;Aluno-1108;M;13,0;2010,0;2023;1;Pública;EE João Ortiz Rodrigues;3F;3,0;3,0;0,0;False;Adequado;6,017215010400001;Ágata;9,168;3,7546583853333337;8,13;7,1875;3,6666666666666665;5,422;10,0;3,5;3,5;4,0;5,0;;;;;;0;2023;False;2
RA-1109;2023;Aluno-1109;M;14,0;2009,0;2023;0;Pública;;2H;2,0;4,0;-2,0;True;Alta (2);6,277533333;Ágata;10,0;6,4;5,0;7,5;3,4;7,836666667;5,0;3,5;3,3;;3,0;;;;;;-2;2023;False;1
RA-111;2022;Aluno-111;F;13,0;2009,0;2020;2;Privada - Parceira;;A;4,0;3,0;1,0;False;Adiantado;8,646;Topázio;7,5;9,4;8,1;;8,0;8,667;10,0;6,7;7,5;9,7;4,0;22;2;1;True;False;1;2020;True;3
RA-111;2023;Aluno-111;F;14,0;2009,0;2020;3;Privada - Apadrinhamento;;5A;5,0;4,0;1,0;False;Adiantado;7,566458333;Ametista;7,5;8,7;5,0;7,65625;6,0;8,0875;10,0;6,0;5,2;6,7;4,0;;;;;;1;2020;True;3
RA-111;2024;Aluno-111;F;15,0;2009,0;2020;4;Privada - Apadrinhamento;Colégio Arco Íris Evolução;5B;5,0;5,0;0,0;False;Adequado;8,667693939400001;Topázio;9,168;9,488636363666666;6,26;8,125;8,333333333333334;8,74;10,0;8,0;7,0;10,0;5,0;;;;;;0;2021;True;3
RA-1110;2023;Aluno-1110;F;12,0;2011,0;2023;0;Pública;;2H;2,0;3,0;-1,0;True;Moderada (1);7,248566667;Ametista;4,6;9,2;5,0;8,541666667;6,8;8,73;5,0;6,5;7,0;;3,0;;;;;;-1;2023;False;1
RA-1111;2023;Aluno-1111;F;11,0;2012,0;2023;0;Pública;;2I;2,0;2,0;0,0;False;Adequado;6,559166667;Ágata;0,0;8,9;2,52;8,125;5,4;8,173333333;10,0;4,8;6,0;;3,0;;;;;;0;2023;False;2
RA-1111;2024;Aluno-1111;F;12,0;2012,0;2023;1;Pública;EE Leonice de Aquino Oliveira;3F;3,0;2,0;1,0;False;Adiantado;6,116032815733334;Ágata;6,249;4,600414078666667;7,5;6,5625;5,0;5,824;10,0;5,0;4,0;6,0;5,0;;;;;;1;2023;False;2
RA-1112;2023;Aluno-1112;M;12,0;2011,0;2023;0;Pública;;2I;2,0;3,0;-1,0;True;Moderada (1);7,088866667;Ametista;9,5;7,9;2,52;8,333333333;6,3;8,616666667;5,0;5,2;7,3;;3,0;;;;;;-1;2023;False;2
RA-1112;2024;Aluno-1112;M;13,0;2011,0;2023;1;Pública;EE Joaquim Mendes Feliz;3I;3,0;3,0;0,0;False;Adequado;6,856082394;Ágata;9,585;9,02791197;8,135;5,375;4,0;4,705;10,0;4,0;4,0;4,0;4,0;;;;;;0;2023;False;2
RA-1113;2023;Aluno-1113;M;12,0;2011,0;2023;0;Pública;;2K;2,0;3,0;-1,0;True;Moderada (1);5,636666667;Quartzo;0,0;6,0;7,52;7,5;5,0;7,173333333;5,0;5,0;5,0;;3,0;;;;;;-1;2023;False;1
RA-1114;2023;Aluno-1114;F;11,0;2011,0;2023;0;Pública;;2K;2,0;2,0;0,0;False;Adequado;7,5667;Ametista;8,5;9,8;2,52;8,125;4,9;8,56;10,0;4,3;5,5;;3,0;;;;;;0;2023;False;2
RA-1114;2024;Aluno-1114;F;12,0;2011,0;2023;1;Pública;EM Cecilia Cristina de Oliveira Rodrigues;3M;3,0;3,0;0,0;False;Adequado;7,437466666666667;Ametista;8,751;9,533333333333331;2,51;8,375;5,0;7,836;10,0;5,0;3,0;7,0;5,0;;;;;;0;2023;False;2
RA-1115;2023;Aluno-1115;F;11,0;2012,0;2023;0;Pública;;2K;2,0;2,0;0,0;False;Adequado;6,474;Ágata;0,0;8,3;7,52;7,5;4,0;7,56;10,0;6,0;2,0;;3,0;;;;;;0;2023;False;2
RA-1115;2024;Aluno-1115;F;12,0;2012,0;2023;1;Pública;EE Donizetti Aparecido Leite Professor;2M;2,0;2,0;0,0;False;Adequado;6,570068686900001;Ágata;8,002;4,2676767675;7,51;7,5;6,25;5,826666667;10,0;6,5;6,0;;3,0;;;;;;0;2023;False;2
RA-1116;2023;Aluno-1116;M;13,0;2009,0;2023;0;Pública;;2K;2,0;3,0;-1,0;True;Moderada (1);6,956533333;Ágata;9,5;9,2;5,0;7,083333333;4,9;7,39;5,0;3,8;6,0;;3,0;;;;;;-1;2023;False;2
RA-1116;2024;Aluno-1116;M;15,0;2009,0;2023;1;Pública;EM Cecilia Cristina de Oliveira Rodrigues;3M;3,0;4,0;-1,0;True;Moderada (1);3,7894777778;Quartzo;0,0;3,3555555556666667;6,26;5,125;2,333333333333333;5,066;5,0;1,0;3,0;3,0;5,0;;;;;;-1;2023;False;2
RA-1117;2023;Aluno-1117;F;11,0;2012,0;2023;0;Pública;;2K;2,0;2,0;0,0;False;Adequado;8,382366667;Topázio;9,0;9,6;7,52;7,708333333;7,3;7,946666667;10,0;6,0;8,5;;3,0;;;;;;0;2023;False;2
RA-1117;2024;Aluno-1117;F;12,0;2012,0;2023;1;Pública;EE Maria André Schunck Dona;3K;3,0;2,0;1,0;False;Adiantado;7,601562962866668;Ametista;8,751;8,314814814666667;7,51;8,125;5,666666666666667;6,833333333;10,0;5,0;5,0;7,0;3,0;;;;;;1;2023;False;2
RA-1118;2023;Aluno-1118;F;12,0;2010,0;2023;0;Pública;;2K;2,0;3,0;-1,0;True;Moderada (1);7,163833333;Ametista;5,3;8,8;7,52;7,708333333;6,0;8,28;5,0;4,8;7,2;;3,0;;;;;;-1;2023;False;2
RA-1118;2024;Aluno-1118;F;14,0;2010,0;2023;1;Pública;EM Alfredo Schunk;3M;3,0;3,0;0,0;False;Adequado;7,0305545924;Ametista;7,084;7,846439628666666;9,38;6,75;3,8333333333333335;6,866;10,0;3,0;4,5;4,0;5,0;;;;;;0;2023;False;2
RA-1119;2023;Aluno-1119;F;13,0;2010,0;2023;0;Pública;;2L;2,0;3,0;-1,0;True;Moderada (1);7,192;Ametista;7,3;9,7;3,77;7,708333333;5,9;8,453333333;5,0;3,0;8,8;;3,0;;;;;;-1;2023;False;2
RA-1119;2024;Aluno-1119;F;14,0;2010,0;2023;1;Pública;EM Cecilia Cristina de Oliveira Rodrigues;3M;3,0;4,0;-1,0;True;Moderada (1);7,388266666666667;Ametista;9,585;8,716666666666667;7,51;7,625;5,666666666666667;7,698;5,0;6,0;3,5;7,5;5,0;;;;;;-1;2023;False;2
RA-112;2022;Aluno-112;F;15,0;2007,0;2016;6;Privada - Parceira;;A;4,0;5,0;-1,0;True;Moderada (1);7,836;Ametista;7,9;7,8;6,3;;8,5;8,833;5,0;9,0;7,5;9,1;4,0;189;17;6;True;False;-1;2016;True;3
RA-112;2023;Aluno-112;F;16,0;2007,0;2016;7;Privada - Apadrinhamento;;5A;5,0;6,0;-1,0;True;Moderada (1);7,141308333;Ametista;6,7;8,1;5,0;7,96875;7,4;7,9225;5,0;7,3;6,5;8,3;4,0;;;;;;-1;2016;True;3
RA-112;2024;Aluno-112;F;17,0;2007,0;2016;8;Privada - Apadrinhamento;Colégio Arco Íris Evolução;6A;6,0;6,0;0,0;False;Adequado;8,052609920666667;Topázio;7,083;7,978174603333333;7,51;7,96875;8,0;8,004;10,0;9,5;6,0;8,5;5,0;;;;;;0;2021;True;3
RA-1120;2023;Aluno-1120;F;11,0;2012,0;2023;0;Pública;;2L;2,0;2,0;0,0;False;Adequado;9,103366667;Topázio;9,5;9,6;7,52;8,958333333;8,3;9,676666667;10,0;7,3;9,2;;3,0;;;;;;0;2023;False;1
RA-1121;2023;Aluno-1121;M;11,0;2012,0;2023;0;Pública;;2L;2,0;2,0;0,0;False;Adequado;8,049;Topázio;0,0;9,9;6,26;8,75;8,0;9,84;10,0;6,5;9,5;;3,0;;;;;;0;2023;False;2
RA-1121;2024;Aluno-1121;M;12,0;2012,0;2023;1;Pública;EE Maria André Schunck Dona;3K;3,0;3,0;0,0;False;Adequado;8,407166666633334;Topázio;9,585;10,0;7,51;7,083333333;6,666666666666667;8,28;10,0;9,0;5,0;6,0;3,0;;;;;;0;2023;False;2
RA-1122;2023;Aluno-1122;M;11,0;2012,0;2023;0;Pública;;2L;2,0;2,0;0,0;False;Adequado;7,3715;Ametista;0,0;9,3;6,89;7,291666667;6,9;8,616666667;10,0;5,2;8,5;;3,0;;;;;;0;2023;False;2
RA-1122;2024;Aluno-1122;M;12,0;2012,0;2023;1;Pública;EE Maria André Schunck Dona;3K;3,0;2,0;1,0;False;Adiantado;7,817322222166666;Ametista;8,751;9,861111111;7,51;7,083333333;5,333333333333333;7,22;10,0;5,0;4,5;6,5;3,0;;;;;;1;2023;False;2
RA-1123;2023;Aluno-1123;M;12,0;2010,0;2023;0;Pública;;2L;2,0;3,0;-1,0;True;Moderada (1);6,9565;Ágata;7,3;8,9;7,52;7,083333333;5,3;7,113333333;5,0;3,8;6,8;;3,0;;;;;;-1;2023;False;1
RA-1124;2023;Aluno-1124;F;14,0;2009,0;2023;0;Pública;;2M;2,0;4,0;-2,0;True;Alta (2);6,667866667;Ágata;9,5;8,0;7,52;7,083333333;3,0;7,786666667;5,0;1,0;5,0;;3,0;;;;;;-2;2023;False;1
RA-1125;2023;Aluno-1125;F;11,0;2012,0;2023;0;Pública;;2M;2,0;2,0;0,0;False;Adequado;6,655366667;Ágata;4,7;7,9;7,52;6,666666667;4,0;6,95;10,0;1,0;7,0;;3,0;;;;;;0;2023;False;1
RA-1126;2023;Aluno-1126;F;12,0;2011,0;2023;0;Pública;;2M;2,0;3,0;-1,0;True;Moderada (1);;;0,0;5,2;3,77;7,291666667;;7,06;5,0;;;;3,0;;;;;;-1;2023;False;1
RA-1127;2023;Aluno-1127;F;11,0;2012,0;2023;0;Pública;;2N;2,0;2,0;0,0;False;Adequado;8,3167;Topázio;8,5;9,9;5,02;8,125;6,9;9,01;10,0;5,0;8,7;;3,0;;;;;;0;2023;False;2
RA-1127;2024;Aluno-1127;F;12,0;2012,0;2023;1;Pública;EE Donizetti Aparecido Leite Professor;3N;3,0;3,0;0,0;False;Adequado;8,180966666666668;Topázio;9,168;10,0;7,51;8,125;5,833333333333333;7,67;10,0;8,5;4,5;4,5;2,0;;;;;;0;2023;False;2
RA-1128;2023;Aluno-1128;M;12,0;2011,0;2023;0;Pública;;2N;2,0;3,0;-1,0;True;Moderada (1);6,404533333;Ágata;9,5;7,3;5,02;7,916666667;3,5;7,503333333;5,0;3,0;4,0;;3,0;;;;;;-1;2023;False;1
RA-1129;2023;Aluno-1129;M;11,0;2012,0;2023;0;Pública;;2N;2,0;2,0;0,0;False;Adequado;7,309333333;Ametista;0,0;9,2;6,27;7,916666667;7,8;7,503333333;10,0;6,8;8,7;;3,0;;;;;;0;2023;False;2
RA-1129;2024;Aluno-1129;M;12,0;2012,0;2023;1;Pública;EE Donizetti Aparecido Leite Professor;3N;3,0;3,0;0,0;False;Adequado;7,360417647066668;Ametista;9,168;7,137254902;8,13;6,875;6,833333333333333;5,745;10,0;9,0;5,5;6,0;2,0;;;;;;0;2023;False;2
RA-113;2022;Aluno-113;F;15,0;2007,0;2017;5;Privada - Parceira;;A;4,0;5,0;-1,0;True;Moderada (1);3,032;Quartzo;0,0;0,0;5,0;;3,7;3,792;5,0;3,3;5,5;2,3;4,0;862;76;16;False;False;-1;2017;True;2
RA-113;2024;Aluno-113;F;16,0;2007,0;2017;7;Pública;EE Leonice de Aquino Oliveira;5G;5,0;6,0;-1,0;True;Moderada (1);7,043536903066667;Ametista;8,751;7,063851181666667;7,51;7,5;6,666666666666667;7,106666667;5,0;7,0;6,0;7,0;3,0;;;;;;-1;2021;True;2
RA-1130;2023;Aluno-1130;M;11,0;2012,0;2023;0;Pública;;2N;2,0;2,0;0,0;False;Adequado;8,0037;Topázio;8,5;8,4;7,52;7,708333333;7,3;7,503333333;10,0;6,3;8,2;;3,0;;;;;;0;2023;False;2
RA-1130;2024;Aluno-1130;M;12,0;2012,0;2023;1;Pública;EE Donizetti Aparecido Leite Professor;3N;3,0;3,0;0,0;False;Adequado;6,563952941199999;Ágata;8,751;6,278431372666667;8,13;6,875;4,333333333333333;5,33;10,0;7,5;3,5;2,0;2,0;;;;;;0;2023;False;2
RA-1131;2023;Aluno-1131;F;12,0;2011,0;2023;0;Pública;;2N;2,0;3,0;-1,0;True;Moderada (1);8,316133333;Topázio;7,9;9,9;5,02;8,75;9,1;9,286666667;5,0;8,3;9,8;;3,0;;;;;;-1;2023;False;2
RA-1131;2024;Aluno-1131;F;13,0;2011,0;2023;1;Privada - Apadrinhamento;Colégio Arco Íris Evolução;3K;3,0;3,0;0,0;False;Adequado;8,2889555555;Topázio;8,334;9,277777777666666;6,255;7,291666667;8,333333333333334;7,893333333;10,0;8,0;7,0;10,0;3,0;;;;;;0;2023;False;2
RA-1132;2023;Aluno-1132;M;12,0;2011,0;2023;0;Pública;;2N;2,0;3,0;-1,0;True;Moderada (1);6,829533333;Ágata;10,0;6,3;6,27;7,916666667;5,8;7,503333333;5,0;5,2;6,3;;3,0;;;;;;-1;2023;False;1
RA-1133;2023;Aluno-1133;F;10,0;2013,0;2023;0;Pública;;2N;2,0;2,0;0,0;False;Adequado;8,600033333;Topázio;9,5;10,0;6,27;8,541666667;6,5;9,343333333;10,0;5,0;8,0;;3,0;;;;;;0;2023;False;2
RA-1133;2024;Aluno-1133;F;11,0;2013,0;2023;1;Pública;EE Donizetti Aparecido Leite Professor;3U;3,0;2,0;1,0;False;Adiantado;8,238553968266668;Topázio;9,168;9,841269841333334;8,75;8,125;4,5;8,83;10,0;5,0;3,5;5,0;4,0;;;;;;1;2023;False;2
RA-1134;2023;Aluno-1134;M;11,0;2011,0;2023;0;Pública;;2N;2,0;2,0;0,0;False;Adequado;7,769866667;Ametista;8,0;9,7;3,76;7,916666667;6,8;7,56;10,0;5,5;8,0;;3,0;;;;;;0;2023;False;2
RA-1134;2024;Aluno-1134;M;12,0;2011,0;2023;1;Pública;EE Donizetti Aparecido Leite Professor;3U;3,0;3,0;0,0;False;Adequado;7,7564571427;Ametista;8,751;8,914285714;7,51;7,708333333;6,0;6,883333333;10,0;6,0;5,5;6,5;3,0;;;;;;0;2023;False;2
RA-1135;2023;Aluno-1135;M;11,0;2011,0;2023;0;Pública;;2P;2,0;2,0;0,0;False;Adequado;7,453833333;Ametista;0,0;9,4;7,52;8,125;7,2;7,896666667;10,0;4,8;9,5;;3,0;;;;;;0;2023;False;1
RA-1136;2023;Aluno-1136;F;13,0;2009,0;2023;0;Pública;;2P;2,0;3,0;-1,0;True;Moderada (1);6,7351;Ágata;6,8;8,1;2,52;8,333333333;6,6;7,723333333;5,0;4,8;8,3;;3,0;;;;;;-1;2023;False;2
RA-1136;2024;Aluno-1136;F;14,0;2009,0;2023;1;Pública;EE Donizetti Aparecido Leite Professor;3R;3,0;4,0;-1,0;True;Moderada (1);5,458179831866667;Quartzo;8,751;4,547899159666667;8,135;7,5;1,6666666666666667;6,383333333;5,0;1,0;2,0;2,0;3,0;;;;;;-1;2023;False;2
RA-1137;2023;Aluno-1137;F;10,0;2013,0;2023;0;Pública;;2R;2,0;2,0;0,0;False;Adequado;8,743366667;Topázio;9,5;9,8;6,27;9,375;6,5;9,843333333;10,0;6,0;7,0;;3,0;;;;;;0;2023;False;2
RA-1137;2024;Aluno-1137;F;11,0;2013,0;2023;1;Pública;EE Maria André Schunck Dona;3P;3,0;2,0;1,0;False;Adiantado;7,183752652466668;Ametista;8,334;7,588638262333333;8,13;8,28125;3,5;7,4575;10,0;1,0;4,5;5,0;4,0;;;;;;1;2023;False;2
RA-1138;2023;Aluno-1138;F;12,0;2011,0;2023;0;Pública;;2R;2,0;3,0;-1,0;True;Moderada (1);8,3472;Topázio;9,0;9,2;6,27;9,166666667;9,3;8,566666667;5,0;9,0;9,5;;3,0;;;;;;-1;2023;False;1
RA-1139;2023;Aluno-1139;M;11,0;2012,0;2023;0;Pública;;2R;2,0;2,0;0,0;False;Adequado;7,6647;Ametista;8,5;9,1;5,64;8,125;5,3;7,79;10,0;6,3;4,3;;3,0;;;;;;0;2023;False;2
RA-1139;2024;Aluno-1139;M;12,0;2012,0;2023;1;Pública;EE Maria André Schunck Dona;3P;3,0;2,0;1,0;False;Adiantado;6,906276357600001;Ágata;8,334;6,152715121333333;7,51;7,5;4,666666666666667;7,04;10,0;5,0;3,0;6,0;4,0;;;;;;1;2023;False;2
RA-114;2022;Aluno-114;M;16,0;2006,0;2022;0;Pública;;A;4,0;6,0;-2,0;True;Alta (2);5,894;Quartzo;7,9;6,3;7,5;;5,3;5,0;5,0;6,0;4,5;;4,0;738;66;13;False;False;-2;2022;False;2
RA-114;2023;Aluno-114;M;17,0;2006,0;2022;1;Pública;;5B;5,0;7,0;-2,0;True;Alta (2);5,335;Quartzo;0,0;6,0;3,14;7,5;5,6;7,255;5,0;4,0;4,5;8,3;4,0;;;;;;-2;2022;False;2
RA-1140;2023;Aluno-1140;F;11,0;2012,0;2023;0;Pública;;2R;2,0;2,0;0,0;False;Adequado;7,703533333;Ametista;4,7;8,7;7,52;7,708333333;7,3;7,62;10,0;8,5;6,0;;3,0;;;;;;0;2023;False;2
RA-1140;2024;Aluno-1140;F;12,0;2012,0;2023;1;Pública;EE Donizetti Aparecido Leite Professor;2P;2,0;2,0;0,0;False;Adequado;7,3473880383;Ametista;6,834;6,112440191499999;7,51;8,125;7,0;7,39;10,0;4,5;9,5;;3,0;;;;;;0;2023;False;2
RA-1141;2023;Aluno-1141;F;12,0;2011,0;2023;0;Pública;;2R;2,0;3,0;-1,0;True;Moderada (1);7,2757;Ametista;9,0;8,8;7,52;7,708333333;5,9;7,113333333;5,0;5,5;6,2;;3,0;;;;;;-1;2023;False;2
RA-1141;2024;Aluno-1141;F;13,0;2011,0;2023;1;Pública;EE Maria André Schunck Dona;3L;3,0;3,0;0,0;False;Adequado;6,793890866866667;Ágata;9,585;6,191537667666666;7,51;6,5625;4,166666666666667;6,7825;10,0;5,0;4,5;3,0;4,0;;;;;;0;2023;False;2
RA-1142;2023;Aluno-1142;F;11,0;2012,0;2023;0;Pública;;2R;2,0;2,0;0,0;False;Adequado;9,175033333;Topázio;9,0;10,0;7,52;8,541666667;10,0;8,343333333;10,0;10,0;10,0;;3,0;;;;;;0;2023;False;2
RA-1142;2024;Aluno-1142;F;12,0;2012,0;2023;1;Pública;EM Cecilia Cristina de Oliveira Rodrigues;3P;3,0;3,0;0,0;False;Adequado;8,390566666666668;Topázio;8,334;9,133333333333333;7,51;8,125;8,5;7,335;10,0;10,0;8,0;7,5;4,0;;;;;;0;2023;False;2
RA-1143;2023;Aluno-1143;F;15,0;2008,0;2021;2;Pública;;3A;3,0;5,0;-2,0;True;Alta (2);6,445933333;Ágata;8,8;7,0;6,26;7,5;5,3;6,2075;5,0;6,0;6,3;3,5;4,0;;;;;;-2;2023;True;2
RA-1143;2024;Aluno-1143;F;16,0;2008,0;2021;3;Pública;EE Joaquim Mendes Feliz;3A;3,0;6,0;-3,0;True;Severa (3+);5,881225668333334;Quartzo;9,585;5,201336675;9,38;7,03125;3,1666666666666665;6,79;2,5;3,0;6,5;0,0;4,0;;;;;;-3;2021;True;2
RA-1144;2023;Aluno-1144;F;13,0;2010,0;2023;0;Pública;;3B;3,0;3,0;0,0;False;Adequado;7,410625;Ametista;0,0;9,4;5,02;8,28125;8,0;8,0025;10,0;7,0;8,2;8,8;4,0;;;;;;0;2023;False;1
RA-1145;2023;Aluno-1145;F;11,0;2012,0;2023;0;Pública;;3B;3,0;2,0;1,0;False;Adiantado;7,484375;Ametista;0,0;9,5;4,39;8,59375;7,8;8,63;10,0;7,7;7,7;8,0;4,0;;;;;;1;2023;False;1
RA-1146;2023;Aluno-1146;F;14,0;2008,0;2023;0;Pública;;3B;3,0;4,0;-1,0;True;Moderada (1);6,689583333;Ágata;9,6;8,8;6,26;7,1875;3,7;6,965;5,0;5,0;3,3;2,7;4,0;;;;;;-1;2023;False;2
RA-1146;2024;Aluno-1146;F;15,0;2008,0;2023;1;Pública;EE Mario Francisco de Amorim;3C;3,0;5,0;-2,0;True;Alta (2);5,3933086048000005;Quartzo;10,002;5,017209691;6,88;6,25;2,0;5,883333333;5,0;2,0;0,0;4,0;3,0;;;;;;-2;2023;False;2
RA-1147;2023;Aluno-1147;F;14,0;2009,0;2023;0;Pública;;3B;3,0;4,0;-1,0;True;Moderada (1);7,072983333;Ametista;8,3;8,3;6,26;7,1875;6,7;7,0075;5,0;5,0;7,5;7,5;4,0;;;;;;-1;2023;False;2
RA-1147;2024;Aluno-1147;F;15,0;2009,0;2023;1;Pública;EE Loris Nassif Mattar Profa;3B;3,0;4,0;-1,0;True;Moderada (1);5,833118518533334;Quartzo;8,751;6,125925926;8,755;6,25;3,1666666666666665;5,495;5,0;2,0;5,0;2,5;4,0;;;;;;-1;2023;False;2
RA-1148;2023;Aluno-1148;F;11,0;2011,0;2023;0;Pública;;3B;3,0;2,0;1,0;False;Adiantado;7,227866667;Ametista;7,9;8,6;3,77;7,5;5,7;7,2125;10,0;5,7;5,3;6,2;4,0;;;;;;1;2023;False;1
RA-1149;2023;Aluno-1149;F;14,0;2009,0;2023;0;Pública;;3C;3,0;4,0;-1,0;True;Moderada (1);7,410108333;Ametista;8,3;9,8;2,52;7,96875;7,2;8,1725;5,0;6,0;6,8;8,7;4,0;;;;;;-1;2023;False;2
RA-1149;2024;Aluno-1149;F;15,0;2009,0;2023;1;Pública;EE Joaquim Mendes Feliz;4A;4,0;5,0;-1,0;True;Moderada (1);8,1371;Topázio;8,334;10,0;10,0;8,625;6,0;8,706;5,0;2,0;6,0;10,0;5,0;;;;;;-1;2023;False;2
RA-115;2022;Aluno-115;F;16,0;2006,0;2019;3;Pública;;A;4,0;6,0;-2,0;True;Alta (2);5,886;Quartzo;8,3;6,8;6,3;;3,8;5,583;5,0;3,0;5,7;2,7;4,0;740;67;14;False;False;-2;2019;True;3
RA-115;2023;Aluno-115;F;16,0;2006,0;2019;4;Pública;;5A;5,0;6,0;-1,0;True;Moderada (1);6,319141667;Ágata;8,8;7,1;5,0;7,34375;4,2;7,215;5,0;3,7;3,8;5,2;4,0;;;;;;-1;2019;True;3
RA-115;2024;Aluno-115;F;17,0;2006,0;2019;5;Pública;EE Joaquim Mendes Feliz;5A;5,0;7,0;-2,0;True;Alta (2);5,404184695733334;Quartzo;7,917;4,164756812;6,26;6,75;4,166666666666667;5,726;5,0;6,5;4,5;1,5;5,0;;;;;;-2;2021;True;3
RA-1150;2023;Aluno-1150;M;16,0;2007,0;2023;0;Pública;;3C;3,0;6,0;-3,0;True;Severa (3+);7,076008333;Ametista;9,2;9,8;2,52;7,96875;6,7;7,835;2,5;7,0;6,5;6,5;4,0;;;;;;-3;2023;False;2
RA-1150;2024;Aluno-1150;M;17,0;2007,0;2023;1;Pública;EE Olivia de Faria Nogueira;4C;4,0;6,0;-2,0;True;Alta (2);7,1023212964;Ametista;8,334;6,481481481666667;7,51;7,65625;6,833333333333333;7,946666667;5,0;4,0;6,5;10,0;3,0;;;;;;-2;2023;False;2
RA-1151;2023;Aluno-1151;F;12,0;2011,0;2023;0;Pública;;3C;3,0;3,0;0,0;False;Adequado;7,829958333;Ametista;7,5;9,5;2,52;7,65625;8,3;7,545;10,0;7,3;8,8;8,7;4,0;;;;;;0;2023;False;2
RA-1151;2024;Aluno-1151;F;13,0;2011,0;2023;1;Pública;EE Paschoal Carlos Magno;4C;4,0;3,0;1,0;False;Adiantado;8,749111111066668;Topázio;7,5;9,722222222333334;5,635;8,125;9,0;9,393333333;10,0;9,0;8,0;10,0;3,0;;;;;;1;2023;False;2
RA-1152;2023;Aluno-1152;M;14,0;2009,0;2023;0;Pública;;3C;3,0;4,0;-1,0;True;Moderada (1);6,544916667;Ágata;0,0;9,4;5,0;7,8125;6,8;7,585;5,0;6,7;6,0;7,8;4,0;;;;;;-1;2023;False;1
RA-1153;2023;Aluno-1153;F;14,0;2009,0;2021;2;Pública;;3D;3,0;4,0;-1,0;True;Moderada (1);7,968658333;Ametista;7,9;10,0;7,52;7,65625;7,2;8,63;5,0;6,7;7,8;7,0;4,0;;;;;;-1;2023;True;2
RA-1153;2024;Aluno-1153;F;15,0;2009,0;2021;3;Privada - Apadrinhamento;Colégio Arco Íris Evolução;4A;4,0;5,0;-1,0;True;Moderada (1);8,268876190466667;Topázio;8,751;9,702380952333334;5,635;8,75;8,5;9,074;5,0;8,0;8,5;9,0;5,0;;;;;;-1;2021;True;2
RA-1154;2023;Aluno-1154;M;13,0;2010,0;2023;0;Pública;;3F;3,0;3,0;0,0;False;Adequado;7,701125;Ametista;9,6;9,3;5,63;7,65625;5,1;7,67;10,0;5,3;5,0;5,0;4,0;;;;;;0;2023;False;2
RA-1154;2024;Aluno-1154;M;14,0;2010,0;2023;1;Pública;EE João Ortiz Rodrigues;3G;3,0;4,0;-1,0;True;Moderada (1);7,566075;Ametista;7,917;9,2;7,51;7,34375;8,0;6,745;5,0;7,0;7,0;10,0;4,0;;;;;;-1;2023;False;2
RA-1155;2023;Aluno-1155;F;14,0;2009,0;2023;0;Pública;;3F;3,0;4,0;-1,0;True;Moderada (1);7,821633333;Ametista;9,2;9,2;5,63;7,5;8,0;8,2925;5,0;6,7;8,2;9,0;4,0;;;;;;-1;2023;False;2
RA-1155;2024;Aluno-1155;F;15,0;2009,0;2023;1;Pública;EE Alexandre Rodrigues Nogueira;4F;4,0;5,0;-1,0;True;Moderada (1);7,119011111133333;Ametista;8,334;8,888888889;5,005;8,0;4,666666666666667;8,87;5,0;6,0;8,0;0,0;5,0;;;;;;-1;2023;False;2
RA-1156;2023;Aluno-1156;F;12,0;2011,0;2023;0;Pública;;3F;3,0;3,0;0,0;False;Adequado;7,340775;Ametista;8,3;9,2;2,52;7,96875;5,3;7,7925;10,0;6,2;6,0;3,7;4,0;;;;;;0;2023;False;2
RA-1156;2024;Aluno-1156;F;13,0;2011,0;2023;1;Pública;EE João Ortiz Rodrigues;4F;4,0;3,0;1,0;False;Adiantado;6,6777135642;Ágata;7,5;7,821067821;7,51;7,125;2,0;7,5;10,0;6,0;0,0;0,0;5,0;;;;;;1;2023;False;2
RA-1157;2023;Aluno-1157;M;14,0;2009,0;2023;0;Pública;;3G;3,0;4,0;-1,0;True;Moderada (1);7,086633333;Ametista;9,2;8,8;6,26;7,5;5,7;7,0025;5,0;5,0;6,3;5,7;4,0;;;;;;-1;2023;False;2
RA-1157;2024;Aluno-1157;M;15,0;2009,0;2023;1;Pública;EE Olivia de Faria Nogueira;3H;3,0;4,0;-1,0;True;Moderada (1);7,916082936533334;Ametista;9,585;9,082539682666663;7,51;7,96875;7,0;8,466;5,0;8,0;6,0;7,0;5,0;;;;;;-1;2023;False;2
RA-1158;2023;Aluno-1158;F;14,0;2009,0;2023;0;Pública;;3G;3,0;4,0;-1,0;True;Moderada (1);6,306666667;Ágata;7,5;8,6;2,52;7,5;4,3;7,34;5,0;5,3;5,0;2,7;4,0;;;;;;-1;2023;False;1
RA-1159;2023;Aluno-1159;F;12,0;2010,0;2023;0;Pública;;3I;3,0;3,0;0,0;False;Adequado;5,913883333;Quartzo;5,8;6,6;2,52;7,1875;3,1;7,1325;10,0;5,2;1,5;2,5;4,0;;;;;;0;2023;False;1
RA-116;2022;Aluno-116;F;16,0;2006,0;2019;3;Pública;;B;4,0;6,0;-2,0;True;Alta (2);6,854;Ágata;5,8;8,1;6,3;;5,9;7,792;5,0;5,0;7,2;5,5;4,0;538;46;8;False;True;-2;2019;True;3
RA-116;2023;Aluno-116;F;17,0;2006,0;2019;4;Pública;;5A;5,0;7,0;-2,0;True;Alta (2);6,433075;Ágata;6,7;7,6;5,0;7,96875;4,7;7,5475;5,0;2,3;5,0;6,8;4,0;;;;;;-2;2019;True;3
RA-116;2024;Aluno-116;F;18,0;2006,0;2019;5;Pública;EE Joaquim Mendes Feliz;5A;5,0;7,0;-2,0;True;Alta (2);6,337470707133334;Ágata;8,334;7,535353535666666;5,635;6,875;4,5;6,73;5,0;6,5;2,0;5,0;5,0;;;;;;-2;2021;True;3
RA-1160;2023;Aluno-1160;M;13,0;2010,0;2023;0;Pública;;3I;3,0;3,0;0,0;False;Adequado;6,636166667;Ágata;9,6;8,7;2,52;6,875;2,7;7,2575;10,0;4,8;2,7;0,7;4,0;;;;;;0;2023;False;2
RA-1160;2024;Aluno-1160;M;14,0;2010,0;2023;1;Pública;EE Joaquim Mendes Feliz;3I;3,0;4,0;-1,0;True;Moderada (1);6,274190982333334;Ágata;8,751;8,201288245;7,51;6,25;3,1666666666666665;6,2475;5,0;5,5;2,0;2,0;4,0;;;;;;-1;2023;False;2
RA-1161;2023;Aluno-1161;F;13,0;2010,0;2023;0;Pública;;3I;3,0;3,0;0,0;False;Adequado;7,317791667;Ametista;6,3;8,1;2,52;8,28125;6,3;8,63;10,0;7,3;6,5;5,2;4,0;;;;;;0;2023;False;1
RA-1162;2023;Aluno-1162;F;13,0;2009,0;2023;0;Pública;;3K;3,0;3,0;0,0;False;Adequado;7,44215;Ametista;8,3;8,5;3,77;7,8125;6,0;7,7525;10,0;7,3;5,5;5,2;4,0;;;;;;0;2023;False;2
RA-1162;2024;Aluno-1162;F;14,0;2009,0;2023;1;Pública;EE Maria André Schunck Dona;4M;4,0;4,0;0,0;False;Adequado;7,473167836266667;Ametista;7,917;9,135672514666666;6,26;6,875;5,666666666666667;7,0375;10,0;4,0;7,5;5,5;4,0;;;;;;0;2023;False;2
RA-1163;2023;Aluno-1163;M;14,0;2009,0;2023;0;Pública;;3L;3,0;4,0;-1,0;True;Moderada (1);7,749391667;Ametista;8,8;9,3;7,52;7,65625;7,2;7,75;5,0;7,0;6,7;8,0;4,0;;;;;;-1;2023;False;2
RA-1163;2024;Aluno-1163;M;15,0;2009,0;2023;1;Pública;EE Maria André Schunck Dona;4M;4,0;4,0;0,0;False;Adequado;8,6794789474;Topázio;8,334;9,824561403666666;7,51;8,125;7,833333333333333;8,755;10,0;9,5;6,5;7,5;4,0;;;;;;0;2023;False;2
RA-1164;2023;Aluno-1164;M;13,0;2010,0;2023;0;Pública;;3M;3,0;3,0;0,0;False;Adequado;6,910091667;Ágata;9,2;7,5;2,52;7,65625;4,8;7,545;10,0;7,0;7,5;0,0;4,0;;;;;;0;2023;False;1
RA-1165;2023;Aluno-1165;F;12,0;2011,0;2023;0;Pública;;3M;3,0;3,0;0,0;False;Adequado;7,880716667;Ametista;9,2;9,1;5,0;7,1875;7,3;7,2925;10,0;7,0;6,0;9,0;4,0;;;;;;0;2023;False;2
RA-1165;2024;Aluno-1165;F;13,0;2011,0;2023;1;Pública;EM Alfredo Schunk;3L;3,0;3,0;0,0;False;Adequado;7,908044272466667;Ametista;8,751;6,829721362333333;8,135;6,875;8,0;7,83;10,0;9,0;7,5;7,5;4,0;;;;;;0;2023;False;2
RA-1166;2023;Aluno-1166;F;15,0;2008,0;2023;0;Pública;;3M;3,0;5,0;-2,0;True;Alta (2);7,307858333;Ametista;8,3;9,6;7,52;7,65625;4,8;7,9175;5,0;5,3;2,8;6,2;4,0;;;;;;-2;2023;False;2
RA-1166;2024;Aluno-1166;F;16,0;2008,0;2023;1;Pública;EE Donizetti Aparecido Leite Professor;4M;4,0;5,0;-1,0;True;Moderada (1);7,452799122766667;Ametista;8,334;8,498245614;6,26;8,020833333;6,333333333333333;8,625;5,0;5,0;7,0;7,0;4,0;;;;;;-1;2023;False;2
RA-1167;2023;Aluno-1167;M;16,0;2007,0;2023;0;Pública;;3M;3,0;6,0;-3,0;True;Severa (3+);6,021891667;Ágata;8,8;7,6;2,52;7,65625;3,8;7,9625;2,5;6,0;3,7;1,8;4,0;;;;;;-3;2023;False;1
RA-1168;2023;Aluno-1168;F;13,0;2010,0;2023;0;Pública;;3N;3,0;3,0;0,0;False;Adequado;5,886625;Quartzo;0,0;8,8;2,52;7,65625;3,5;7,045;10,0;5,0;2,0;3,5;4,0;;;;;;0;2023;False;2
RA-1168;2024;Aluno-1168;F;14,0;2010,0;2023;1;Pública;EE Paschoal Carlos Magno;3N;3,0;4,0;-1,0;True;Moderada (1);6,864053921600001;Ágata;9,585;7,682352941333334;7,51;7,1875;5,666666666666667;6,33;5,0;8,5;3,5;5,0;2,0;;;;;;-1;2023;False;2
RA-1169;2023;Aluno-1169;F;14,0;2009,0;2023;0;Pública;;3P;3,0;4,0;-1,0;True;Moderada (1);7,213625;Ametista;7,5;9,5;5,0;7,03125;6,3;8,0025;5,0;6,8;7,3;4,8;4,0;;;;;;-1;2023;False;2
RA-1169;2024;Aluno-1169;F;15,0;2009,0;2023;1;Pública;EE Maria André Schunck Dona;4N;4,0;5,0;-1,0;True;Moderada (1);6,885305555533334;Ágata;6,25;8,444444444333334;5,635;7,8125;6,833333333333333;6,8;5,0;6,0;6,5;8,0;5,0;;;;;;-1;2023;False;2
RA-117;2022;Aluno-117;F;15,0;2007,0;2022;0;Pública;;B;4,0;5,0;-1,0;True;Moderada (1);6,685;Ágata;7,9;6,3;6,9;;6,1;7,417;5,0;4,7;6,7;7,0;4,0;593;55;10;False;False;-1;2022;False;1
RA-1170;2023;Aluno-1170;M;14,0;2009,0;2023;0;Pública;;3P;3,0;4,0;-1,0;True;Moderada (1);6,874683333;Ágata;8,8;7,7;7,52;7,1875;5,9;6,5775;5,0;6,0;6,8;4,8;4,0;;;;;;-1;2023;False;2
RA-1170;2024;Aluno-1170;M;15,0;2009,0;2023;1;Pública;EE Donizetti Aparecido Leite Professor;3P;3,0;5,0;-2,0;True;Alta (2);6,095440873;Ágata;9,168;5,565079365;8,13;7,03125;3,5;6,7475;5,0;1,0;2,5;7,0;4,0;;;;;;-2;2023;False;2
RA-1171;2023;Aluno-1171;M;14,0;2009,0;2023;0;Pública;;3P;3,0;4,0;-1,0;True;Moderada (1);7,856033333;Ametista;7,9;8,4;5,0;8,75;8,7;8,88;5,0;7,3;9,0;9,7;4,0;;;;;;-1;2023;False;2
RA-1171;2024;Aluno-1171;M;15,0;2009,0;2023;1;Pública;EE Donizetti Aparecido Leite Professor;4R;4,0;5,0;-1,0;True;Moderada (1);7,6236817459;Ametista;8,334;7,230158729999999;7,51;8,645833333;7,5;8,643333333;5,0;5,0;9,5;8,0;6,0;;;;;;-1;2023;False;2
RA-1172;2023;Aluno-1172;F;16,0;2007,0;2023;0;Pública;;4A;4,0;6,0;-2,0;True;Alta (2);7,030108333;Ametista;8,3;7,8;2,52;8,59375;6,7;8,46;5,0;6,0;5,7;8,3;4,0;;;;;;-2;2023;False;2
RA-1172;2024;Aluno-1172;F;17,0;2007,0;2023;1;Pública;EE Donizetti Aparecido Leite Professor;5A;5,0;6,0;-1,0;True;Moderada (1);5,719565079333334;Quartzo;7,5;6,0634920633333325;6,26;7,25;3,333333333333333;6,196;5,0;0,0;5,0;5,0;5,0;;;;;;-1;2023;False;2
RA-1173;2023;Aluno-1173;M;14,0;2009,0;2023;0;Pública;;4A;4,0;4,0;0,0;False;Adequado;7,67285;Ametista;8,8;9,7;2,52;7,8125;6,0;8,1225;10,0;7,0;5,0;6,0;4,0;;;;;;0;2023;False;2
RA-1173;2024;Aluno-1173;M;15,0;2009,0;2023;1;Pública;EE Leonice de Aquino Oliveira;5D;5,0;5,0;0,0;False;Adequado;8,220132915666667;Topázio;9,168;9,665831245;7,51;8,125;5,833333333333333;8,2;10,0;6,0;7,5;4,0;5,0;;;;;;0;2023;False;2
RA-1174;2023;Aluno-1174;F;15,0;2008,0;2023;0;Pública;;4B;4,0;5,0;-1,0;True;Moderada (1);7,333591667;Ametista;9,2;8,7;2,52;8,90625;6,8;8,3375;5,0;6,5;7,2;6,8;4,0;;;;;;-1;2023;False;2
RA-1174;2024;Aluno-1174;F;16,0;2008,0;2023;1;Pública;EE Olivia de Faria Nogueira;5B;5,0;5,0;0,0;False;Adequado;7,374213419866667;Ametista;8,751;8,349567099333333;6,26;7,5;5,0;7,266;10,0;5,0;3,0;7,0;5,0;;;;;;0;2023;False;2
RA-1175;2023;Aluno-1175;F;17,0;2006,0;2023;0;Pública;;4B;4,0;7,0;-3,0;True;Severa (3+);5,939858333;Quartzo;8,3;5,3;2,52;7,65625;6,3;7,6275;2,5;6,3;6,3;6,2;4,0;;;;;;-3;2023;False;1
RA-1176;2023;Aluno-1176;M;13,0;2010,0;2023;0;Pública;;4B;4,0;3,0;1,0;False;Adiantado;8,881483333;Topázio;8,3;9,3;7,52;9,6875;8,2;9,17;10,0;8,0;7,8;8,7;4,0;;;;;;1;2023;False;2
RA-1176;2024;Aluno-1176;M;14,0;2010,0;2023;1;Privada - Apadrinhamento;Colégio Arco Íris Evolução;5C;5,0;4,0;1,0;False;Adiantado;8,914816269866666;Topázio;8,751;9,682539682666668;6,26;8,59375;9,166666666666666;8,9225;10,0;10,0;8,0;9,5;4,0;;;;;;1;2023;False;2
RA-1177;2023;Aluno-1177;F;14,0;2008,0;2023;0;Pública;;4B;4,0;4,0;0,0;False;Adequado;8,345491667;Topázio;10,0;9,9;2,52;8,90625;7,2;8,88;10,0;7,0;6,7;8,0;4,0;;;;;;0;2023;False;2
RA-1177;2024;Aluno-1177;F;15,0;2008,0;2023;1;Pública;EE Mario Francisco de Amorim;5C;5,0;5,0;0,0;False;Adequado;8,3233039474;Topázio;8,751;9,824561403666666;6,26;7,65625;7,333333333333333;8,125;10,0;9,5;5,5;7,0;4,0;;;;;;0;2023;False;2
RA-1178;2023;Aluno-1178;M;16,0;2007,0;2023;0;Pública;;4C;4,0;6,0;-2,0;True;Alta (2);7,066475;Ametista;8,8;9,3;2,52;7,96875;5,7;8,2125;5,0;6,3;4,5;6,3;4,0;;;;;;-2;2023;False;2
RA-1178;2024;Aluno-1178;M;17,0;2007,0;2023;1;Pública;EE Mario Francisco de Amorim;5D;5,0;6,0;-1,0;True;Moderada (1);8,0934746032;Topázio;8,751;9,682539682666668;6,26;7,5;8,333333333333334;8,696;5,0;9,0;8,0;8,0;5,0;;;;;;-1;2023;False;2
RA-1179;2023;Aluno-1179;M;15,0;2008,0;2023;0;Pública;;4C;4,0;5,0;-1,0;True;Moderada (1);6,631333333;Ágata;9,6;8,1;4,38;6,875;5,0;7,17;5,0;6,7;3,7;4,5;4,0;;;;;;-1;2023;False;1
RA-118;2022;Aluno-118;F;14,0;2008,0;2021;1;Pública;;B;4,0;4,0;0,0;False;Adequado;5,597;Quartzo;0,0;5,3;6,3;;3,9;6,958;10,0;3,7;4,7;3,5;4,0;775;70;12;False;False;0;2021;False;1
RA-1180;2023;Aluno-1180;M;15,0;2008,0;2023;0;Pública;;4C;4,0;5,0;-1,0;True;Moderada (1);7,067983333;Ametista;8,3;9,5;5,0;7,1875;5,4;7,7125;5,0;6,0;4,8;5,3;4,0;;;;;;-1;2023;False;1
RA-1181;2023;Aluno-1181;F;14,0;2009,0;2023;0;Pública;;4C;4,0;4,0;0,0;False;Adequado;6,971266667;Ágata;8,8;8,3;2,52;7,5;4,8;7,3375;10,0;5,7;4,3;4,5;4,0;;;;;;0;2023;False;2
RA-1181;2024;Aluno-1181;F;15,0;2009,0;2023;1;Pública;EE Paschoal Carlos Magno;5B;5,0;5,0;0,0;False;Adequado;6,2015816738666665;Ágata;9,168;5,036075036;6,26;7,125;3,8333333333333335;5,862;10,0;1,0;1,0;9,5;5,0;;;;;;0;2023;False;2
RA-1182;2023;Aluno-1182;F;16,0;2007,0;2023;0;Pública;;4C;4,0;6,0;-2,0;True;Alta (2);5,709808333;Quartzo;7,5;6,3;2,52;6,71875;4,2;7,2125;5,0;5,3;2,0;5,2;4,0;;;;;;-2;2023;False;1
RA-1183;2023;Aluno-1183;M;15,0;2007,0;2023;0;Pública;;4C;4,0;5,0;-1,0;True;Moderada (1);6,269541667;Ágata;7,5;8,7;2,52;6,09375;5,3;6,7575;5,0;6,0;4,0;6,0;4,0;;;;;;-1;2023;False;1
RA-1184;2023;Aluno-1184;M;16,0;2007,0;2023;0;Pública;;4F;4,0;6,0;-2,0;True;Alta (2);7,381566667;Ametista;8,3;8,3;5,0;8,125;7,3;8,045;5,0;8,0;5,5;8,5;4,0;;;;;;-2;2023;False;2
RA-1184;2024;Aluno-1184;M;17,0;2007,0;2023;1;Pública;EE Joaquim Mendes Feliz;5F;5,0;6,0;-1,0;True;Moderada (1);7,411701731566668;Ametista;6,666;8,658008657666668;7,51;7,291666667;7,666666666666667;7,5;5,0;6,0;7,0;10,0;3,0;;;;;;-1;2023;False;2
RA-1185;2023;Aluno-1185;F;13,0;2010,0;2023;0;Pública;;4G;4,0;3,0;1,0;False;Adiantado;8,02675;Topázio;7,5;9,1;5,0;7,8125;7,5;8,3775;10,0;6,7;6,3;9,5;4,0;;;;;;1;2023;False;1
RA-1186;2023;Aluno-1186;F;16,0;2007,0;2023;0;Pública;;4G;4,0;6,0;-2,0;True;Alta (2);7,281433333;Ametista;8,8;9,8;6,89;6,875;5,5;7,3825;5,0;6,7;5,2;4,5;4,0;;;;;;-2;2023;False;1
RA-1187;2023;Aluno-1187;F;13,0;2010,0;2023;0;Pública;;4G;4,0;3,0;1,0;False;Adiantado;6,644475;Ágata;8,8;6,9;2,52;7,34375;5,3;6,715;10,0;4,7;5,0;6,2;4,0;;;;;;1;2023;False;1
RA-1188;2023;Aluno-1188;F;15,0;2008,0;2023;0;Pública;;4H;4,0;5,0;-1,0;True;Moderada (1);;;9,6;9,4;;7,8125;6,4;7,5875;5,0;6,5;7,5;5,2;4,0;;;;;;-1;2023;False;2
RA-1188;2024;Aluno-1188;F;16,0;2008,0;2023;1;Pública;EE Olivia de Faria Nogueira;5G;5,0;6,0;-1,0;True;Moderada (1);7,801633333400001;Ametista;9,168;10,0;7,51;8,125;7,0;7,106666667;5,0;7,0;6,0;8,0;3,0;;;;;;-1;2023;False;2
RA-1189;2023;Aluno-1189;F;15,0;2008,0;2023;0;Pública;;4H;4,0;5,0;-1,0;True;Moderada (1);;;8,8;9,0;;7,8125;6,1;7,3775;5,0;6,3;5,7;6,2;4,0;;;;;;-1;2023;False;2
RA-1189;2024;Aluno-1189;F;16,0;2008,0;2023;1;Pública;EE Olivia de Faria Nogueira;5G;5,0;6,0;-1,0;True;Moderada (1);7,6486387164;Ametista;9,585;8,672360248333332;7,51;7,5;7,666666666666667;7,106666667;5,0;7,0;7,0;9,0;3,0;;;;;;-1;2023;False;2
RA-119;2022;Aluno-119;F;14,0;2008,0;2016;6;Privada - Parceira;;B;4,0;4,0;0,0;False;Adequado;7,501;Ametista;8,3;8,2;5,6;;5,4;7,875;10,0;5,7;7,0;3,4;4,0;311;26;3;False;False;0;2016;True;3
RA-119;2023;Aluno-119;F;15,0;2008,0;2016;7;Privada - Apadrinhamento;;7E;7,0;5,0;2,0;False;Adiantado;;;6,7;;2,52;;;;10,0;;;;;;;;;;2;2016;True;3
RA-119;2024;Aluno-119;F;16,0;2008,0;2016;8;Privada - Apadrinhamento;Colégio Albert Einstein - SP;7E;7,0;6,0;1,0;False;Adiantado;8,085299999933333;Topázio;7,083;9,983333333;6,57;7,5;7,366666666666667;7,5;10,0;6,05;7,5;8,55;0,0;;;;;;1;2021;True;3
RA-1190;2023;Aluno-1190;M;14,0;2009,0;2023;0;Pública;;4L;4,0;4,0;0,0;False;Adequado;6,330041667;Ágata;0,0;9,2;5,0;7,34375;4,2;7,045;10,0;3,0;4,2;5,5;4,0;;;;;;0;2023;False;1
RA-1191;2023;Aluno-1191;M;14,0;2009,0;2023;0;Pública;;4L;4,0;4,0;0,0;False;Adequado;6,175333333;Ágata;7,5;7,2;5,0;5,0;3,7;6,26;10,0;2,3;2,5;6,2;4,0;;;;;;0;2023;False;1
RA-1192;2023;Aluno-1192;F;15,0;2007,0;2023;0;Pública;;4L;4,0;5,0;-1,0;True;Moderada (1);6,780741667;Ágata;7,9;8,7;2,52;7,96875;5,8;7,6675;5,0;4,7;6,0;6,8;4,0;;;;;;-1;2023;False;1
RA-1193;2023;Aluno-1193;F;14,0;2009,0;2023;0;Pública;;4L;4,0;4,0;0,0;False;Adequado;6,018083333;Ágata;0,0;7,8;5,0;7,1875;4,1;7,13;10,0;3,7;3,5;5,0;4,0;;;;;;0;2023;False;2
RA-1193;2024;Aluno-1193;F;15,0;2009,0;2023;1;Pública;EE Donizetti Aparecido Leite Professor;4L;4,0;5,0;-1,0;True;Moderada (1);6,6304815790000005;Ágata;8,751;7,763157895;5,635;7,8125;4,0;7,79;5,0;3,0;6,0;3,0;4,0;;;;;;-1;2023;False;2
RA-1194;2023;Aluno-1194;M;13,0;2010,0;2023;0;Pública;;4N;4,0;3,0;1,0;False;Adiantado;7,671933333;Ametista;8,8;9,0;5,0;7,5;6,1;7,6675;10,0;6,0;4,2;8,0;4,0;;;;;;1;2023;False;1
RA-1195;2023;Aluno-1195;F;17,0;2006,0;2022;1;Pública;;4N;4,0;7,0;-3,0;True;Severa (3+);5,677291667;Quartzo;0,0;8,3;2,52;8,28125;5,4;8,0025;2,5;4,3;4,7;7,3;4,0;;;;;;-3;2022;False;2
RA-1195;2024;Aluno-1195;F;18,0;2006,0;2022;2;Pública;EE Maria André Schunck Dona;5N;5,0;7,0;-2,0;True;Alta (2);7,508514492666666;Ametista;9,585;9,855072463666666;5,63;7,5;6,166666666666667;7,663333333;5,0;8,0;5,0;5,5;3,0;;;;;;-2;2022;False;2
RA-1196;2023;Aluno-1196;M;15,0;2008,0;2023;0;Privada;;5B;5,0;5,0;0,0;False;Adequado;7,03025;Ametista;0,0;8,2;5,0;7,8125;7,5;8,045;10,0;8,0;6,2;8,3;4,0;;;;;;0;2023;False;1
RA-1197;2023;Aluno-1197;F;16,0;2007,0;2023;0;Pública;;5B;5,0;6,0;-1,0;True;Moderada (1);6,946058333;Ágata;6,7;8,4;5,0;7,03125;7,3;7,215;5,0;5,3;7,2;9,3;4,0;;;;;;-1;2023;False;1
RA-1198;2023;Aluno-1198;F;16,0;2007,0;2023;0;Pública;;5B;5,0;6,0;-1,0;True;Moderada (1);7,515233333;Ametista;8,3;9,4;6,26;7,5;6,7;7,9625;5,0;7,3;3,7;9,0;4,0;;;;;;-1;2023;False;2
RA-1198;2024;Aluno-1198;F;17,0;2007,0;2023;1;Pública;EE Joaquim Mendes Feliz;5A;5,0;6,0;-1,0;True;Moderada (1);6,9217748918;Ágata;8,751;9,458874459;7,51;7,375;3,5;7,332;5,0;0,0;1,0;9,5;5,0;;;;;;-1;2023;False;2
RA-1199;2023;Aluno-1199;M;17,0;2006,0;2023;0;Pública;;5C;5,0;7,0;-2,0;True;Alta (2);7,024933333;Ametista;6,7;9,1;5,0;6,875;6,2;8,0875;5,0;6,8;5,0;6,7;4,0;;;;;;-2;2023;False;2
RA-1199;2024;Aluno-1199;M;18,0;2006,0;2023;1;Concluiu o 3º EM;Concluiu o 3º EM;5D;5,0;7,0;-2,0;True;Alta (2);7,614235714266666;Ametista;7,5;8,571428571333334;5,005;6,5625;9,0;8,466;5,0;10,0;7,0;10,0;5,0;;;;;;-2;2023;False;2
RA-12;2022;Aluno-12;F;17,0;2005,0;2020;2;Pública;;A;7,0;7,0;0,0;False;Adequado;4,832;Quartzo;0,0;4,0;6,9;;1,5;6,389;10,0;2,7;1,1;0,7;4,0;834;20;12;False;True;0;2020;True;3
RA-12;2023;Aluno-12;F;18,0;2005,0;2020;3;Privada - Bolsa 100%;;8E;8,0;8,0;0,0;False;Adequado;;;;;;;;;10,0;;;;;;;;;;0;2020;True;3
RA-12;2024;Aluno-12;F;19,0;2005,0;2020;4;Privada - Bolsa 100%;Universidade Santo Amaro (UNISA);8E;8,0;8,0;0,0;False;Adequado;;;;0,0;;;;;10,0;;;;0,0;;;;;;0;2021;True;3
RA-120;2022;Aluno-120;M;15,0;2007,0;2019;3;Pública;;B;4,0;5,0;-1,0;True;Moderada (1);6,825;Ágata;8,3;5,9;7,5;;6,2;7,667;5,0;3,7;5,2;9,7;4,0;547;48;9;False;True;-1;2019;False;1
RA-1200;2023;Aluno-1200;F;15,0;2007,0;2023;0;Pública;;5C;5,0;5,0;0,0;False;Adequado;5,711166667;Quartzo;0,0;6,4;5,0;7,5;4,0;6,8725;10,0;4,3;2,3;5,5;4,0;;;;;;0;2023;False;2
RA-1200;2024;Aluno-1200;F;16,0;2007,0;2023;1;Pública;EE Maria André Schunck Dona;5N;5,0;6,0;-1,0;True;Moderada (1);5,6415838956;Quartzo;7,917;7,099419478000001;6,26;7,5;1,5;6,27;5,0;0,0;4,5;0,0;3,0;;;;;;-1;2023;False;2
RA-1201;2023;Aluno-1201;M;15,0;2008,0;2023;0;Pública;;5C;5,0;5,0;0,0;False;Adequado;8,378008333;Topázio;9,2;9,6;3,77;8,59375;7,8;8,7575;10,0;8,3;6,5;8,5;4,0;;;;;;0;2023;False;2
RA-1201;2024;Aluno-1201;M;16,0;2008,0;2023;1;Pública;EE Maria André Schunck Dona;5N;5,0;6,0;-1,0;True;Moderada (1);8,376195238033333;Topázio;8,751;9,523809523666666;7,51;8,333333333;9,0;8,56;5,0;9,0;8,0;10,0;3,0;;;;;;-1;2023;False;2
RA-1202;2023;Aluno-1202;F;16,0;2007,0;2023;0;Pública;;5F;5,0;6,0;-1,0;True;Moderada (1);6,202008333;Ágata;7,1;7,6;7,52;7,34375;3,3;6,67;5,0;4,5;3,3;2,0;4,0;;;;;;-1;2023;False;1
RA-1203;2023;Aluno-1203;F;16,0;2007,0;2023;0;Pública;;5L;5,0;6,0;-1,0;True;Moderada (1);7,487841667;Ametista;9,2;10,0;2,52;7,96875;7,2;7,8775;5,0;6,7;5,8;9,2;4,0;;;;;;-1;2023;False;2
RA-1203;2024;Aluno-1203;F;17,0;2007,0;2023;1;Privada - Apadrinhamento;Colégio Arco Íris Evolução;6L;6,0;6,0;0,0;False;Adequado;8,9495245614;Topázio;9,168;9,649122807;7,51;8,375;9,0;8,572;10,0;8,5;9,0;9,5;5,0;;;;;;0;2023;False;2
RA-1204;2023;Aluno-1204;M;16,0;2007,0;2023;0;Pública;;5L;5,0;6,0;-1,0;True;Moderada (1);6,940416667;Ágata;7,5;8,7;5,0;7,8125;6,1;7,2125;5,0;5,0;3,7;9,7;4,0;;;;;;-1;2023;False;1
RA-1205;2023;Aluno-1205;F;18,0;2005,0;2023;0;Pública;;5L;5,0;8,0;-3,0;True;Severa (3+);6,806466667;Ágata;9,2;9,2;6,26;7,5;5,0;7,085;2,5;5,2;3,7;6,2;4,0;;;;;;-3;2023;False;1
RA-1206;2023;Aluno-1206;F;17,0;2006,0;2023;0;Pública;;5M;5,0;7,0;-2,0;True;Alta (2);6,724183333;Ágata;8,8;8,3;2,52;7,8125;5,6;7,7125;5,0;4,7;3,7;8,3;4,0;;;;;;-2;2023;False;1
RA-1207;2023;Aluno-1207;F;15,0;2008,0;2023;0;Pública;;5M;5,0;5,0;0,0;False;Adequado;7,58235;Ametista;8,8;9,0;5,0;7,8125;5,5;7,63;10,0;5,0;4,0;7,5;4,0;;;;;;0;2023;False;2
RA-1207;2024;Aluno-1207;F;16,0;2008,0;2023;1;Pública;EE Donizetti Aparecido Leite Professor;5M;5,0;6,0;-1,0;True;Moderada (1);6,509169736866667;Ágata;8,334;6,581140350999999;7,51;7,34375;5,333333333333333;6,5375;5,0;4,5;1,5;10,0;4,0;;;;;;-1;2023;False;2
RA-1208;2023;Aluno-1208;M;15,0;2008,0;2023;0;Pública;;5M;5,0;5,0;0,0;False;Adequado;7,0651;Ametista;8,8;8,8;2,52;6,875;6,2;6,2525;10,0;5,0;4,8;8,8;4,0;;;;;;0;2023;False;1
RA-1209;2023;Aluno-1209;F;16,0;2007,0;2023;0;Pública;;5M;5,0;6,0;-1,0;True;Moderada (1);7,43375;Ametista;7,5;9,4;5,0;7,8125;7,4;7,7125;5,0;7,7;5,7;8,8;4,0;;;;;;-1;2023;False;1
RA-121;2022;Aluno-121;F;16,0;2006,0;2021;1;Pública;;B;4,0;6,0;-2,0;True;Alta (2);7,245;Ametista;7,1;8,4;6,3;;7,2;7,625;5,0;5,7;6,8;9,0;4,0;413;33;5;False;True;-2;2021;False;3
RA-121;2023;Aluno-121;F;16,0;2006,0;2021;2;Pública;;5A;5,0;6,0;-1,0;True;Moderada (1);6,811875;Ágata;6,3;8,8;5,0;7,34375;6,0;7,4625;5,0;5,0;5,7;7,3;4,0;;;;;;-1;2021;False;3
RA-121;2024;Aluno-121;F;17,0;2006,0;2021;3;Pública;EE Joaquim Mendes Feliz;5A;5,0;7,0;-2,0;True;Alta (2);7,476158297266668;Ametista;8,751;8,152958153;6,26;7,25;8,833333333333334;6,764;5,0;7,5;9,0;10,0;5,0;;;;;;-2;2021;False;3
RA-1210;2023;Aluno-1210;F;16,0;2007,0;2023;0;Pública;;5M;5,0;6,0;-1,0;True;Moderada (1);7,171083333;Ametista;9,6;9,4;5,0;7,8125;4,7;8,09;5,0;5,0;2,0;7,0;4,0;;;;;;-1;2023;False;2
RA-1210;2024;Aluno-1210;F;17,0;2007,0;2023;1;Pública;EE Donizetti Aparecido Leite Professor;6L;6,0;6,0;0,0;False;Adequado;8,2302;Topázio;9,585;10,0;7,51;7,875;5,5;8,166;10,0;5,0;6,5;5,0;5,0;;;;;;0;2023;False;2
RA-1211;2023;Aluno-1211;F;16,0;2007,0;2023;0;Pública;;5M;5,0;6,0;-1,0;True;Moderada (1);7,09205;Ametista;7,1;9,1;5,0;7,8125;6,2;7,7125;5,0;6,3;4,5;7,8;4,0;;;;;;-1;2023;False;1
RA-1212;2023;Aluno-1212;F;16,0;2007,0;2023;0;Pública;;5M;5,0;6,0;-1,0;True;Moderada (1);6,755358333;Ágata;8,3;8,9;5,0;7,65625;4,2;7,715;5,0;0,0;3,5;9,0;4,0;;;;;;-1;2023;False;1
RA-1213;2023;Aluno-1213;F;17,0;2006,0;2023;0;Pública;;5M;5,0;7,0;-2,0;True;Alta (2);5,95625;Quartzo;0,0;8,4;2,52;7,8125;6,0;7,715;5,0;6,7;4,8;6,5;4,0;;;;;;-2;2023;False;1
RA-1214;2023;Aluno-1214;M;16,0;2007,0;2023;0;Pública;;6A;6,0;6,0;0,0;False;Adequado;8,378666667;Topázio;9,6;9,8;6,89;7,5;7,4;7,6725;10,0;8,0;5,0;9,3;4,0;;;;;;0;2023;False;2
RA-1214;2024;Aluno-1214;M;17,0;2007,0;2023;1;Pública;EE Paschoal Carlos Magno;7A;7,0;7,0;0,0;False;Adequado;8,5902971362;Topázio;10,002;9,081527348;8,13;8,28125;8,0;7,663333333;10,0;8,0;6,0;10,0;3,0;;;;;;0;2023;False;2
RA-1215;2023;Aluno-1215;F;16,0;2007,0;2023;0;Pública;;6A;6,0;6,0;0,0;False;Adequado;6,339466667;Ágata;7,1;5,6;5,0;7,5;4,1;7,1725;10,0;5,0;2,7;4,7;4,0;;;;;;0;2023;False;1
RA-1216;2023;Aluno-1216;F;19,0;2004,0;2023;0;Concluiu o 3º EM;;6A;6,0;8,0;-2,0;True;Alta (2);7,7105;Ametista;9,6;9,0;5,63;7,5;7,9;7,795;5,0;8,7;5,3;9,7;4,0;;;;;;-2;2023;False;2
RA-1216;2024;Aluno-1216;F;20,0;2004,0;2023;1;Privada - Bolsa 100%;Universidade Santo Amaro (UNISA);8F;8,0;8,0;0,0;False;Adequado;;;;0,0;;;;;10,0;;;;0,0;;;;;;0;2023;False;2
RA-1217;2023;Aluno-1217;F;17,0;2006,0;2023;0;Pública;;6L;6,0;7,0;-1,0;True;Moderada (1);6,064625;Ágata;0,0;7,9;5,63;7,65625;5,9;7,38;5,0;7,0;4,0;6,7;4,0;;;;;;-1;2023;False;1
RA-1218;2023;Aluno-1218;M;17,0;2006,0;2023;0;Pública;;6L;6,0;7,0;-1,0;True;Moderada (1);6,8265;Ágata;7,5;9,2;5,0;7,5;5,3;7,1325;5,0;6,7;3,5;5,7;4,0;;;;;;-1;2023;False;1
RA-1219;2023;Aluno-1219;F;16,0;2007,0;2023;0;Pública;;6L;6,0;6,0;0,0;False;Adequado;7,215141667;Ametista;8,8;6,5;5,63;7,34375;6,3;7,38;10,0;7,2;5,5;6,3;4,0;;;;;;0;2023;False;1
RA-122;2022;Aluno-122;F;14,0;2008,0;2019;3;Pública;;B;4,0;4,0;0,0;False;Adequado;5,061;Quartzo;7,9;3,4;7,5;;1,8;4,958;10,0;1,7;3,7;0,0;4,0;818;74;14;False;False;0;2019;False;1
RA-1220;2023;Aluno-1220;F;17,0;2005,0;2023;0;Pública;;6L;6,0;7,0;-1,0;True;Moderada (1);6,46725;Ágata;0,0;9,0;5,0;7,8125;6,8;7,63;5,0;8,8;5,3;6,3;4,0;;;;;;-1;2023;False;2
RA-1220;2024;Aluno-1220;F;18,0;2005,0;2023;1;Concluiu o 3º EM;Concluiu o 3º EM;6L;6,0;7,0;-1,0;True;Moderada (1);7,143244444466667;Ametista;7,083;8,555555555666666;6,885;7,5;7,666666666666667;6,26;5,0;9,0;7,0;7,0;5,0;;;;;;-1;2023;False;2
RA-1221;2023;Aluno-1221;F;22,0;2001,0;2023;0;Concluiu o 3º EM;;7A;7,0;8,0;-1,0;True;Moderada (1);8,027466667;Topázio;9,2;9,1;6,26;8,0;8,7;8,09;5,0;8,2;8,0;10,0;4,0;;;;;;-1;2023;False;2
RA-1221;2024;Aluno-1221;F;23,0;2001,0;2023;1;Concluiu o 3º EM;Concluiu o 3º EM;8F;8,0;8,0;0,0;False;Adequado;;;;0,0;;;8,0;;10,0;7,0;7,0;10,0;0,0;;;;;;0;2023;False;2
RA-1222;2023;Aluno-1222;F;19,0;2003,0;2023;0;Nenhuma;;7A;7,0;8,0;-1,0;True;Moderada (1);7,026466667;Ametista;7,1;10,0;5,63;6,875;6,8;6,005;5,0;5,0;6,5;9,0;4,0;;;;;;-1;2023;False;1
RA-1223;2023;Aluno-1223;M;17,0;2006,0;2023;0;Pública;;7A;7,0;7,0;0,0;False;Adequado;8,187766667;Topázio;8,8;9,3;5,0;6,875;9,0;7,2925;10,0;9,5;8,3;9,3;4,0;;;;;;0;2023;False;1
RA-1224;2023;Aluno-1224;M;20,0;2003,0;2023;0;Concluiu o 3º EM;;7A;7,0;8,0;-1,0;True;Moderada (1);7,5524;Ametista;8,3;9,4;5,0;7,125;8,0;7,6325;5,0;8,2;6,3;9,5;4,0;;;;;;-1;2023;False;2
RA-1224;2024;Aluno-1224;M;21,0;2003,0;2023;1;Concluiu o 3º EM;Concluiu o 3º EM;8F;8,0;8,0;0,0;False;Adequado;;;;0,0;;;;;10,0;;;;0,0;;;;;;0;2023;False;2
RA-1225;2023;Aluno-1225;F;18,0;2005,0;2021;2;Concluiu o 3º EM;;7E;7,0;8,0;-1,0;True;Moderada (1);;;7,5;;2,52;;;;5,0;;;;;;;;;;-1;2023;True;2
RA-1225;2024;Aluno-1225;F;19,0;2005,0;2021;3;Privada - Bolsa 100%;FGV;8F;8,0;8,0;0,0;False;Adequado;;;;0,0;;;;;10,0;;;;0,0;;;;;;0;2021;True;2
RA-1226;2023;Aluno-1226;F;16,0;2007,0;2021;2;Privada - Bolsa 100%;;7E;7,0;6,0;1,0;False;Adiantado;;;9,2;;7,52;;;;10,0;;;;;;;;;;1;2023;True;2
RA-1226;2024;Aluno-1226;F;17,0;2007,0;2021;3;Privada - Bolsa 100%;Colégio Poliedro - SP;7E;7,0;7,0;0,0;False;Adequado;7,785233333333334;Ametista;8,334;9,0;6,885;7,5;6,066666666666666;7,5;10,0;6,0;6,2;6,0;0,0;;;;;;0;2021;True;2
RA-1227;2023;Aluno-1227;F;16,0;2006,0;2021;2;Privada - Apadrinhamento;;7E;7,0;6,0;1,0;False;Adiantado;;;9,2;;2,52;;;;10,0;;;;;;;;;;1;2023;True;2
RA-1227;2024;Aluno-1227;F;17,0;2006,0;2021;3;Privada - Apadrinhamento;Colégio Albert Einstein - SP;7E;7,0;7,0;0,0;False;Adequado;4,8446;Quartzo;8,751;0,0;7,195;7,5;0,0;7,5;10,0;0,0;0,0;0,0;0,0;;;;;;0;2021;True;2
RA-1228;2023;Aluno-1228;F;17,0;2006,0;2021;2;Privada - Apadrinhamento;;7E;7,0;7,0;0,0;False;Adequado;;;7,5;;2,52;;;;10,0;;;;;;;;;;0;2023;True;2
RA-1228;2024;Aluno-1228;F;18,0;2006,0;2021;3;Privada - Apadrinhamento;Colégio Albert Einstein - SP;7E;7,0;7,0;0,0;False;Adequado;4,8761;Quartzo;8,751;0,0;7,51;7,5;0,0;7,5;10,0;0,0;0,0;0,0;0,0;;;;;;0;2021;True;2
RA-1229;2023;Aluno-1229;F;16,0;2006,0;2021;2;Privada - Apadrinhamento;;7E;7,0;6,0;1,0;False;Adiantado;;;8,3;;7,52;;;;10,0;;;;;;;;;;1;2023;True;2
RA-1229;2024;Aluno-1229;F;17,0;2006,0;2021;3;Privada - Apadrinhamento;Colégio Albert Einstein - SP;7E;7,0;7,0;0,0;False;Adequado;4,8238;Quartzo;9,168;0,0;6,57;7,5;0,0;7,5;10,0;0,0;0,0;0,0;0,0;;;;;;0;2021;True;2
RA-123;2022;Aluno-123;M;16,0;2006,0;2017;5;Privada - Parceira;;B;4,0;6,0;-2,0;True;Alta (2);7,084;Ametista;7,9;8,6;5,6;;6,5;7,292;5,0;7,3;6,3;5,9;4,0;461;37;6;False;False;-2;2017;True;3
RA-123;2023;Aluno-123;M;17,0;2006,0;2017;6;Privada - Apadrinhamento;;5A;5,0;7,0;-2,0;True;Alta (2);6,068333333;Ágata;0,0;9,4;5,0;6,875;5,7;6,8375;5,0;5,0;5,3;6,7;4,0;;;;;;-2;2017;True;3
RA-123;2024;Aluno-123;M;18,0;2006,0;2017;7;Privada - Apadrinhamento;Colégio Arco Íris Evolução;6A;6,0;7,0;-1,0;True;Moderada (1);6,887248015866668;Ágata;7,5;8,412698412666666;5,635;6,71875;7,166666666666667;6,43;5,0;6,5;5,5;9,5;5,0;;;;;;-1;2021;True;3
RA-1230;2023;Aluno-1230;F;16,0;2007,0;2021;2;Privada - Apadrinhamento;;7E;7,0;6,0;1,0;False;Adiantado;;;0,0;;2,52;;;;10,0;;;;;;;;;;1;2021;False;2
RA-1230;2024;Aluno-1230;F;17,0;2007,0;2021;3;Privada - Apadrinhamento;Colégio Albert Einstein - SP;7E;7,0;7,0;0,0;False;Adequado;4,7612000000000005;Quartzo;7,917;0,0;7,195;7,5;0,0;7,5;10,0;0,0;0,0;0,0;0,0;;;;;;0;2021;False;2
RA-1231;2023;Aluno-1231;M;22,0;2001,0;2021;2;Privada - Bolsa 100%;;8A;8,0;8,0;0,0;False;Adequado;;;;;;;;;10,0;;;;;;;;;;0;2021;False;2
RA-1231;2024;Aluno-1231;M;23,0;2001,0;2021;3;Privada;Universidade Santo Amaro (UNISA);9;9,0;8,0;1,0;False;Adiantado;;;;0,0;;;;;10,0;;;;0,0;;;;;;1;2021;False;2
RA-1232;2023;Aluno-1232;M;21,0;2002,0;2021;2;Privada - Bolsa 100%;;8A;8,0;8,0;0,0;False;Adequado;;;;;;;;;10,0;;;;;;;;;;0;2021;False;2
RA-1232;2024;Aluno-1232;M;22,0;2002,0;2021;3;Privada;Universidade Santo Amaro (UNISA);9;9,0;8,0;1,0;False;Adiantado;;;;0,0;;;;;10,0;;;;0,0;;;;;;1;2021;False;2
RA-1233;2023;Aluno-1233;F;22,0;2001,0;2021;2;Privada - Bolsa 100%;;8A;8,0;8,0;0,0;False;Adequado;;;;;;;;;10,0;;;;;;;;;;0;2021;False;2
RA-1233;2024;Aluno-1233;F;23,0;2001,0;2021;3;Privada;Universidade Santo Amaro (UNISA);9;9,0;8,0;1,0;False;Adiantado;;;;0,0;;;;;10,0;;;;0,0;;;;;;1;2021;False;2
RA-1234;2023;Aluno-1234;F;20,0;2002,0;2021;2;Privada - Bolsa 100%;;8A;8,0;8,0;0,0;False;Adequado;;;;;;;;;10,0;;;;;;;;;;0;2021;False;2
RA-1234;2024;Aluno-1234;F;21,0;2002,0;2021;3;Privada;Universidade Santo Amaro (UNISA);8A;8,0;8,0;0,0;False;Adequado;;;;0,0;;;;;10,0;;;;0,0;;;;;;0;2021;False;2
RA-1235;2023;Aluno-1235;M;21,0;2002,0;2021;2;Privada - Bolsa 100%;;8A;8,0;8,0;0,0;False;Adequado;;;;;;;;;10,0;;;;;;;;;;0;2021;False;2
RA-1235;2024;Aluno-1235;M;22,0;2002,0;2021;3;Privada;Faculdade (FIAP);9;9,0;8,0;1,0;False;Adiantado;;;;0,0;;;;;10,0;;;;0,0;;;;;;1;2021;False;2
RA-1236;2023;Aluno-1236;F;21,0;2002,0;2021;2;Privada - Bolsa 100%;;8A;8,0;8,0;0,0;False;Adequado;;;;;;;;;10,0;;;;;;;;;;0;2021;False;2
RA-1236;2024;Aluno-1236;F;22,0;2002,0;2021;3;Privada;Universidade Santo Amaro (UNISA);8A;8,0;8,0;0,0;False;Adequado;;;;0,0;;;;;10,0;;;;0,0;;;;;;0;2021;False;2
RA-1237;2023;Aluno-1237;F;21,0;2002,0;2021;2;Privada - Bolsa 100%;;8A;8,0;8,0;0,0;False;Adequado;;;;;;;;;10,0;;;;;;;;;;0;2021;False;2
RA-1237;2024;Aluno-1237;F;22,0;2002,0;2021;3;Privada - Bolsa 100%;Universidade Santo Amaro (UNISA);9;9,0;8,0;1,0;False;Adiantado;;;;0,0;;;;;10,0;;;;0,0;;;;;;1;2021;False;2
RA-1238;2023;Aluno-1238;F;21,0;2002,0;2021;2;Privada - Bolsa 100%;;8A;8,0;8,0;0,0;False;Adequado;;;;;;;;;10,0;;;;;;;;;;0;2021;False;2
RA-1238;2024;Aluno-1238;F;22,0;2002,0;2021;3;Privada;Universidade Santo Amaro (UNISA);9;9,0;8,0;1,0;False;Adiantado;;;;0,0;;;;;10,0;;;;0,0;;;;;;1;2021;False;2
RA-1239;2023;Aluno-1239;F;20,0;2003,0;2021;2;Privada - Bolsa 100%;;8B;8,0;8,0;0,0;False;Adequado;;;;;;;;;10,0;;;;;;;;;;0;2021;False;2
RA-1239;2024;Aluno-1239;F;21,0;2003,0;2021;3;Privada - Empresa parceira;Universidade Mackenzie;8B;8,0;8,0;0,0;False;Adequado;;;;0,0;;;;;10,0;;;;0,0;;;;;;0;2021;False;2
RA-124;2022;Aluno-124;M;14,0;2008,0;2016;6;Privada - Parceira;;B;4,0;4,0;0,0;False;Adequado;7,388;Ametista;7,9;7,8;5,0;;6,7;7,167;10,0;5,7;7,0;7,5;4,0;365;29;4;False;False;0;2016;False;1
RA-1240;2023;Aluno-1240;M;20,0;2003,0;2021;2;Privada - Bolsa 100%;;8B;8,0;8,0;0,0;False;Adequado;;;;;;;;;10,0;;;;;;;;;;0;2021;False;2
RA-1240;2024;Aluno-1240;M;21,0;2003,0;2021;3;Privada;Universidade Santo Amaro (UNISA);8B;8,0;8,0;0,0;False;Adequado;;;;0,0;;;;;10,0;;;;0,0;;;;;;0;2021;False;2
RA-1241;2023;Aluno-1241;F;20,0;2003,0;2021;2;Privada - Bolsa 100%;;8B;8,0;8,0;0,0;False;Adequado;;;;;;;;;10,0;;;;;;;;;;0;2021;False;2
RA-1241;2024;Aluno-1241;F;21,0;2003,0;2021;3;Privada;Universidade Santo Amaro (UNISA);8B;8,0;8,0;0,0;False;Adequado;;;;0,0;;;;;10,0;;;;0,0;;;;;;0;2021;False;2
RA-1242;2023;Aluno-1242;F;19,0;2003,0;2021;2;Privada - Bolsa 100%;;8B;8,0;8,0;0,0;False;Adequado;;;;;;;;;10,0;;;;;;;;;;0;2021;False;2
RA-1242;2024;Aluno-1242;F;20,0;2003,0;2021;3;Privada;Universidade Santo Amaro (UNISA);8B;8,0;8,0;0,0;False;Adequado;;;;0,0;;;;;10,0;;;;0,0;;;;;;0;2021;False;2
RA-1243;2023;Aluno-1243;F;19,0;2003,0;2021;2;Privada - Bolsa 100%;;8B;8,0;8,0;0,0;False;Adequado;;;;;;;;;10,0;;;;;;;;;;0;2021;False;1
RA-1244;2023;Aluno-1244;F;20,0;2003,0;2021;2;Privada - Bolsa 100%;;8B;8,0;8,0;0,0;False;Adequado;;;;;;;;;10,0;;;;;;;;;;0;2021;False;2
RA-1244;2024;Aluno-1244;F;21,0;2003,0;2021;3;Privada;Universidade Santo Amaro (UNISA);8B;8,0;8,0;0,0;False;Adequado;;;;0,0;;;;;10,0;;;;0,0;;;;;;0;2021;False;2
RA-1245;2023;Aluno-1245;M;20,0;2003,0;2021;2;Privada - Bolsa 100%;;8B;8,0;8,0;0,0;False;Adequado;;;;;;;;;10,0;;;;;;;;;;0;2021;False;2
RA-1245;2024;Aluno-1245;M;21,0;2003,0;2021;3;Privada;Universidade Anhembi Morumbi;8B;8,0;8,0;0,0;False;Adequado;;;;0,0;;;;;10,0;;;;0,0;;;;;;0;2021;False;2
RA-1246;2023;Aluno-1246;F;20,0;2003,0;2021;2;Privada - Empresa parceira;;8B;8,0;8,0;0,0;False;Adequado;;;;;;;;;10,0;;;;;;;;;;0;2021;False;2
RA-1246;2024;Aluno-1246;F;21,0;2003,0;2021;3;Privada;Universidade Santo Amaro (UNISA);8B;8,0;8,0;0,0;False;Adequado;;;;0,0;;;;;10,0;;;;0,0;;;;;;0;2021;False;2
RA-1247;2023;Aluno-1247;F;21,0;2002,0;2021;2;Privada - Bolsa 100%;;8B;8,0;8,0;0,0;False;Adequado;;;;;;;;;10,0;;;;;;;;;;0;2021;False;1
RA-1248;2023;Aluno-1248;M;20,0;2003,0;2021;2;Privada - Bolsa 100%;;8B;8,0;8,0;0,0;False;Adequado;;;;;;;;;10,0;;;;;;;;;;0;2021;False;2
RA-1248;2024;Aluno-1248;M;21,0;2003,0;2021;3;Privada;Universidade Santo Amaro (UNISA);8B;8,0;8,0;0,0;False;Adequado;;;;0,0;;;;;10,0;;;;0,0;;;;;;0;2021;False;2
RA-1249;2023;Aluno-1249;M;26,0;1996,0;2021;2;Privada - Bolsa 100%;;8B;8,0;8,0;0,0;False;Adequado;;;;;;;;;10,0;;;;;;;;;;0;2021;False;2
RA-1249;2024;Aluno-1249;M;27,0;1996,0;2021;3;Privada;Universidade Anhembi Morumbi;8B;8,0;8,0;0,0;False;Adequado;;;;0,0;;;;;10,0;;;;0,0;;;;;;0;2021;False;2
RA-125;2022;Aluno-125;F;15,0;2007,0;2022;0;Pública;;B;4,0;5,0;-1,0;True;Moderada (1);7,619;Ametista;8,8;8,5;7,5;;7,1;7,75;5,0;5,0;7,2;9,2;4,0;266;21;2;False;True;-1;2022;False;3
RA-125;2023;Aluno-125;F;16,0;2007,0;2022;1;Privada;;5A;5,0;6,0;-1,0;True;Moderada (1);6,989633333;Ágata;9,2;7,7;5,0;8,125;5,8;7,835;5,0;3,3;5,8;8,2;4,0;;;;;;-1;2022;False;3
RA-125;2024;Aluno-125;F;17,0;2007,0;2022;2;Privada;João Friaza Colégio;6A;6,0;7,0;-1,0;True;Moderada (1);6,627079761933334;Ágata;8,334;5,6428571430000005;7,51;7,34375;6,166666666666667;7,232;5,0;3,0;7,0;8,5;5,0;;;;;;-1;2022;False;3
RA-1250;2023;Aluno-1250;M;20,0;2003,0;2021;2;Privada - Empresa parceira;;8B;8,0;8,0;0,0;False;Adequado;;;;;;;;;10,0;;;;;;;;;;0;2021;False;2
RA-1250;2024;Aluno-1250;M;21,0;2003,0;2021;3;Privada - Empresa parceira;Universidade Cruzeiro do Sul;8B;8,0;8,0;0,0;False;Adequado;;;;0,0;;;;;10,0;;;;0,0;;;;;;0;2021;False;2
RA-1251;2023;Aluno-1251;F;20,0;2003,0;2021;2;Privada - Bolsa 100%;;8B;8,0;8,0;0,0;False;Adequado;;;;;;;;;10,0;;;;;;;;;;0;2021;False;2
RA-1251;2024;Aluno-1251;F;21,0;2003,0;2021;3;Privada;Universidade Santo Amaro (UNISA);8B;8,0;8,0;0,0;False;Adequado;;;;0,0;;;;;10,0;;;;0,0;;;;;;0;2021;False;2
RA-1252;2023;Aluno-1252;F;21,0;2002,0;2021;2;Privada - Bolsa 100%;;8B;8,0;8,0;0,0;False;Adequado;;;;;;;;;10,0;;;;;;;;;;0;2021;False;2
RA-1252;2024;Aluno-1252;F;22,0;2002,0;2021;3;Privada;Faculdade (FIAP);9;9,0;8,0;1,0;False;Adiantado;;;;0,0;;;;;10,0;;;;0,0;;;;;;1;2021;False;2
RA-1253;2023;Aluno-1253;F;23,0;1999,0;2021;2;Privada - Bolsa 100%;;8D;8,0;8,0;0,0;False;Adequado;;;;;;;;;10,0;;;;;;;;;;0;2021;False;2
RA-1253;2024;Aluno-1253;F;24,0;1999,0;2021;3;Privada;ESPM;8D;8,0;8,0;0,0;False;Adequado;;;;0,0;;;;;10,0;;;;0,0;;;;;;0;2021;False;2
RA-1254;2023;Aluno-1254;M;19,0;2003,0;2021;2;Privada - Bolsa 100%;;8D;8,0;8,0;0,0;False;Adequado;;;;;;;;;10,0;;;;;;;;;;0;2021;False;2
RA-1254;2024;Aluno-1254;M;20,0;2003,0;2021;3;Privada;Faculdade (FIAP);9;9,0;8,0;1,0;False;Adiantado;;;;0,0;;;;;10,0;;;;0,0;;;;;;1;2021;False;2
RA-1255;2023;Aluno-1255;M;19,0;2004,0;2021;2;Privada - Bolsa 100%;;8D;8,0;8,0;0,0;False;Adequado;;;;;;;;;10,0;;;;;;;;;;0;2021;False;2
RA-1255;2024;Aluno-1255;M;20,0;2004,0;2021;3;Privada;Universidade Santo Amaro (UNISA);8D;8,0;8,0;0,0;False;Adequado;;;;0,0;;;;;10,0;;;;0,0;;;;;;0;2021;False;2
RA-1256;2023;Aluno-1256;F;18,0;2004,0;2021;2;Privada - Bolsa 100%;;8D;8,0;8,0;0,0;False;Adequado;;;;;;;;;10,0;;;;;;;;;;0;2021;False;2
RA-1256;2024;Aluno-1256;F;19,0;2004,0;2021;3;Privada;ESPM;8D;8,0;8,0;0,0;False;Adequado;;;;0,0;;;;;10,0;;;;0,0;;;;;;0;2021;False;2
RA-1257;2023;Aluno-1257;M;18,0;2004,0;2021;2;Privada - Bolsa 100%;;8D;8,0;8,0;0,0;False;Adequado;;;;;;;;;10,0;;;;;;;;;;0;2021;False;2
RA-1257;2024;Aluno-1257;M;19,0;2004,0;2021;3;Privada;Universidade Santo Amaro (UNISA);8D;8,0;8,0;0,0;False;Adequado;;;;0,0;;;;;10,0;;;;0,0;;;;;;0;2021;False;2
RA-1258;2023;Aluno-1258;M;24,0;1998,0;2021;2;Privada - Bolsa 100%;;8D;8,0;8,0;0,0;False;Adequado;;;;;;;;;10,0;;;;;;;;;;0;2021;False;2
RA-1258;2024;Aluno-1258;M;25,0;1998,0;2021;3;Privada;Faculdade (FIAP);9;9,0;8,0;1,0;False;Adiantado;;;;0,0;;;;;10,0;;;;0,0;;;;;;1;2021;False;2
RA-1259;2023;Aluno-1259;F;19,0;2004,0;2021;2;Privada - Bolsa 100%;;8D;8,0;8,0;0,0;False;Adequado;;;;;;;;;10,0;;;;;;;;;;0;2021;False;2
RA-1259;2024;Aluno-1259;F;20,0;2004,0;2021;3;Privada;Universidade Santo Amaro (UNISA);8D;8,0;8,0;0,0;False;Adequado;;;;0,0;;;;;10,0;;;;0,0;;;;;;0;2021;False;2
RA-126;2022;Aluno-126;M;15,0;2007,0;2018;4;Pública;;B;4,0;5,0;-1,0;True;Moderada (1);6,289;Ágata;7,1;5,8;7,5;;4,4;7,417;5,0;4,0;5,0;4,2;4,0;689;62;11;False;True;-1;2018;False;1
RA-1260;2023;Aluno-1260;M;19,0;2004,0;2021;2;Privada - Bolsa 100%;;8D;8,0;8,0;0,0;False;Adequado;;;;;;;;;10,0;;;;;;;;;;0;2021;False;2
RA-1260;2024;Aluno-1260;M;20,0;2004,0;2021;3;Privada;Faculdade (FIAP);9;9,0;8,0;1,0;False;Adiantado;;;;0,0;;;;;10,0;;;;0,0;;;;;;1;2021;False;2
RA-1261;2023;Aluno-1261;F;19,0;2004,0;2021;2;Privada - Bolsa 100%;;8D;8,0;8,0;0,0;False;Adequado;;;;;;;;;10,0;;;;;;;;;;0;2021;False;2
RA-1261;2024;Aluno-1261;F;20,0;2004,0;2021;3;Privada;Universidade Santo Amaro (UNISA);8D;8,0;8,0;0,0;False;Adequado;;;;0,0;;;;;10,0;;;;0,0;;;;;;0;2021;False;2
RA-1262;2023;Aluno-1262;F;19,0;2004,0;2021;2;Privada - Bolsa 100%;;8D;8,0;8,0;0,0;False;Adequado;;;;;;;;;10,0;;;;;;;;;;0;2021;False;2
RA-1262;2024;Aluno-1262;F;20,0;2004,0;2021;3;Privada;Universidade Santo Amaro (UNISA);8D;8,0;8,0;0,0;False;Adequado;;;;0,0;;;;;10,0;;;;0,0;;;;;;0;2021;False;2
RA-1263;2023;Aluno-1263;F;20,0;2003,0;2021;2;Privada - Bolsa 100%;;8D;8,0;8,0;0,0;False;Adequado;;;;;;;;;10,0;;;;;;;;;;0;2021;False;2
RA-1263;2024;Aluno-1263;F;21,0;2003,0;2021;3;Privada - Bolsa 100%;Universidade Santo Amaro (UNISA);8D;8,0;8,0;0,0;False;Adequado;;;;0,0;;;;;10,0;;;;0,0;;;;;;0;2021;False;2
RA-1264;2023;Aluno-1264;F;20,0;2002,0;2021;2;Privada - Bolsa 100%;;8D;8,0;8,0;0,0;False;Adequado;;;;;;;;;10,0;;;;;;;;;;0;2021;False;2
RA-1264;2024;Aluno-1264;F;21,0;2002,0;2021;3;Privada;Universidade Santo Amaro (UNISA);8D;8,0;8,0;0,0;False;Adequado;;;;0,0;;;;;10,0;;;;0,0;;;;;;0;2021;False;2
RA-1265;2023;Aluno-1265;M;20,0;2002,0;2022;1;Privada - Bolsa 100%;;8D;8,0;8,0;0,0;False;Adequado;;;;;;;;;10,0;;;;;;;;;;0;2022;False;2
RA-1265;2024;Aluno-1265;M;21,0;2002,0;2022;2;Pública;Universidade Santo Amaro (UNISA);8D;8,0;8,0;0,0;False;Adequado;;;;0,0;;;;;10,0;;;;0,0;;;;;;0;2022;False;2
RA-1266;2023;Aluno-1266;F;19,0;2004,0;2021;2;Privada - Bolsa 100%;;8D;8,0;8,0;0,0;False;Adequado;;;;;;;;;10,0;;;;;;;;;;0;2021;False;2
RA-1266;2024;Aluno-1266;F;20,0;2004,0;2021;3;Privada;Faculdade (FIAP);9;9,0;8,0;1,0;False;Adiantado;;;;0,0;;;;;10,0;;;;0,0;;;;;;1;2021;False;2
RA-1267;2023;Aluno-1267;F;22,0;2001,0;2021;2;Privada - Bolsa 100%;;8D;8,0;8,0;0,0;False;Adequado;;;;;;;;;10,0;;;;;;;;;;0;2021;False;2
RA-1267;2024;Aluno-1267;F;23,0;2001,0;2021;3;Privada;Faculdade (FIAP);9;9,0;8,0;1,0;False;Adiantado;;;;0,0;;;;;10,0;;;;0,0;;;;;;1;2021;False;2
RA-1268;2023;Aluno-1268;M;19,0;2004,0;2021;2;Privada - Bolsa 100%;;8D;8,0;8,0;0,0;False;Adequado;;;;;;;;;10,0;;;;;;;;;;0;2021;False;2
RA-1268;2024;Aluno-1268;M;20,0;2004,0;2021;3;Privada;Faculdade (FIAP);9;9,0;8,0;1,0;False;Adiantado;;;;0,0;;;;;10,0;;;;0,0;;;;;;1;2021;False;2
RA-1269;2023;Aluno-1269;F;18,0;2005,0;2021;2;Privada - Empresa parceira;;8E;8,0;8,0;0,0;False;Adequado;;;;;;;;;10,0;;;;;;;;;;0;2021;False;2
RA-1269;2024;Aluno-1269;F;19,0;2005,0;2021;3;Privada - Empresa parceira;Faculdades Oswaldo Cruz;8E;8,0;8,0;0,0;False;Adequado;;;;0,0;;;;;10,0;;;;0,0;;;;;;0;2021;False;2
RA-127;2022;Aluno-127;F;14,0;2008,0;2022;0;Pública;;B;4,0;4,0;0,0;False;Adequado;8,283;Topázio;7,5;8,7;7,5;;7,9;8,125;10,0;7,7;7,7;8,3;4,0;63;7;1;False;True;0;2022;False;3
RA-127;2023;Aluno-127;F;15,0;2008,0;2022;1;Pública;;5B;5,0;5,0;0,0;False;Adequado;7,91935;Ametista;8,8;7,8;6,26;8,4375;6,4;8,6725;10,0;4,7;6,3;8,2;4,0;;;;;;0;2022;False;3
RA-127;2024;Aluno-127;F;16,0;2008,0;2022;2;Privada - Apadrinhamento;Colégio Arco Íris Evolução;5A;5,0;5,0;0,0;False;Adequado;8,5605939394;Topázio;8,751;9,488636363666666;7,51;7,625;7,833333333333333;8,538;10,0;10,0;3,5;10,0;5,0;;;;;;0;2022;False;3
RA-1270;2023;Aluno-1270;F;19,0;2004,0;2021;2;Privada - Bolsa 100%;;8E;8,0;8,0;0,0;False;Adequado;;;;;;;;;10,0;;;;;;;;;;0;2021;False;2
RA-1270;2024;Aluno-1270;F;20,0;2004,0;2021;3;Privada - Empresa parceira;Faculdade FIAP;8E;8,0;8,0;0,0;False;Adequado;;;;0,0;;;;;10,0;;;;0,0;;;;;;0;2021;False;2
RA-1271;2023;Aluno-1271;F;18,0;2004,0;2021;2;Privada - Bolsa 100%;;8E;8,0;8,0;0,0;False;Adequado;;;;;;;;;10,0;;;;;;;;;;0;2021;False;2
RA-1271;2024;Aluno-1271;F;19,0;2004,0;2021;3;Privada - Bolsa 100%;Universidade Santo Amaro (UNISA);8E;8,0;8,0;0,0;False;Adequado;;;;0,0;;;;;10,0;;;;0,0;;;;;;0;2021;False;2
RA-1272;2023;Aluno-1272;F;18,0;2004,0;2021;2;Privada - Bolsa 100%;;8E;8,0;8,0;0,0;False;Adequado;;;;;;;;;10,0;;;;;;;;;;0;2021;False;2
RA-1272;2024;Aluno-1272;F;20,0;2004,0;2021;3;Privada - Bolsa 100%;INSPER;8E;8,0;8,0;0,0;False;Adequado;;;;0,0;;;;;10,0;;;;0,0;;;;;;0;2021;False;2
RA-1273;2023;Aluno-1273;F;17,0;2005,0;2023;0;Privada - Empresa parceira;;8E;8,0;7,0;1,0;False;Adiantado;;;;;;;;;10,0;;;;;;;;;;1;2023;False;2
RA-1273;2024;Aluno-1273;F;18,0;2005,0;2023;1;Privada - Bolsa 100%;Faculdade FIAP;8E;8,0;8,0;0,0;False;Adequado;;;;0,0;;;;;10,0;;;;0,0;;;;;;0;2023;False;2
RA-1274;2023;Aluno-1274;F;18,0;2005,0;2021;2;Privada - Empresa parceira;;8E;8,0;8,0;0,0;False;Adequado;;;;;;;;;10,0;;;;;;;;;;0;2021;False;2
RA-1274;2024;Aluno-1274;F;19,0;2005,0;2021;3;Privada - Empresa parceira;Universidade Santo Amaro (UNISA);8E;8,0;8,0;0,0;False;Adequado;;;;0,0;;;;;10,0;;;;0,0;;;;;;0;2021;False;2
RA-1275;2024;Aluno-1275;M;8,0;2016,0;2024;0;Pública;EE Chácara Florida II;ALFA A - G0/G1;0,0;0,0;0,0;False;Adequado;7,611366666700001;Ametista;10,002;8,6666666665;6,26;5,625;8,0;5,446666667;10,0;10,0;6,0;;3,0;;;;;;0;2024;False;1
RA-1276;2024;Aluno-1276;F;8,0;2016,0;2024;0;Pública;EE Chácara Florida II;ALFA A - G0/G1;0,0;0,0;0,0;False;Adequado;8,002866666700001;Topázio;10,002;9,3333333335;3,76;7,5;8,0;7,05;10,0;10,0;6,0;;3,0;;;;;;0;2024;False;1
RA-1277;2024;Aluno-1277;M;8,0;2016,0;2024;0;Pública;EE Dom Pedro Villas Boas de Souza;ALFA A - G0/G1;0,0;0,0;0,0;False;Adequado;7,952200000100001;Ametista;10,002;9,0833333335;3,76;7,5;8,0;7,046666667;10,0;10,0;6,0;;3,0;;;;;;0;2024;False;1
RA-1278;2024;Aluno-1278;M;9,0;2015,0;2024;0;Pública;EM Etelvina Delfim Simões;ALFA A - G0/G1;0,0;1,0;-1,0;True;Moderada (1);5,444199999900001;Quartzo;9,002;4,1666666665;3,76;5,0;7,5;4,173333333;5,0;8,0;7,0;;3,0;;;;;;-1;2024;False;1
RA-1279;2024;Aluno-1279;F;9,0;2015,0;2024;0;Pública;EE Chácara Florida II;ALFA B - G2/G3;0,0;1,0;-1,0;True;Moderada (1);8,0822;Topázio;10,002;10,0;6,26;7,5;8,25;7,78;5,0;9,0;7,5;;3,0;;;;;;-1;2024;False;1
RA-128;2022;Aluno-128;M;15,0;2007,0;2019;3;Pública;;B;4,0;5,0;-1,0;True;Moderada (1);5,563;Quartzo;0,0;6,2;7,5;;5,6;6,167;5,0;6,7;6,8;3,2;4,0;778;71;13;False;True;-1;2019;False;2
RA-128;2023;Aluno-128;M;16,0;2007,0;2019;4;Privada;;5A;5,0;6,0;-1,0;True;Moderada (1);6,503908333;Ágata;6,7;7,3;5,0;7,34375;5,7;7,5475;5,0;6,3;4,0;6,7;4,0;;;;;;-1;2019;False;2
RA-1280;2024;Aluno-1280;M;9,0;2015,0;2024;0;Pública;EM Etelvina Delfim Simões;ALFA B - G2/G3;0,0;1,0;-1,0;True;Moderada (1);8,152624242500002;Topázio;10,002;9,5454545455;6,26;7,5;8,5;8,336666667;5,0;10,0;7,0;;3,0;;;;;;-1;2024;False;1
RA-1281;2024;Aluno-1281;F;9,0;2015,0;2024;0;Pública;EE Chácara Florida II;ALFA B - G2/G3;0,0;1,0;-1,0;True;Moderada (1);7,982890909100001;Ametista;7,918;9,5454545455;6,26;7,5;9,25;7,78;5,0;10,0;8,5;;3,0;;;;;;-1;2024;False;1
RA-1282;2024;Aluno-1282;F;9,0;2014,0;2024;0;Pública;EE Chácara Florida II;ALFA B - G2/G3;0,0;1,0;-1,0;True;Moderada (1);7,8769272727000015;Ametista;9,502;8,1136363635;6,26;7,5;9,25;7,89;5,0;10,0;8,5;;3,0;;;;;;-1;2024;False;1
RA-1283;2024;Aluno-1283;M;10,0;2014,0;2024;0;Pública;EE Dom Pedro Villas Boas de Souza;ALFA B - G2/G3;0,0;2,0;-2,0;True;Alta (2);8,3033538462;Topázio;10,002;9,230769231;7,51;7,5;9,0;8,28;5,0;10,0;8,0;;3,0;;;;;;-2;2024;False;1
RA-1284;2024;Aluno-1284;F;8,0;2016,0;2024;0;Pública;EE Dom Pedro Villas Boas de Souza;ALFA C - G0/G1;0,0;0,0;0,0;False;Adequado;8,3800152174;Topázio;9,002;9,347826087;2,51;7,8125;10,0;7,89;10,0;10,0;10,0;;3,0;;;;;;0;2024;False;1
RA-1285;2024;Aluno-1285;F;7,0;2017,0;2024;0;Pública;Estuda em outra cidade;ALFA C - G0/G1;0,0;0,0;0,0;False;Adequado;8,156578882000002;Topázio;10,002;8,830227742999998;2,51;7,5;8,0;8,946666667;10,0;8,0;8,0;;3,0;;;;;;0;2024;False;1
RA-1286;2024;Aluno-1286;M;7,0;2016,0;2024;0;Pública;EM Etelvina Delfim Simões;ALFA C - G0/G1;0,0;0,0;0,0;False;Adequado;5,914801966800001;Quartzo;8,002;5,051759834;2,51;5,3125;7,0;4,61;10,0;8,0;6,0;;3,0;;;;;;0;2024;False;1
RA-1287;2024;Aluno-1287;F;8,0;2016,0;2024;0;Pública;EE Dom Pedro Villas Boas de Souza;ALFA C - G0/G1;0,0;1,0;-1,0;True;Moderada (1);7,619650310500001;Ametista;10,002;9,3064182195;2,51;8,125;7,75;8,223333333;5,0;8,0;7,5;;3,0;;;;;;-1;2024;False;1
RA-1288;2024;Aluno-1288;F;7,0;2017,0;2024;0;Pública;EM Etelvina Delfim Simões;ALFA C - G0/G1;0,0;0,0;0,0;False;Adequado;7,9208899585;Ametista;9,002;7,9813664595;2,51;7,1875;10,0;7,273333333;10,0;10,0;10,0;;3,0;;;;;;0;2024;False;1
RA-1289;2024;Aluno-1289;F;10,0;2014,0;2024;0;Pública;EE Dom Pedro Villas Boas de Souza;ALFA D - G2/G3;0,0;1,0;-1,0;True;Moderada (1);7,2171722223;Ametista;7,002;9,4444444445;7,51;5,9375;7,75;6,166666667;5,0;9,0;6,5;;3,0;;;;;;-1;2024;False;1
RA-129;2022;Aluno-129;M;15,0;2007,0;2019;3;Pública;;B;4,0;5,0;-1,0;True;Moderada (1);6,926;Ágata;6,7;6,4;7,5;;6,7;7,792;5,0;6,0;5,3;8,7;4,0;516;42;7;False;True;-1;2019;False;1
RA-1290;2024;Aluno-1290;M;9,0;2015,0;2024;0;Pública;EE Dom Pedro Villas Boas de Souza;ALFA D - G2/G3;0,0;1,0;-1,0;True;Moderada (1);8,407200000000001;Topázio;10,002;10,0;7,51;7,5;8,75;8,28;5,0;10,0;7,5;;3,0;;;;;;-1;2024;False;1
RA-1291;2024;Aluno-1291;M;9,0;2015,0;2024;0;Pública;EE Chácara Florida II;ALFA D - G2/G3;0,0;1,0;-1,0;True;Moderada (1);8,079200000000002;Topázio;9,502;9,5;7,51;7,5;8,25;7,89;5,0;10,0;6,5;;3,0;;;;;;-1;2024;False;1
RA-1292;2024;Aluno-1292;F;9,0;2015,0;2024;0;Pública;EE Francisco de Paula Teixeira;ALFA D - G2/G3;0,0;1,0;-1,0;True;Moderada (1);6,9031621211;Ágata;7,502;4,7727272725;7,51;7,1875;8,25;7,893333333;5,0;10,0;6,5;;3,0;;;;;;-1;2024;False;1
RA-1293;2024;Aluno-1293;F;9,0;2015,0;2024;0;Pública;EE Dom Pedro Villas Boas de Souza;ALFA D - G2/G3;0,0;1,0;-1,0;True;Moderada (1);8,005023232300001;Topázio;8,002;9,4949494945;7,51;6,875;8,5;8,336666667;5,0;8,5;8,5;;3,0;;;;;;-1;2024;False;1
RA-1294;2024;Aluno-1294;M;10,0;2014,0;2024;0;Pública;EE Dom Pedro Villas Boas de Souza;ALFA D - G2/G3;0,0;2,0;-2,0;True;Alta (2);7,9493666666;Ametista;9,502;10,0;7,51;6,875;7,75;7,553333333;5,0;9,0;6,5;;3,0;;;;;;-2;2024;False;1
RA-1295;2024;Aluno-1295;F;8,0;2016,0;2024;0;Pública;EE Dom Pedro Villas Boas de Souza;ALFA E - G2/G3;0,0;0,0;0,0;False;Adequado;8,0617454545;Topázio;10,002;9,5227272725;2,51;7,5;7,5;8,28;10,0;7,0;8,0;;3,0;;;;;;0;2024;False;1
RA-1296;2024;Aluno-1296;F;9,0;2015,0;2024;0;Pública;EM Etelvina Delfim Simões;ALFA E - G2/G3;0,0;1,0;-1,0;True;Moderada (1);7,0574222223000005;Ametista;9,002;8,4444444445;2,51;7,5;6,5;8,336666667;5,0;7,5;5,5;;3,0;;;;;;-1;2024;False;1
RA-1297;2024;Aluno-1297;M;8,0;2016,0;2024;0;Pública;EE Dom Pedro Villas Boas de Souza;ALFA E - G2/G3;0,0;1,0;-1,0;True;Moderada (1);7,620247619000001;Ametista;9,502;9,761904762;2,51;7,5;9,25;6,833333333;5,0;10,0;8,5;;3,0;;;;;;-1;2024;False;1
RA-1298;2024;Aluno-1298;M;8,0;2016,0;2024;0;Pública;EE Dom Pedro Villas Boas de Souza;ALFA E - G2/G3;0,0;0,0;0,0;False;Adequado;7,577287995300001;Ametista;9,502;6,643356643500001;7,51;7,1875;6,75;7,393333333;10,0;7,0;6,5;;3,0;;;;;;0;2024;False;1
RA-1299;2024;Aluno-1299;M;10,0;2014,0;2024;0;Pública;EM Etelvina Delfim Simões;ALFA E - G2/G3;0,0;2,0;-2,0;True;Alta (2);7,069727777800001;Ametista;8,502;7,638888889;7,51;7,1875;6,5;7,11;5,0;7,0;6,0;;3,0;;;;;;-2;2024;False;1
RA-13;2022;Aluno-13;M;18,0;2004,0;2016;6;Pública;;A;7,0;8,0;-1,0;True;Moderada (1);6,902;Ágata;7,9;7,4;7,5;;4,7;8,056;5,0;3,5;5,5;5,2;4,0;524;10;4;False;True;-1;2016;True;3
RA-13;2023;Aluno-13;M;18,0;2004,0;2016;7;Privada - Bolsa 100%;;8E;8,0;8,0;0,0;False;Adequado;;;;;;;;;10,0;;;;;;;;;;0;2016;True;3
RA-13;2024;Aluno-13;M;19,0;2004,0;2016;8;Privada - Bolsa 100%;Universidade Santo Amaro (UNISA);8D;8,0;8,0;0,0;False;Adequado;;;;0,0;;;;;10,0;;;;0,0;;;;;;0;2021;True;3
RA-130;2022;Aluno-130;F;16,0;2006,0;2018;4;Pública;;F;4,0;6,0;-2,0;True;Alta (2);5,624;Quartzo;8,3;4,7;5,0;;4,1;6,5;5,0;3,7;5,2;3,5;4,0;772;69;14;False;False;-2;2018;False;1
RA-1300;2024;Aluno-1300;F;8,0;2016,0;2024;0;Pública;EM Maria Ignez Concelles Irma Ines;ALFA F - G0/G1;0,0;1,0;-1,0;True;Moderada (1);7,623866666600001;Ametista;8,502;8,75;2,51;7,5;9,0;8,613333333;5,0;10,0;8,0;;3,0;;;;;;-1;2024;False;1
RA-1301;2024;Aluno-1301;M;8,0;2015,0;2024;0;Pública;EM Etelvina Delfim Simões;ALFA F - G0/G1;0,0;1,0;-1,0;True;Moderada (1);5,6345333333;Quartzo;9,502;2,9166666665000003;2,51;7,5;7,0;6,0;5,0;10,0;4,0;;3,0;;;;;;-1;2024;False;1
RA-1302;2024;Aluno-1302;M;8,0;2016,0;2024;0;Pública;EE Dom Pedro Villas Boas de Souza;ALFA F - G0/G1;0,0;0,0;0,0;False;Adequado;5,758866666800001;Quartzo;10,002;5,416666667;2,51;6,25;4,0;4,996666667;10,0;4,0;4,0;;3,0;;;;;;0;2024;False;1
RA-1303;2024;Aluno-1303;F;8,0;2016,0;2024;0;Pública;EE Dom Pedro Villas Boas de Souza;ALFA F - G0/G1;0,0;0,0;0,0;False;Adequado;8,8352;Topázio;10,002;10,0;2,51;7,5;10,0;9,17;10,0;10,0;10,0;;3,0;;;;;;0;2024;False;1
RA-1304;2024;Aluno-1304;F;10,0;2014,0;2024;0;Pública;EM Maria Ignez Concelles Irma Ines;ALFA G - G2/G3;0,0;2,0;-2,0;True;Alta (2);7,085119934500001;Ametista;9,002;7,9575163395;8,135;7,8125;6,0;6,493333333;5,0;6,0;6,0;;3,0;;;;;;-2;2024;False;1
RA-1305;2024;Aluno-1305;F;10,0;2014,0;2024;0;Pública;EM Etelvina Delfim Simões;ALFA G - G2/G3;0,0;1,0;-1,0;True;Moderada (1);6,685221929800001;Ágata;8,502;8,710526316;2,51;7,8125;4,75;8,053333333;5,0;2,0;7,5;;3,0;;;;;;-1;2024;False;1
RA-1306;2024;Aluno-1306;F;8,0;2016,0;2024;0;Pública;EM Maria Ignez Concelles Irma Ines;ALFA G - G2/G3;0,0;1,0;-1,0;True;Moderada (1);8,503033333400001;Topázio;9,002;10,0;8,135;7,5;9,75;7,946666667;5,0;10,0;9,5;;3,0;;;;;;-1;2024;False;1
RA-1307;2024;Aluno-1307;M;8,0;2016,0;2024;0;Pública;EE Dom Pedro Villas Boas de Souza;ALFA H - G0/G1;0,0;0,0;0,0;False;Adequado;6,5940333333000005;Ágata;10,002;5,833333333500001;6,255;6,25;5,5;5,383333333;10,0;7,0;4,0;;3,0;;;;;;0;2024;False;1
RA-1308;2024;Aluno-1308;F;9,0;2015,0;2024;0;Pública;EE Dom Pedro Villas Boas de Souza;ALFA H - G0/G1;0,0;1,0;-1,0;True;Moderada (1);6,876997101400001;Ágata;10,002;7,445652174;7,51;7,5;6,0;5,933333333;5,0;8,0;4,0;;3,0;;;;;;-1;2024;False;1
RA-1309;2024;Aluno-1309;F;7,0;2016,0;2024;0;Pública;EM Maria Ignez Concelles Irma Ines;ALFA H - G0/G1;0,0;0,0;0,0;False;Adequado;8,379199999899999;Topázio;9,002;9,1666666665;7,51;7,5;7,5;8,223333333;10,0;8,0;7,0;;3,0;;;;;;0;2024;False;1
RA-131;2022;Aluno-131;F;15,0;2007,0;2016;6;Pública;;F;4,0;5,0;-1,0;True;Moderada (1);7,174;Ametista;8,8;9,0;5,6;;5,6;7,75;5,0;6,0;6,5;4,2;4,0;440;35;7;False;True;-1;2016;True;3
RA-131;2023;Aluno-131;F;16,0;2007,0;2016;7;Pública;;5F;5,0;6,0;-1,0;True;Moderada (1);5,952358333;Quartzo;8,3;7,8;5,0;7,65625;2,2;6,8;5,0;0,0;3,0;3,5;4,0;;;;;;-1;2016;True;3
RA-131;2024;Aluno-131;F;17,0;2007,0;2016;8;Pública;EE Paschoal Carlos Magno;5F;5,0;7,0;-2,0;True;Alta (2);7,263155555633333;Ametista;8,751;9,444444444666669;7,51;7,708333333;5,0;7,386666667;5,0;4,0;5,0;6,0;3,0;;;;;;-2;2021;True;3
RA-1310;2024;Aluno-1310;F;7,0;2017,0;2024;0;Pública;EE Dom Pedro Villas Boas de Souza;ALFA H - G0/G1;0,0;0,0;0,0;False;Adequado;8,3907833334;Topázio;8,502;9,375;2,51;7,8125;10,0;8,166666667;10,0;10,0;10,0;;3,0;;;;;;0;2024;False;1
RA-1311;2024;Aluno-1311;M;8,0;2016,0;2024;0;Pública;EM Maria Ignez Concelles Irma Ines;ALFA H - G0/G1;0,0;0,0;0,0;False;Adequado;6,4118666668;Ágata;9,002;9,166666667;2,51;7,5;0,0;8,386666667;10,0;0,0;0,0;;3,0;;;;;;0;2024;False;1
RA-1312;2024;Aluno-1312;M;9,0;2015,0;2024;0;Pública;EE Dom Pedro Villas Boas de Souza;ALFA H - G0/G1;0,0;1,0;-1,0;True;Moderada (1);7,510200000000001;Ametista;10,002;8,333333333;7,51;6,25;6,5;8,336666667;5,0;8,0;5,0;;3,0;;;;;;-1;2024;False;1
RA-1313;2024;Aluno-1313;M;8,0;2016,0;2024;0;Pública;EM Maria Ignez Concelles Irma Ines;ALFA H - G0/G1;0,0;0,0;0,0;False;Adequado;8,0155333334;Topázio;9,502;8,125;7,51;7,5;6,25;8,446666667;10,0;4,0;8,5;;3,0;;;;;;0;2024;False;1
RA-1314;2024;Aluno-1314;F;7,0;2017,0;2024;0;Pública;EE Dom Pedro Villas Boas de Souza;ALFA H - G0/G1;0,0;0,0;0,0;False;Adequado;8,239799999999999;Topázio;7,418;8,541666667;7,51;7,5;9,0;7,443333333;10,0;8,0;10,0;;3,0;;;;;;0;2024;False;1
RA-1315;2024;Aluno-1315;M;7,0;2017,0;2024;0;Pública;EM Maria Ignez Concelles Irma Ines;ALFA H - G0/G1;0,0;0,0;0,0;False;Adequado;8,3510666667;Topázio;6,834;8,3333333335;7,51;7,5;9,0;8,5;10,0;10,0;8,0;;3,0;;;;;;0;2024;False;1
RA-1316;2024;Aluno-1316;F;9,0;2015,0;2024;0;Pública;EE Dom Pedro Villas Boas de Souza;ALFA I - G2/G3;0,0;1,0;-1,0;True;Moderada (1);7,59291123;Ametista;9,002;8,20855615;7,51;7,5;7,75;7,5;5,0;9,0;6,5;;2,0;;;;;;-1;2024;False;1
RA-1317;2024;Aluno-1317;F;9,0;2015,0;2024;0;Pública;EE Dom Pedro Villas Boas de Souza;ALFA I - G2/G3;0,0;1,0;-1,0;True;Moderada (1);7,665638502700001;Ametista;7,502;7,0721925135;7,51;7,5;10,0;7,5;5,0;10,0;10,0;;2,0;;;;;;-1;2024;False;1
RA-1318;2024;Aluno-1318;F;8,0;2016,0;2024;0;Pública;EE Dom Pedro Villas Boas de Souza;ALFA I - G2/G3;0,0;1,0;-1,0;True;Moderada (1);6,823383155100001;Ágata;8,502;7,6871657755;7,51;7,1875;5,0;7,33;5,0;4,0;6,0;;2,0;;;;;;-1;2024;False;1
RA-1319;2024;Aluno-1319;M;9,0;2015,0;2024;0;Pública;EM Etelvina Delfim Simões;ALFA J - G2/G3;0,0;1,0;-1,0;True;Moderada (1);7,201526797300001;Ametista;8,502;5,7516339865;7,51;7,5;8,5;7,5;5,0;10,0;7,0;;2,0;;;;;;-1;2024;False;1
RA-132;2022;Aluno-132;F;14,0;2008,0;2019;3;Privada - Parceira;;F;4,0;4,0;0,0;False;Adequado;8,355;Topázio;10,0;8,8;5,6;;7,7;8,458;10,0;6,5;7,5;9,1;4,0;53;5;2;True;False;0;2019;True;3
RA-132;2023;Aluno-132;F;15,0;2008,0;2019;4;Privada - Apadrinhamento;;5F;5,0;5,0;0,0;False;Adequado;7,350625;Ametista;7,5;8,7;2,52;7,65625;6,5;7,715;10,0;6,3;6,5;6,7;4,0;;;;;;0;2019;True;3
RA-132;2024;Aluno-132;F;16,0;2008,0;2019;5;Privada - Apadrinhamento;Colégio Arco Íris Evolução;6A;6,0;6,0;0,0;False;Adequado;8,4746321428;Topázio;8,334;8,380952380666665;7,51;8,59375;8,333333333333334;8,44;10,0;7,0;8,0;10,0;5,0;;;;;;0;2021;True;3
RA-1320;2024;Aluno-1320;M;10,0;2014,0;2024;0;Pública;EE Dom Pedro Villas Boas de Souza;ALFA J - G2/G3;0,0;1,0;-1,0;True;Moderada (1);7,8845333333;Ametista;9,002;9,1666666665;7,51;7,5;8,25;7,5;5,0;9,0;7,5;;2,0;;;;;;-1;2024;False;1
RA-1321;2024;Aluno-1321;M;7,0;2016,0;2024;0;Pública;EM Amanda Consuelo da Cunha;ALFA K - G0/G1;0,0;0,0;0,0;False;Adequado;7,95295;Ametista;9,002;8,875;6,885;6,5625;8,75;5,915;10,0;10,0;7,5;;2,0;;;;;;0;2024;False;1
RA-1322;2024;Aluno-1322;F;8,0;2016,0;2024;0;Pública;EE Jardim Silvania;ALFA K - G0/G1;0,0;0,0;0,0;False;Adequado;8,47795;Topázio;9,502;9,0;7,51;8,4375;7,5;8,165;10,0;8,5;6,5;;2,0;;;;;;0;2024;False;1
RA-1323;2024;Aluno-1323;M;9,0;2015,0;2024;0;Pública;EE Helio Luiz Dobrochinski Prof;ALFA K - G0/G1;0,0;1,0;-1,0;True;Moderada (1);7,487366666700001;Ametista;10,002;9,0833333335;7,51;6,875;7,0;6,66;5,0;10,0;4,0;;2,0;;;;;;-1;2024;False;1
RA-1324;2024;Aluno-1324;M;9,0;2015,0;2024;0;Pública;EE Helio Luiz Dobrochinski Prof;ALFA K - G0/G1;0,0;1,0;-1,0;True;Moderada (1);8,332450000000001;Topázio;10,002;10,0;7,51;7,8125;8,5;8,0;5,0;10,0;7,0;;2,0;;;;;;-1;2024;False;1
RA-1325;2024;Aluno-1325;M;8,0;2016,0;2024;0;Pública;EE Helio Luiz Dobrochinski Prof;ALFA K - G0/G1;0,0;0,0;0,0;False;Adequado;8,9824954545;Topázio;9,002;9,5227272725;7,51;8,4375;10,0;7,915;10,0;10,0;10,0;;2,0;;;;;;0;2024;False;1
RA-1326;2024;Aluno-1326;F;8,0;2016,0;2024;0;Pública;EE Helio Luiz Dobrochinski Prof;ALFA K - G0/G1;0,0;0,0;0,0;False;Adequado;7,6397833333;Ametista;9,002;9,2916666665;7,51;7,8125;4,5;7,245;10,0;0,0;9,0;;2,0;;;;;;0;2024;False;1
RA-1327;2024;Aluno-1327;F;7,0;2017,0;2024;0;Pública;EM Amanda Consuelo da Cunha;ALFA K - G0/G1;0,0;0,0;0,0;False;Adequado;8,264116666700001;Topázio;9,002;9,3333333335;7,51;7,8125;7,5;7,325;10,0;10,0;5,0;;2,0;;;;;;0;2024;False;1
RA-1328;2024;Aluno-1328;F;8,0;2015,0;2024;0;Pública;EM Amanda Consuelo da Cunha;ALFA K - G0/G1;0,0;1,0;-1,0;True;Moderada (1);8,0588666667;Topázio;8,502;8,2083333335;7,51;7,5;10,0;7,83;5,0;10,0;10,0;;2,0;;;;;;-1;2024;False;1
RA-1329;2024;Aluno-1329;M;8,0;2016,0;2024;0;Pública;EE Helio Luiz Dobrochinski Prof;ALFA K - G0/G1;0,0;0,0;0,0;False;Adequado;7,98945;Ametista;9,502;10,0;7,51;6,5625;6,5;6,66;10,0;10,0;3,0;;2,0;;;;;;0;2024;False;1
RA-133;2022;Aluno-133;F;15,0;2007,0;2016;6;Pública;;F;4,0;5,0;-1,0;True;Moderada (1);6,875;Ágata;7,9;7,1;7,5;;5,6;7,625;5,0;4,7;7,2;5,0;4,0;530;45;10;False;False;-1;2016;False;2
RA-133;2023;Aluno-133;F;16,0;2007,0;2016;7;Pública;;5F;5,0;6,0;-1,0;True;Moderada (1);6,168416667;Ágata;7,5;7,9;2,52;7,1875;5,3;6,505;5,0;5,0;4,3;6,7;4,0;;;;;;-1;2016;False;2
RA-1330;2024;Aluno-1330;F;8,0;2016,0;2024;0;Pública;EE Helio Luiz Dobrochinski Prof;ALFA K - G0/G1;0,0;0,0;0,0;False;Adequado;8,944616666700002;Topázio;10,002;9,3333333335;7,51;8,4375;9,5;7,915;10,0;10,0;9,0;;2,0;;;;;;0;2024;False;1
RA-1331;2024;Aluno-1331;F;7,0;2017,0;2024;0;Pública;EE Jardim Campestre;ALFA K - G0/G1;0,0;0,0;0,0;False;Adequado;7,8522833333;Ametista;9,002;7,291666666499999;7,51;8,4375;7,25;7,245;10,0;8,0;6,5;;2,0;;;;;;0;2024;False;1
RA-1332;2024;Aluno-1332;M;10,0;2014,0;2024;0;Pública;EE Helio Luiz Dobrochinski Prof;ALFA L - G2/G3;0,0;2,0;-2,0;True;Alta (2);8,1040529412;Topázio;8,502;9,411764706;7,51;9,375;8,25;7,665;5,0;10,0;6,5;;2,0;;;;;;-2;2024;False;1
RA-1333;2024;Aluno-1333;M;9,0;2015,0;2024;0;Pública;EE Helio Luiz Dobrochinski Prof;ALFA L - G2/G3;0,0;1,0;-1,0;True;Moderada (1);8,213199999999999;Topázio;7,502;10,0;6,255;9,375;9,25;7,75;5,0;10,0;8,5;;2,0;;;;;;-1;2024;False;1
RA-1334;2024;Aluno-1334;M;9,0;2015,0;2024;0;Pública;EE Helio Luiz Dobrochinski Prof;ALFA L - G2/G3;0,0;1,0;-1,0;True;Moderada (1);8,350200000000001;Topázio;10,002;10,0;5,625;9,375;9,0;7,75;5,0;10,0;8,0;;2,0;;;;;;-1;2024;False;1
RA-1335;2024;Aluno-1335;M;10,0;2014,0;2024;0;Pública;EE Helio Luiz Dobrochinski Prof;ALFA L - G2/G3;0,0;2,0;-2,0;True;Alta (2);8,3217;Topázio;9,002;9,75;7,51;9,375;8,75;7,665;5,0;10,0;7,5;;2,0;;;;;;-2;2024;False;1
RA-1336;2024;Aluno-1336;F;8,0;2016,0;2024;0;Pública;EE Helio Luiz Dobrochinski Prof;ALFA M - G0/G1;0,0;1,0;-1,0;True;Moderada (1);7,141365631500001;Ametista;9,502;6,2008281575;2,51;7,5;9,5;7,75;5,0;10,0;9,0;;2,0;;;;;;-1;2024;False;1
RA-1337;2024;Aluno-1337;M;10,0;2014,0;2024;0;Pública;EE Helio Luiz Dobrochinski Prof;ALFA M - G0/G1;0,0;2,0;-2,0;True;Alta (2);6,015144444400001;Ágata;8,002;4,722222222;7,51;6,875;6,0;5,66;5,0;6,0;6,0;;2,0;;;;;;-2;2024;False;1
RA-1338;2024;Aluno-1338;M;8,0;2015,0;2024;0;Pública;EM Cecilia Cristina de Oliveira Rodrigues;ALFA M - G0/G1;0,0;1,0;-1,0;True;Moderada (1);6,1368428571;Ágata;8,002;8,6607142855;7,51;6,875;3,0;5,33;5,0;2,0;4,0;;2,0;;;;;;-1;2024;False;1
RA-1339;2024;Aluno-1339;F;8,0;2016,0;2024;0;Pública;EE Helio Luiz Dobrochinski Prof;ALFA M - G0/G1;0,0;1,0;-1,0;True;Moderada (1);7,3547;Ametista;8,502;10,0;6,885;5,0;8,75;5,33;5,0;10,0;7,5;;2,0;;;;;;-1;2024;False;1
RA-134;2022;Aluno-134;F;15,0;2007,0;2021;1;Pública;;F;4,0;5,0;-1,0;True;Moderada (1);6,607;Ágata;8,8;6,8;7,5;;4,7;7,375;5,0;4,7;6,8;2,5;4,0;623;56;12;False;True;-1;2021;False;1
RA-1340;2024;Aluno-1340;F;8,0;2016,0;2024;0;Pública;EM Etelvina Delfim Simões;ALFA M - G0/G1;0,0;0,0;0,0;False;Adequado;8,3422714286;Topázio;9,502;8,392857143;7,51;5,625;10,0;7,0;10,0;10,0;10,0;;2,0;;;;;;0;2024;False;1
RA-1341;2024;Aluno-1341;M;9,0;2015,0;2024;0;Pública;EE Helio Luiz Dobrochinski Prof;ALFA M - G0/G1;0,0;1,0;-1,0;True;Moderada (1);7,862906349200001;Ametista;10,002;9,246031746;7,51;5,625;10,0;6,0;5,0;10,0;10,0;;2,0;;;;;;-1;2024;False;1
RA-1342;2024;Aluno-1342;M;8,0;2015,0;2024;0;Pública;EM Cecilia Cristina de Oliveira Rodrigues;ALFA M - G0/G1;0,0;1,0;-1,0;True;Moderada (1);7,8185809524;Ametista;9,502;9,761904762;7,51;7,5;9,0;5,575;5,0;10,0;8,0;;2,0;;;;;;-1;2024;False;1
RA-1343;2024;Aluno-1343;F;7,0;2017,0;2024;0;Pública;EE Helio Luiz Dobrochinski Prof;ALFA M - G0/G1;0,0;0,0;0,0;False;Adequado;8,8262;Topázio;8,002;10,0;7,51;6,25;9,75;8,5;10,0;10,0;9,5;;2,0;;;;;;0;2024;False;1
RA-1344;2024;Aluno-1344;F;8,0;2016,0;2024;0;Pública;EE Helio Luiz Dobrochinski Prof;ALFA N - G2/G3;0,0;0,0;0,0;False;Adequado;9,3612;Topázio;8,502;10,0;7,51;8,75;10,0;9,425;10,0;10,0;10,0;;2,0;;;;;;0;2024;False;1
RA-1345;2024;Aluno-1345;M;9,0;2015,0;2023;1;Pública;EM Cecilia Cristina de Oliveira Rodrigues;ALFA N - G2/G3;0,0;1,0;-1,0;True;Moderada (1);7,2340128655;Ametista;8,502;9,4590643275;7,51;6,25;6,25;6,83;5,0;6,0;6,5;;2,0;;;;;;-1;2023;False;1
RA-1346;2024;Aluno-1346;M;8,0;2016,0;2024;0;Pública;EM Cecilia Cristina de Oliveira Rodrigues;ALFA N - G2/G3;0,0;0,0;0,0;False;Adequado;7,3701047619;Ametista;9,502;8,0595238095;7,51;6,25;5,5;6,66;10,0;5,0;6,0;;2,0;;;;;;0;2024;False;1
RA-1347;2024;Aluno-1347;M;9,0;2015,0;2024;0;Pública;EE Helio Luiz Dobrochinski Prof;ALFA N - G2/G3;0,0;1,0;-1,0;True;Moderada (1);6,153842857100001;Ágata;8,502;8,7857142855;2,51;5,625;5,0;6,165;5,0;5,0;5,0;;2,0;;;;;;-1;2024;False;1
RA-1348;2024;Aluno-1348;M;8,0;2015,0;2024;0;Pública;EE Jardim Silvania;ALFA O - G2/G3;0,0;1,0;-1,0;True;Moderada (1);7,9604662539;Ametista;7,502;8,5913312695;7,51;8,75;9,0;7,83;5,0;10,0;8,0;;2,0;;;;;;-1;2024;False;1
RA-1349;2024;Aluno-1349;M;10,0;2014,0;2024;0;Pública;EE Jardim Campestre;ALFA O - G2/G3;0,0;1,0;-1,0;True;Moderada (1);7,855727777800001;Ametista;8,002;8,388888889;7,51;8,4375;8,5;7,915;5,0;10,0;7,0;;2,0;;;;;;-1;2024;False;1
RA-135;2022;Aluno-135;F;15,0;2007,0;2019;3;Pública;;F;4,0;5,0;-1,0;True;Moderada (1);7,692;Ametista;8,3;7,8;5,6;;8,6;8,583;5,0;8,0;8,2;9,5;4,0;237;20;4;True;True;-1;2019;False;1
RA-1350;2024;Aluno-1350;F;10,0;2014,0;2024;0;Pública;EE Jardim Campestre;ALFA O - G2/G3;0,0;2,0;-2,0;True;Alta (2);8,335450000000002;Topázio;8,502;10,0;8,755;8,4375;8,5;7,83;5,0;10,0;7,0;;2,0;;;;;;-2;2024;False;1
RA-1351;2024;Aluno-1351;M;9,0;2015,0;2024;0;Pública;EE Helio Luiz Dobrochinski Prof;ALFA O - G2/G3;0,0;1,0;-1,0;True;Moderada (1);8,1861038462;Topázio;9,002;9,230769231;8,13;8,4375;8,75;7,665;5,0;10,0;7,5;;2,0;;;;;;-1;2024;False;1
RA-1352;2024;Aluno-1352;M;9,0;2015,0;2024;0;Pública;EM Amanda Consuelo da Cunha;ALFA O - G2/G3;0,0;1,0;-1,0;True;Moderada (1);8,289950000000001;Topázio;10,002;9,5;8,13;8,4375;8,5;7,665;5,0;8,0;9,0;;2,0;;;;;;-1;2024;False;1
RA-1353;2024;Aluno-1353;F;10,0;2014,0;2024;0;Pública;EE Luiz Schunck;ALFA Q - G2/G3;0,0;1,0;-1,0;True;Moderada (1);6,454700000000001;Ágata;8,002;9,5;7,51;6,875;3,0;6,08;5,0;3,5;2,5;;2,0;;;;;;-1;2024;False;1
RA-1354;2024;Aluno-1354;F;10,0;2014,0;2024;0;Pública;EE Luiz Schunck;ALFA Q - G2/G3;0,0;1,0;-1,0;True;Moderada (1);7,353427272700001;Ametista;9,502;8,3636363635;7,51;8,125;6,0;7,335;5,0;6,5;5,5;;2,0;;;;;;-1;2024;False;1
RA-1355;2024;Aluno-1355;M;10,0;2014,0;2024;0;Pública;EE Helio Luiz Dobrochinski Prof;ALFA Q - G2/G3;0,0;1,0;-1,0;True;Moderada (1);7,202245454500001;Ametista;10,002;6,5227272725;7,51;8,125;7,0;7,17;5,0;8,0;6,0;;2,0;;;;;;-1;2024;False;1
RA-1356;2024;Aluno-1356;F;8,0;2016,0;2024;0;Pública;EE Helio Luiz Dobrochinski Prof;ALFA Q - G2/G3;0,0;0,0;0,0;False;Adequado;7,8695888889;Ametista;9,002;9,4444444445;7,51;8,125;5,5;7,085;10,0;5,5;5,5;;2,0;;;;;;0;2024;False;1
RA-1357;2024;Aluno-1357;M;9,0;2015,0;2024;0;Pública;EE Luiz Schunck;ALFA Q - G2/G3;0,0;1,0;-1,0;True;Moderada (1);7,1807;Ametista;8,002;7,5;7,51;8,125;6,75;7,335;5,0;8,0;5,5;;2,0;;;;;;-1;2024;False;1
RA-1358;2024;Aluno-1358;F;7,0;2016,0;2024;0;Pública;EE Luiz Schunck;ALFA R - G0/G1;0,0;0,0;0,0;False;Adequado;6,552990476200001;Ágata;9,168;7,380952381;5,01;6,25;4,0;6,17;10,0;4,0;4,0;;2,0;;;;;;0;2024;False;1
RA-1359;2024;Aluno-1359;F;7,0;2017,0;2024;0;Pública;EE Luiz Schunck;ALFA R - G0/G1;0,0;0,0;0,0;False;Adequado;7,2102;Ametista;8,502;9,0;5,635;5,625;6,0;6,17;10,0;4,0;8,0;;2,0;;;;;;0;2024;False;1
RA-136;2022;Aluno-136;M;15,0;2007,0;2019;3;Pública;;F;4,0;5,0;-1,0;True;Moderada (1);6,478;Ágata;10,0;6,3;7,5;;4,6;6,667;5,0;5,3;5,7;2,8;4,0;646;59;13;False;False;-1;2019;False;1
RA-1360;2024;Aluno-1360;M;8,0;2016,0;2024;0;Pública;EE Luiz Schunck;ALFA R - G0/G1;0,0;0,0;0,0;False;Adequado;6,8480623189;Ágata;8,502;7,0018115945;7,51;5,625;5,0;6,42;10,0;0,0;10,0;;2,0;;;;;;0;2024;False;1
RA-1361;2024;Aluno-1361;F;8,0;2016,0;2024;0;Pública;EE Helio Luiz Dobrochinski Prof;ALFA R - G0/G1;0,0;0,0;0,0;False;Adequado;8,738700000000001;Topázio;9,502;9,375;5,635;7,5;10,0;8,0;10,0;10,0;10,0;;2,0;;;;;;0;2024;False;1
RA-1362;2024;Aluno-1362;M;7,0;2017,0;2024;0;Pública;EE Luiz Schunck;ALFA R - G0/G1;0,0;0,0;0,0;False;Adequado;7,709200000000001;Ametista;10,002;6,875;5,635;6,875;8,5;6,915;10,0;8,0;9,0;;2,0;;;;;;0;2024;False;1
RA-1363;2024;Aluno-1363;F;7,0;2017,0;2024;0;Pública;EE Luiz Schunck;ALFA S - G2/G3;0,0;0,0;0,0;False;Adequado;7,690800000000001;Ametista;7,418;10,0;5,635;6,875;6,5;6,99;10,0;6,5;6,5;;2,0;;;;;;0;2024;False;1
RA-1364;2024;Aluno-1364;M;9,0;2015,0;2024;0;Pública;EE Luiz Schunck;ALFA S - G2/G3;0,0;1,0;-1,0;True;Moderada (1);7,570033333300001;Ametista;8,002;8,4166666665;7,51;6,875;8,75;6,99;5,0;9,5;8,0;;2,0;;;;;;-1;2024;False;1
RA-1365;2024;Aluno-1365;M;9,0;2015,0;2024;0;Pública;EM Cecilia Cristina de Oliveira Rodrigues;ALFA S - G2/G3;0,0;1,0;-1,0;True;Moderada (1);7,3700333333;Ametista;9,002;9,7916666665;6,26;6,875;6,5;6,99;5,0;5,5;7,5;;2,0;;;;;;-1;2024;False;1
RA-1366;2024;Aluno-1366;F;8,0;2015,0;2024;0;Pública;EE Luiz Schunck;ALFA S - G2/G3;0,0;1,0;-1,0;True;Moderada (1);6,919852173900001;Ágata;9,002;6,6032608695;7,51;7,5;6,5;6,99;5,0;6,5;6,5;;2,0;;;;;;-1;2024;False;1
RA-1367;2024;Aluno-1367;F;8,0;2016,0;2024;0;Pública;EE Helio Luiz Dobrochinski Prof;ALFA S - G2/G3;0,0;0,0;0,0;False;Adequado;8,427286956500001;Topázio;10,002;8,3804347825;7,51;7,5;8,75;7,5;10,0;9,0;8,5;;2,0;;;;;;0;2024;False;1
RA-1368;2024;Aluno-1368;M;8,0;2016,0;2024;0;Pública;EE Luiz Schunck;ALFA S - G2/G3;0,0;0,0;0,0;False;Adequado;8,6012;Topázio;7,002;10,0;7,51;7,5;9,5;7,5;10,0;10,0;9,0;;2,0;;;;;;0;2024;False;1
RA-1369;2024;Aluno-1369;F;7,0;2017,0;2024;0;Pública;EE Luiz Schunck;ALFA S - G2/G3;0,0;0,0;0,0;False;Adequado;8,052286956500001;Topázio;8,502;8,6304347825;6,26;7,5;8,0;7,5;10,0;8,0;8,0;;2,0;;;;;;0;2024;False;1
RA-137;2022;Aluno-137;F;17,0;2005,0;2016;6;Privada - Parceira;;F;4,0;7,0;-3,0;True;Severa (3+);7,056;Ametista;7,5;8,9;5,0;;7,3;7,792;2,5;6,0;7,3;8,5;4,0;468;38;9;False;False;-3;2016;True;3
RA-137;2023;Aluno-137;F;17,0;2005,0;2016;7;Privada - Apadrinhamento;;5F;5,0;7,0;-2,0;True;Alta (2);5,937025;Quartzo;7,1;6,3;2,52;6,40625;6,0;6,88;5,0;7,3;4,5;6,2;4,0;;;;;;-2;2016;True;3
RA-137;2024;Aluno-137;F;18,0;2005,0;2016;8;Concluiu o 3º EM;Concluiu o 3º EM;5F;5,0;7,0;-2,0;True;Alta (2);6,576761183366667;Ágata;9,585;7,582972583;5,005;4,791666667;6,833333333333333;6,276666667;5,0;2,0;8,5;10,0;3,0;;;;;;-2;2021;True;3
RA-1370;2024;Aluno-1370;M;9,0;2015,0;2024;0;Pública;EE Luiz Schunck;ALFA S - G2/G3;0,0;1,0;-1,0;True;Moderada (1);8,0456444444;Topázio;10,002;8,722222222;7,51;7,5;9,0;7,5;5,0;10,0;8,0;;2,0;;;;;;-1;2024;False;1
RA-1371;2024;Aluno-1371;F;11,0;2013,0;2024;0;Pública;EE Helio Luiz Dobrochinski Prof;ALFA S - G2/G3;0,0;1,0;-1,0;True;Moderada (1);6,4843521739;Ágata;7,502;6,9782608695;7,51;6,875;4,5;7,5;5,0;3,0;6,0;;2,0;;;;;;-1;2024;False;1
RA-1372;2024;Aluno-1372;F;8,0;2016,0;2024;0;Pública;EE Jardim Silvania;ALFA T - G2/G3;0,0;0,0;0,0;False;Adequado;7,9632;Ametista;9,502;10,0;8,13;7,5;4,75;7,5;10,0;3,0;6,5;;2,0;;;;;;0;2024;False;1
RA-1373;2024;Aluno-1373;F;9,0;2015,0;2024;0;Pública;EE Joaquim Mendes Feliz;ALFA T - G2/G3;0,0;1,0;-1,0;True;Moderada (1);7,577286956500001;Ametista;9,502;8,8804347825;7,51;7,5;6,75;7,5;5,0;6,0;7,5;;2,0;;;;;;-1;2024;False;1
RA-1374;2024;Aluno-1374;M;9,0;2015,0;2024;0;Pública;EE Dom Pedro Villas Boas de Souza;ALFA T - G2/G3;0,0;1,0;-1,0;True;Moderada (1);7,3707652174;Ametista;9,502;9,347826087;7,51;7,5;5,25;7,5;5,0;5,0;5,5;;2,0;;;;;;-1;2024;False;1
RA-1375;2024;Aluno-1375;M;9,0;2015,0;2024;0;Pública;EE Dom Pedro Villas Boas de Souza;ALFA T - G2/G3;0,0;1,0;-1,0;True;Moderada (1);8,101200000000002;Topázio;9,502;10,0;7,51;7,5;8,25;7,5;5,0;10,0;6,5;;2,0;;;;;;-1;2024;False;1
RA-1376;2024;Aluno-1376;M;9,0;2015,0;2024;0;Pública;EE Dom Pedro Villas Boas de Souza;ALFA T - G2/G3;0,0;1,0;-1,0;True;Moderada (1);8,2742769231;Topázio;9,002;9,6153846155;7,51;7,5;9,75;7,5;5,0;10,0;9,5;;2,0;;;;;;-1;2024;False;1
RA-1377;2024;Aluno-1377;M;8,0;2016,0;2024;0;Pública;EE Dom Pedro Villas Boas de Souza;ALFA T - G2/G3;0,0;0,0;0,0;False;Adequado;7,8987;Ametista;9,002;10,0;8,13;6,875;5,5;6,99;10,0;5,0;6,0;;2,0;;;;;;0;2024;False;1
RA-1378;2024;Aluno-1378;F;10,0;2014,0;2024;0;Pública;EM Cecilia Cristina de Oliveira Rodrigues;ALFA U - G2/G3;0,0;1,0;-1,0;True;Moderada (1);7,6703428571;Ametista;9,002;9,2857142855;8,13;7,5;6,75;7,5;5,0;7,5;6,0;;2,0;;;;;;-1;2024;False;1
RA-1379;2024;Aluno-1379;M;8,0;2016,0;2024;0;Pública;EE Helio Luiz Dobrochinski Prof;ALFA U - G2/G3;0,0;1,0;-1,0;True;Moderada (1);6,638292105300001;Ágata;9,502;8,6842105265;3,755;5,9375;7,25;5,16;5,0;8,5;6,0;;2,0;;;;;;-1;2024;False;1
RA-138;2022;Aluno-138;M;15,0;2007,0;2016;6;Pública;;F;4,0;5,0;-1,0;True;Moderada (1);6,738;Ágata;9,6;8,0;5,6;;5,6;6,375;5,0;5,0;6,5;5,2;4,0;573;53;11;False;True;-1;2016;True;3
RA-138;2023;Aluno-138;M;16,0;2007,0;2016;7;Pública;;4F;4,0;6,0;-2,0;True;Alta (2);6,784075;Ágata;10,0;7,9;6,26;7,34375;4,3;7,4175;5,0;4,0;3,7;5,2;4,0;;;;;;-2;2016;True;3
RA-138;2024;Aluno-138;M;17,0;2007,0;2016;8;Pública;EE Paschoal Carlos Magno;5F;5,0;7,0;-2,0;True;Alta (2);7,3860274169;Ametista;9,585;8,751803751666666;7,51;7,708333333;5,833333333333333;7,443333333;5,0;7,5;5,0;5,0;3,0;;;;;;-2;2021;True;3
RA-1380;2024;Aluno-1380;M;8,0;2016,0;2024;0;Pública;Estuda em outra cidade;ALFA U - G2/G3;0,0;0,0;0,0;False;Adequado;7,964342230600001;Ametista;9,502;8,784461152999999;4,385;7,1875;8,0;7,5;10,0;10,0;6,0;;2,0;;;;;;0;2024;False;1
RA-1381;2024;Aluno-1381;F;8,0;2016,0;2024;0;Pública;EE Helio Luiz Dobrochinski Prof;ALFA U - G2/G3;0,0;0,0;0,0;False;Adequado;9,038200000000002;Topázio;9,502;10,0;8,13;8,75;9,5;7,5;10,0;10,0;9,0;;2,0;;;;;;0;2024;False;1
RA-1382;2024;Aluno-1382;F;9,0;2015,0;2024;0;Pública;EE Helio Luiz Dobrochinski Prof;ALFA U - G2/G3;0,0;1,0;-1,0;True;Moderada (1);7,834830952400001;Ametista;8,502;9,761904762;7,51;7,8125;7,5;7,5;5,0;8,0;7,0;;2,0;;;;;;-1;2024;False;1
RA-1383;2024;Aluno-1383;F;8,0;2016,0;2024;0;Pública;EE Luiz Schunck;ALFA U - G2/G3;0,0;0,0;0,0;False;Adequado;8,3720803259;Topázio;8,502;9,2606516295;7,51;7,1875;8,5;7,5;10,0;10,0;7,0;;2,0;;;;;;0;2024;False;1
RA-1384;2024;Aluno-1384;M;10,0;2014,0;2024;0;Pública;EE Helio Luiz Dobrochinski Prof;ALFA U - G2/G3;0,0;2,0;-2,0;True;Alta (2);6,221984461100001;Ágata;8,002;7,5689223055;7,51;6,25;5,0;5,16;5,0;5,0;5,0;;2,0;;;;;;-2;2024;False;1
RA-1385;2024;Aluno-1385;M;8,0;2015,0;2024;0;Pública;EE Helio Luiz Dobrochinski Prof;ALFA U - G2/G3;0,0;1,0;-1,0;True;Moderada (1);7,7262;Ametista;10,002;10,0;4,385;6,875;8,0;7,5;5,0;9,0;7,0;;2,0;;;;;;-1;2024;False;1
RA-1386;2024;Aluno-1386;F;8,0;2016,0;2024;0;Pública;EM Cecilia Cristina de Oliveira Rodrigues;ALFA U - G2/G3;0,0;1,0;-1,0;True;Moderada (1);7,803580952400001;Ametista;9,002;9,761904762;7,51;7,5;7,25;7,5;5,0;8,5;6,0;;2,0;;;;;;-1;2024;False;1
RA-1387;2024;Aluno-1387;F;8,0;2016,0;2024;0;Pública;EM Cecilia Cristina de Oliveira Rodrigues;ALFA U - G2/G3;0,0;1,0;-1,0;True;Moderada (1);7,8030796992;Ametista;9,502;8,759398496;7,51;7,5;8,0;7,5;5,0;9,0;7,0;;2,0;;;;;;-1;2024;False;1
RA-1388;2024;Aluno-1388;F;8,0;2016,0;2024;0;Pública;EE Dom Pedro Villas Boas de Souza;ALFA Y - G0/G1;0,0;1,0;-1,0;True;Moderada (1);7,015057142799999;Ametista;9,002;8,214285713999999;6,88;7,5;5,0;7,67;5,0;4,0;6,0;;2,0;;;;;;-1;2024;False;1
RA-1389;2024;Aluno-1389;F;7,0;2017,0;2024;0;Pública;EE Dom Pedro Villas Boas de Souza;ALFA Y - G0/G1;0,0;0,0;0,0;False;Adequado;8,980533333299999;Topázio;9,002;9,7916666665;6,88;7,5;10,0;8,42;10,0;10,0;10,0;;2,0;;;;;;0;2024;False;1
RA-139;2022;Aluno-139;M;17,0;2005,0;2019;3;Pública;;F;4,0;7,0;-3,0;True;Severa (3+);3,738;Quartzo;7,1;3,5;5,0;;1,4;3,917;2,5;1,7;2,7;0,0;4,0;858;75;15;False;False;-3;2019;False;1
RA-1390;2024;Aluno-1390;F;7,0;2016,0;2024;0;Pública;EE Dom Pedro Villas Boas de Souza;ALFA Y - G0/G1;0,0;0,0;0,0;False;Adequado;8,4930333333;Topázio;9,502;9,7916666665;5,005;7,5;8,25;8,42;10,0;8,0;8,5;;2,0;;;;;;0;2024;False;1
RA-1391;2024;Aluno-1391;M;7,0;2016,0;2024;0;Pública;EE Dom Pedro Villas Boas de Souza;ALFA Y - G0/G1;0,0;0,0;0,0;False;Adequado;8,8435333333;Topázio;8,502;9,2916666665;7,51;7,5;10,0;8,17;10,0;10,0;10,0;;2,0;;;;;;0;2024;False;1
RA-1392;2024;Aluno-1392;M;9,0;2015,0;2024;0;Pública;EM Etelvina Delfim Simões;ALFA Y - G0/G1;0,0;1,0;-1,0;True;Moderada (1);5,4262;Quartzo;9,002;5,625;7,51;7,5;0,0;7,0;5,0;0,0;0,0;;2,0;;;;;;-1;2024;False;1
RA-1393;2024;Aluno-1393;F;7,0;2017,0;2024;0;Pública;EE Francisco de Paula Teixeira;ALFA Y - G0/G1;0,0;0,0;0,0;False;Adequado;7,2597;Ametista;9,502;7,5;3,755;7,5;5,0;8,42;10,0;10,0;0,0;;2,0;;;;;;0;2024;False;1
RA-1394;2024;Aluno-1394;F;10,0;2013,0;2024;0;Pública;EE Chácara Florida II;1A;1,0;2,0;-1,0;True;Moderada (1);7,503255555500002;Ametista;9,502;8,6944444445;7,51;8,125;5,75;8,003333333;5,0;5,5;6,0;;3,0;;;;;;-1;2024;False;1
RA-1395;2024;Aluno-1395;F;9,0;2014,0;2024;0;Pública;EE Dom Pedro Villas Boas de Souza;1A;1,0;1,0;0,0;False;Adequado;8,5997833334;Topázio;9,502;10,0;7,51;7,8125;7,75;7,836666667;10,0;7,5;8,0;;3,0;;;;;;0;2024;False;1
RA-1396;2024;Aluno-1396;F;11,0;2013,0;2024;0;Pública;EM Bairro Lagoa Grande;1A;1,0;2,0;-1,0;True;Moderada (1);7,8477;Ametista;9,502;10,0;7,51;8,125;6,5;7,67;5,0;6,0;7,0;;3,0;;;;;;-1;2024;False;1
RA-1397;2024;Aluno-1397;F;10,0;2014,0;2024;0;Pública;EE Dom Pedro Villas Boas de Souza;1A;1,0;2,0;-1,0;True;Moderada (1);7,8280333334;Ametista;9,002;10,0;6,26;8,125;7,0;7,946666667;5,0;7,0;7,0;;3,0;;;;;;-1;2024;False;1
RA-1398;2024;Aluno-1398;F;11,0;2013,0;2024;0;Pública;EE Leonice de Aquino Oliveira;1B;1,0;2,0;-1,0;True;Moderada (1);7,989700527000001;Ametista;6,918;9,555335968;7,51;8,125;8,0;8,616666667;5,0;8,0;8,0;;3,0;;;;;;-1;2024;False;1
RA-1399;2024;Aluno-1399;F;11,0;2013,0;2024;0;Pública;EE Olivia de Faria Nogueira;1B;1,0;2,0;-1,0;True;Moderada (1);7,438578787899999;Ametista;9,002;9,7727272725;5,005;7,5;6,0;8,166666667;5,0;6,0;6,0;;3,0;;;;;;-1;2024;False;1
RA-14;2022;Aluno-14;M;21,0;2001,0;2022;0;Pública;;D;7,0;8,0;-1,0;True;Moderada (1);6,793;Ágata;7,9;8,3;7,5;;4,0;7,75;5,0;8,0;0,0;;4,0;558;12;7;False;True;-1;2022;False;3
RA-14;2023;Aluno-14;M;21,0;2001,0;2022;1;Privada - Bolsa 100%;;8E;8,0;8,0;0,0;False;Adequado;;;;;;;;;10,0;;;;;;;;;;0;2022;False;3
RA-14;2024;Aluno-14;M;22,0;2001,0;2022;2;Privada - Bolsa 100%;Faculdade FIAP;8E;8,0;8,0;0,0;False;Adequado;;;;0,0;;;;;10,0;;;;0,0;;;;;;0;2022;False;3
RA-140;2022;Aluno-140;F;14,0;2008,0;2021;1;Pública;;F;4,0;4,0;0,0;False;Adequado;7,407;Ametista;7,9;7,6;6,9;;5,7;7,667;10,0;5,0;6,5;5,6;4,0;358;28;6;False;True;0;2021;False;1
RA-1400;2024;Aluno-1400;M;9,0;2015,0;2024;0;Pública;EE Dom Pedro Villas Boas de Souza;1B;1,0;1,0;0,0;False;Adequado;7,622839525700001;Ametista;8,418;6,6501976285;7,51;7,5;7,25;7,5;10,0;6,5;8,0;;3,0;;;;;;0;2024;False;1
RA-1401;2024;Aluno-1401;M;13,0;2011,0;2024;0;Pública;EE Paschoal Carlos Magno;1C;1,0;3,0;-2,0;True;Alta (2);8,1188277778;Topázio;6,918;8,888888889;7,51;7,8125;10,0;8,085;5,0;10,0;10,0;;2,0;;;;;;-2;2024;False;1
RA-1402;2024;Aluno-1402;F;10,0;2014,0;2024;0;Pública;EE Dom Pedro Villas Boas de Souza;1D;1,0;1,0;0,0;False;Adequado;8,588040909100002;Topázio;10,002;9,5454545455;7,51;8,4375;7,25;8,17;10,0;7,0;7,5;;2,0;;;;;;0;2024;False;1
RA-1403;2024;Aluno-1403;F;11,0;2013,0;2024;0;Pública;EE Joaquim Mendes Feliz;1D;1,0;2,0;-1,0;True;Moderada (1);8,257421861500001;Topázio;9,002;9,3073593075;7,51;8,4375;8,75;8,255;5,0;7,5;10,0;;2,0;;;;;;-1;2024;False;1
RA-1404;2024;Aluno-1404;F;9,0;2014,0;2024;0;Pública;EE Dom Pedro Villas Boas de Souza;1D;1,0;1,0;0,0;False;Adequado;8,3971318182;Topázio;8,502;9,090909091;7,51;8,4375;7,5;8,17;10,0;6,0;9,0;;2,0;;;;;;0;2024;False;1
RA-1405;2024;Aluno-1405;F;10,0;2014,0;2024;0;Pública;EE Dom Pedro Villas Boas de Souza;1D;1,0;1,0;0,0;False;Adequado;8,4749727273;Topázio;8,002;8,6363636365;7,51;8,125;8,75;8,17;10,0;8,0;9,5;;2,0;;;;;;0;2024;False;1
RA-1406;2024;Aluno-1406;F;10,0;2014,0;2024;0;Pública;EE Joaquim Mendes Feliz;1D;1,0;2,0;-1,0;True;Moderada (1);7,8186772727;Ametista;8,002;8,8636363635;7,51;8,4375;7,5;8,255;5,0;5,5;9,5;;2,0;;;;;;-1;2024;False;1
RA-1407;2024;Aluno-1407;M;10,0;2014,0;2024;0;Pública;EE Joaquim Mendes Feliz;1D;1,0;2,0;-1,0;True;Moderada (1);7,546086363600001;Ametista;10,002;9,318181818;7,51;7,8125;5,75;7,5;5,0;5,5;6,0;;2,0;;;;;;-1;2024;False;1
RA-1408;2024;Aluno-1408;M;11,0;2013,0;2024;0;Pública;EE Dom Pedro Villas Boas de Souza;1D;1,0;2,0;-1,0;True;Moderada (1);7,626768181800001;Ametista;10,002;8,409090909;7,51;8,4375;6,75;7,5;5,0;5,5;8,0;;2,0;;;;;;-1;2024;False;1
RA-1409;2024;Aluno-1409;M;10,0;2014,0;2024;0;Pública;EE Dom Pedro Villas Boas de Souza;1D;1,0;2,0;-1,0;True;Moderada (1);7,863131818100001;Ametista;10,002;9,0909090905;7,51;8,4375;7,25;7,5;5,0;7,5;7,0;;2,0;;;;;;-1;2024;False;1
RA-141;2022;Aluno-141;M;14,0;2008,0;2017;5;Pública;;F;4,0;4,0;0,0;False;Adequado;7,118;Ametista;9,2;8,2;5,6;;5,7;5,917;10,0;5,8;6,2;5,0;4,0;450;36;8;False;False;0;2017;False;2
RA-141;2023;Aluno-141;M;15,0;2008,0;2017;6;Pública;;4F;4,0;5,0;-1,0;True;Moderada (1);6,719791667;Ágata;9,6;8,4;5,63;7,03125;4,5;7,0425;5,0;6,0;5,3;2,3;4,0;;;;;;-1;2017;False;2
RA-1410;2024;Aluno-1410;M;11,0;2013,0;2024;0;Pública;EE Levi Pereira Martins Professor;1E;1,0;2,0;-1,0;True;Moderada (1);7,5319272727;Ametista;9,002;8,1136363635;7,51;8,75;6,25;8,165;5,0;6,5;6,0;;2,0;;;;;;-1;2024;False;1
RA-1411;2024;Aluno-1411;M;11,0;2013,0;2024;0;Pública;EE Alexandre Rodrigues Nogueira;1E;1,0;2,0;-1,0;True;Moderada (1);6,886950000000001;Ágata;9,002;9,5;6,26;8,4375;2,75;7,835;5,0;5,5;0,0;;2,0;;;;;;-1;2024;False;1
RA-1412;2024;Aluno-1412;M;10,0;2014,0;2024;0;Pública;EE Chácara Florida II;1E;1,0;1,0;0,0;False;Adequado;9,2046718615;Topázio;10,002;9,3073593075;7,51;8,75;9,75;8,835;10,0;10,0;9,5;;2,0;;;;;;0;2024;False;1
RA-1413;2024;Aluno-1413;M;12,0;2012,0;2024;0;Pública;EE Olivia de Faria Nogueira;1E;1,0;3,0;-2,0;True;Alta (2);7,747564718600001;Ametista;9,002;8,593073593;7,51;8,4375;7,25;7,92;5,0;7,5;7,0;;2,0;;;;;;-2;2024;False;1
RA-1414;2024;Aluno-1414;F;10,0;2014,0;2024;0;Pública;EM Etelvina Delfim Simões;1E;1,0;1,0;0,0;False;Adequado;8,840007359300001;Topázio;9,502;9,2965367965;6,885;8,75;8,5;8,835;10,0;10,0;7,0;;2,0;;;;;;0;2024;False;1
RA-1415;2024;Aluno-1415;F;10,0;2014,0;2024;0;Pública;EM Maria Ignez Concelles Irma Ines;1G;1,0;2,0;-1,0;True;Moderada (1);7,3712454546;Ametista;8,002;9,7727272725;6,26;7,291666667;6,75;7,056666667;5,0;6,5;7,0;;3,0;;;;;;-1;2024;False;1
RA-1416;2024;Aluno-1416;F;12,0;2012,0;2024;0;Pública;EE Loris Nassif Mattar Profa;1G;1,0;2,0;-1,0;True;Moderada (1);7,375503030400001;Ametista;8,502;8,2765151515;7,51;7,916666667;7,75;6,386666667;5,0;6,5;9,0;;3,0;;;;;;-1;2024;False;1
RA-1417;2024;Aluno-1417;M;10,0;2014,0;2024;0;Pública;EE Dom Pedro Villas Boas de Souza;1G;1,0;2,0;-1,0;True;Moderada (1);7,7436242424;Ametista;9,002;9,337121212;7,51;6,25;9,0;6,5;5,0;10,0;8,0;;3,0;;;;;;-1;2024;False;1
RA-1418;2024;Aluno-1418;M;11,0;2013,0;2024;0;Pública;EM Pedro Antonio de Almeida;1G;1,0;2,0;-1,0;True;Moderada (1);7,7352909091000015;Ametista;8,502;9,128787879;7,51;7,916666667;8,25;6,833333333;5,0;8,5;8,0;;3,0;;;;;;-1;2024;False;1
RA-1419;2024;Aluno-1419;F;10,0;2014,0;2024;0;Pública;EM Pedro Antonio de Almeida;1H;1,0;1,0;0,0;False;Adequado;8,7536999999;Topázio;8,502;10,0;7,51;8,958333333;7,5;8,783333333;10,0;6,0;9,0;;3,0;;;;;;0;2024;False;1
RA-142;2022;Aluno-142;F;14,0;2008,0;2021;1;Pública;;F;4,0;4,0;0,0;False;Adequado;7,457;Ametista;6,7;8,6;5,6;;6,3;7,583;10,0;6,0;6,8;6,0;4,0;332;27;5;False;False;0;2021;False;1
RA-1420;2024;Aluno-1420;M;12,0;2012,0;2024;0;Pública;EE Olivia de Faria Nogueira;1H;1,0;3,0;-2,0;True;Alta (2);5,6558;Quartzo;7,918;5,520833333500001;6,26;6,458333333;4,5;5,44;5,0;5,0;4,0;;3,0;;;;;;-2;2024;False;1
RA-1421;2024;Aluno-1421;M;11,0;2013,0;2024;0;Pública;EM Pedro Antonio de Almeida;1H;1,0;2,0;-1,0;True;Moderada (1);7,126922222200001;Ametista;9,002;6,777777778;7,51;6,875;7,5;7,163333333;5,0;8,0;7,0;;3,0;;;;;;-1;2024;False;1
RA-1422;2024;Aluno-1422;F;11,0;2013,0;2024;0;Pública;EE João Ortiz Rodrigues;1J;1,0;2,0;-1,0;True;Moderada (1);7,0132;Ametista;9,502;7,5;7,51;8,125;4,75;7,7475;5,0;0,0;9,5;;4,0;;;;;;-1;2024;False;1
RA-1423;2024;Aluno-1423;M;11,0;2013,0;2024;0;Pública;EE João Ortiz Rodrigues;1J;1,0;2,0;-1,0;True;Moderada (1);6,403450000000001;Ágata;8,502;5,3125;7,51;7,8125;5,75;6,5425;5,0;4,0;7,5;;4,0;;;;;;-1;2024;False;1
RA-1424;2024;Aluno-1424;F;12,0;2012,0;2024;0;Pública;EE João Ortiz Rodrigues;1J;1,0;2,0;-1,0;True;Moderada (1);7,5543388889;Ametista;9,002;8,9444444445;7,51;7,8125;7,25;6,915;5,0;7,5;7,0;;4,0;;;;;;-1;2024;False;1
RA-1425;2024;Aluno-1425;M;12,0;2012,0;2024;0;Pública;EE João Ortiz Rodrigues;1J;1,0;2,0;-1,0;True;Moderada (1);6,8290988095000005;Ágata;9,002;6,7976190475;7,51;7,34375;7,0;5,92;5,0;6,0;8,0;;4,0;;;;;;-1;2024;False;1
RA-1426;2024;Aluno-1426;F;11,0;2013,0;2023;1;Pública;EE Leonice de Aquino Oliveira;1J;1,0;2,0;-1,0;True;Moderada (1);5,8367476190000005;Quartzo;9,502;5,845238095;7,51;7,5;2,75;5,8325;5,0;5,5;0,0;;4,0;;;;;;-1;2023;False;1
RA-1427;2024;Aluno-1427;F;11,0;2013,0;2024;0;Pública;EM Maria Ignez Concelles Irma Ines;1J;1,0;2,0;-1,0;True;Moderada (1);8,425325;Topázio;9,502;10,0;7,51;8,90625;8,0;8,6675;5,0;6,5;9,5;;4,0;;;;;;-1;2024;False;1
RA-1428;2024;Aluno-1428;M;10,0;2013,0;2024;0;Pública;EM Cecilia Cristina de Oliveira Rodrigues;1L;1,0;2,0;-1,0;True;Moderada (1);8,006108496800001;Topázio;8,502;8,8562091505;7,51;9,166666667;8,0;8,085;5,0;7,0;9,0;;2,0;;;;;;-1;2024;False;1
RA-1429;2024;Aluno-1429;M;11,0;2013,0;2024;0;Pública;EE Helio Luiz Dobrochinski Prof;1L;1,0;2,0;-1,0;True;Moderada (1);8,041811111100001;Topázio;9,502;8,888888889;7,51;8,958333333;7,75;8,085;5,0;8,5;7,0;;2,0;;;;;;-1;2024;False;1
RA-143;2022;Aluno-143;M;13,0;2009,0;2019;3;Privada - Parceira;;F;4,0;3,0;1,0;False;Adiantado;8,638;Topázio;8,3;9,9;5,6;;7,9;9,5;10,0;9,7;7,7;6,4;4,0;24;3;1;True;False;1;2019;True;3
RA-143;2023;Aluno-143;M;14,0;2009,0;2019;4;Privada - Apadrinhamento;;5A;5,0;4,0;1,0;False;Adiantado;7,794358333;Ametista;8,3;9,6;2,52;8,28125;6,5;8,3375;10,0;9,2;5,0;5,2;4,0;;;;;;1;2019;True;3
RA-143;2024;Aluno-143;M;15,0;2009,0;2019;5;Privada - Apadrinhamento;Colégio Arco Íris Evolução;7E;7,0;5,0;2,0;False;Adiantado;7,449366666666667;Ametista;10,002;9,92;6,885;7,5;2,6333333333333333;7,5;10,0;0,0;0,0;7,9;0,0;;;;;;2;2021;True;3
RA-1430;2024;Aluno-1430;M;11,0;2013,0;2024;0;Pública;EE Helio Luiz Dobrochinski Prof;1L;1,0;2,0;-1,0;True;Moderada (1);7,864033333300001;Ametista;8,502;10,0;7,51;8,958333333;6,25;8,085;5,0;6,0;6,5;;2,0;;;;;;-1;2024;False;1
RA-1431;2024;Aluno-1431;F;11,0;2013,0;2024;0;Pública;EE Neide Celestina de Oliveira;1M;1,0;2,0;-1,0;True;Moderada (1);7,9147292443;Ametista;9,002;7,7432712215;7,51;7,96875;8,0;9,09;5,0;8,0;8,0;;2,0;;;;;;-1;2024;False;1
RA-1432;2024;Aluno-1432;F;10,0;2014,0;2024;0;Pública;EE Jardim Campestre;1M;1,0;2,0;-1,0;True;Moderada (1);8,774075000000002;Topázio;10,002;10,0;7,51;9,21875;9,5;8,505;5,0;10,0;9,0;;2,0;;;;;;-1;2024;False;1
RA-1433;2024;Aluno-1433;F;10,0;2014,0;2024;0;Pública;EE Jardim Campestre;1M;1,0;2,0;-1,0;True;Moderada (1);8,1939895962;Topázio;8,502;9,068322981;7,51;8,28125;8,75;8,505;5,0;8,0;9,5;;2,0;;;;;;-1;2024;False;1
RA-1434;2024;Aluno-1434;M;10,0;2014,0;2024;0;Pública;EE Jardim Campestre;1M;1,0;2,0;-1,0;True;Moderada (1);8,2775982919;Topázio;8,502;7,9813664595;6,26;9,53125;9,0;9,76;5,0;10,0;8,0;;2,0;;;;;;-1;2024;False;1
RA-1435;2024;Aluno-1435;M;10,0;2014,0;2024;0;Pública;EE Jardim Campestre;1M;1,0;1,0;0,0;False;Adequado;7,7196166667;Ametista;9,502;7,833333333500001;7,51;7,1875;7,5;6,165;10,0;7,5;7,5;;2,0;;;;;;0;2024;False;1
RA-1436;2024;Aluno-1436;F;11,0;2013,0;2024;0;Pública;EM Alfredo Schunk;1M;1,0;2,0;-1,0;True;Moderada (1);7,589914648100001;Ametista;7,418;8,674948240500001;7,51;8,28125;8,0;7,17;5,0;8,0;8,0;;2,0;;;;;;-1;2024;False;1
RA-1437;2024;Aluno-1437;F;11,0;2013,0;2024;0;Pública;EM Cecilia Cristina de Oliveira Rodrigues;1M;1,0;2,0;-1,0;True;Moderada (1);7,982890217400001;Ametista;8,502;9,347826087;7,51;8,28125;8,0;7,92;5,0;8,0;8,0;;2,0;;;;;;-1;2024;False;1
RA-1438;2024;Aluno-1438;F;10,0;2013,0;2024;0;Pública;EM Bairro Lagoa Grande;1M;1,0;2,0;-1,0;True;Moderada (1);8,176825000000001;Topázio;10,002;9,0;7,51;8,90625;7,0;9,175;5,0;6,0;8,0;;2,0;;;;;;-1;2024;False;1
RA-1439;2024;Aluno-1439;F;11,0;2013,0;2024;0;Pública;EE Jardim Campestre;1M;1,0;2,0;-1,0;True;Moderada (1);8,507700000000002;Topázio;7,502;10,0;7,51;9,375;8,5;9,345;5,0;9,0;8,0;;2,0;;;;;;-1;2024;False;1
RA-144;2022;Aluno-144;F;14,0;2008,0;2017;5;Privada - Parceira;;F;4,0;4,0;0,0;False;Adequado;8,181;Topázio;7,5;9,3;5,0;;7,9;8,292;10,0;7,5;7,2;9,0;4,0;89;9;3;False;False;0;2017;False;2
RA-144;2023;Aluno-144;F;14,0;2008,0;2017;6;Privada - Apadrinhamento;;5F;5,0;4,0;1,0;False;Adiantado;4,990333333;Quartzo;0,0;5,2;2,52;6,25;4,4;6,0;10,0;3,3;2,5;7,3;4,0;;;;;;1;2017;False;2
RA-1440;2024;Aluno-1440;F;10,0;2014,0;2024;0;Pública;EE Helio Luiz Dobrochinski Prof;1M;1,0;2,0;-1,0;True;Moderada (1);7,469102691500001;Ametista;9,002;9,5445134575;7,51;8,75;4,5;8,17;5,0;9,0;0,0;;2,0;;;;;;-1;2024;False;1
RA-1441;2024;Aluno-1441;M;9,0;2015,0;2024;0;Pública;EE Jardim Campestre;1M;1,0;1,0;0,0;False;Adequado;8,961646169800002;Topázio;9,502;9,109730849;7,51;9,375;8,5;9,005;10,0;9,0;8,0;;2,0;;;;;;0;2024;False;1
RA-1442;2024;Aluno-1442;M;13,0;2010,0;2024;0;Pública;EM Cecilia Cristina de Oliveira Rodrigues;1M;1,0;3,0;-2,0;True;Alta (2);7,135189648100001;Ametista;8,002;8,674948240500001;7,51;7,5;7,25;5,745;5,0;8,5;6,0;;2,0;;;;;;-2;2024;False;1
RA-1443;2024;Aluno-1443;F;13,0;2011,0;2024;0;Pública;EE Donizetti Aparecido Leite Professor;1N;1,0;3,0;-2,0;True;Alta (2);6,921633333300001;Ágata;6,918;7,5;6,26;7,708333333;6,75;7,415;5,0;6,5;7,0;;2,0;;;;;;-2;2024;False;1
RA-1444;2024;Aluno-1444;M;11,0;2012,0;2024;0;Pública;EE Donizetti Aparecido Leite Professor;1N;1,0;2,0;-1,0;True;Moderada (1);6,610588888900001;Ágata;8,502;5,277777778;7,51;7,708333333;6,0;7,415;5,0;8,0;4,0;;2,0;;;;;;-1;2024;False;1
RA-1445;2024;Aluno-1445;F;10,0;2014,0;2024;0;Pública;EE Helio Luiz Dobrochinski Prof;1N;1,0;2,0;-1,0;True;Moderada (1);7,842866666700001;Ametista;9,502;9,5;7,51;7,916666667;7,25;7,5;5,0;6,5;8,0;;2,0;;;;;;-1;2024;False;1
RA-1446;2024;Aluno-1446;M;9,0;2014,0;2024;0;Pública;EM Cecilia Cristina de Oliveira Rodrigues;1N;1,0;1,0;0,0;False;Adequado;5,9004061924;Quartzo;8,002;6,6501976285;6,26;7,291666667;0,0;7,075;10,0;0,0;0,0;;2,0;;;;;;0;2024;False;1
RA-1447;2024;Aluno-1447;F;11,0;2012,0;2024;0;Pública;EE Donizetti Aparecido Leite Professor;1N;1,0;2,0;-1,0;True;Moderada (1);7,5402350878;Ametista;9,502;9,7368421055;7,51;7,916666667;5,25;7,75;5,0;6,5;4,0;;2,0;;;;;;-1;2024;False;1
RA-1448;2024;Aluno-1448;F;13,0;2011,0;2024;0;Pública;EE Donizetti Aparecido Leite Professor;1P;1,0;3,0;-2,0;True;Alta (2);7,466126406900001;Ametista;9,002;9,5346320345;7,51;7,5;6,0;7,29;5,0;6,0;6,0;;4,0;;;;;;-2;2024;False;1
RA-1449;2024;Aluno-1449;F;10,0;2014,0;2024;0;Pública;EE Luiz Schunck;1R;1,0;2,0;-1,0;True;Moderada (1);7,214341666700001;Ametista;7,418;8,3333333335;7,51;7,96875;6,75;7,04;5,0;6,5;7,0;;4,0;;;;;;-1;2024;False;1
RA-145;2022;Aluno-145;M;16,0;2006,0;2017;5;Pública;;H;4,0;6,0;-2,0;True;Alta (2);5,846;Quartzo;0,0;6,3;8,1;;5,2;7,25;5,0;3,0;4,8;7,8;4,0;746;68;7;False;True;-2;2017;False;2
RA-145;2023;Aluno-145;M;17,0;2006,0;2017;6;Pública;;4H;4,0;7,0;-3,0;True;Severa (3+);;;7,9;9,0;;7,96875;6,2;7,4625;2,5;5,3;6,0;7,2;4,0;;;;;;-3;2017;False;2
RA-1450;2024;Aluno-1450;M;9,0;2015,0;2024;0;Pública;EE Helio Luiz Dobrochinski Prof;1R;1,0;1,0;0,0;False;Adequado;7,405235714200002;Ametista;9,502;8,571428571;7,51;7,8125;3,5;7,5425;10,0;0,0;7,0;;4,0;;;;;;0;2024;False;1
RA-1451;2024;Aluno-1451;F;11,0;2013,0;2024;0;Pública;EE Luiz Schunck;1R;1,0;2,0;-1,0;True;Moderada (1);7,560479761900002;Ametista;10,002;8,8095238095;7,51;7,96875;6,0;7,7525;5,0;6,0;6,0;;4,0;;;;;;-1;2024;False;1
RA-1452;2024;Aluno-1452;M;12,0;2012,0;2024;0;Pública;EE Leonice de Aquino Oliveira;2A;2,0;2,0;0,0;False;Adequado;8,6268666667;Topázio;9,002;10,0;7,51;7,916666667;7,75;8,17;10,0;7,0;8,5;;3,0;;;;;;0;2024;False;1
RA-1453;2024;Aluno-1453;F;12,0;2012,0;2021;3;Pública;EE Leonice de Aquino Oliveira;2A;2,0;3,0;-1,0;True;Moderada (1);7,1234857143;Ametista;8,502;7,8214285715;6,25;7,5;6,5;7,67;5,0;4,5;8,5;;3,0;;;;;;-1;2021;False;1
RA-1454;2024;Aluno-1454;F;10,0;2014,0;2023;1;Pública;EE Dom Pedro Villas Boas de Souza;2A;2,0;2,0;0,0;False;Adequado;7,7042238095;Ametista;8,002;5,880952381;7,51;7,708333333;7,75;8,28;10,0;7,5;8,0;;3,0;;;;;;0;2023;False;1
RA-1455;2024;Aluno-1455;F;12,0;2012,0;2024;0;Pública;EE Maria André Schunck Dona;2A;2,0;3,0;-1,0;True;Moderada (1);6,6442555555;Ágata;8,002;7,777777778;7,51;7,708333333;3,5;7,833333333;5,0;;3,5;;3,0;;;;;;-1;2024;False;1
RA-1456;2024;Aluno-1456;M;11,0;2012,0;2024;0;Pública;EE Leonice de Aquino Oliveira;2A;2,0;2,0;0,0;False;Adequado;8,492914285800001;Topázio;9,502;9,511904762;7,51;7,5;7,75;7,946666667;10,0;5,5;10,0;;3,0;;;;;;0;2024;False;1
RA-1457;2024;Aluno-1457;F;12,0;2011,0;2024;0;Pública;EE Leonice de Aquino Oliveira;2B;2,0;3,0;-1,0;True;Moderada (1);6,0197761904;Ágata;3,498;8,0357142855;7,51;7,291666667;2,75;7,663333333;5,0;2,5;3,0;;3,0;;;;;;-1;2024;False;1
RA-1458;2024;Aluno-1458;F;12,0;2012,0;2024;0;Pública;EE Alexandre Rodrigues Nogueira;2B;2,0;3,0;-1,0;True;Moderada (1);5,879073684200001;Quartzo;8,751;7,280701754500001;7,51;6,041666667;3,25;5,213333333;5,0;0,5;6,0;;3,0;;;;;;-1;2024;False;1
RA-1459;2024;Aluno-1459;M;12,0;2012,0;2024;0;Pública;EE Olivia de Faria Nogueira;2C;2,0;3,0;-1,0;True;Moderada (1);6,665390476100001;Ágata;8,002;8,2976190475;7,51;7,5;3,75;7,273333333;5,0;2,0;5,5;;3,0;;;;;;-1;2024;False;1
RA-146;2022;Aluno-146;F;15,0;2007,0;2022;0;Pública;;H;4,0;5,0;-1,0;True;Moderada (1);7,947;Ametista;8,3;9,2;7,5;;7,9;8,208;5,0;6,3;7,3;10,0;4,0;156;15;1;False;True;-1;2022;False;3
RA-146;2023;Aluno-146;F;16,0;2007,0;2022;1;Pública;;5C;5,0;6,0;-1,0;True;Moderada (1);7,584483333;Ametista;6,2;9,5;5,0;8,4375;7,9;8,2125;5,0;7,8;5,8;10,0;4,0;;;;;;-1;2022;False;3
RA-146;2024;Aluno-146;F;17,0;2007,0;2022;2;Pública;EE Mario Francisco de Amorim;5D;5,0;7,0;-2,0;True;Alta (2);8,134554885333333;Topázio;8,751;9,514316093333331;5,635;7,65625;9,333333333333334;8,304;5,0;9,0;9,0;10,0;5,0;;;;;;-2;2022;False;3
RA-1460;2024;Aluno-1460;M;12,0;2012,0;2024;0;Pública;EE Alexandre Rodrigues Nogueira;2C;2,0;2,0;0,0;False;Adequado;6,784805263200001;Ágata;9,502;7,460526316;7,51;6,875;3,25;6,27;10,0;2,5;4,0;;3,0;;;;;;0;2024;False;1
RA-1461;2024;Aluno-1461;F;12,0;2012,0;2024;0;Pública;EE Leonice de Aquino Oliveira;2C;2,0;3,0;-1,0;True;Moderada (1);6,871961904800001;Ágata;10,002;9,273809524;7,51;7,5;2,75;7,33;5,0;0,5;5,0;;3,0;;;;;;-1;2024;False;1
RA-1462;2024;Aluno-1462;F;13,0;2010,0;2024;0;Pública;EE Joaquim Mendes Feliz;2D;2,0;3,0;-1,0;True;Moderada (1);7,6243666666;Ametista;8,502;10,0;7,51;8,125;6,5;7,053333333;5,0;6,0;7,0;;3,0;;;;;;-1;2024;False;1
RA-1463;2024;Aluno-1463;M;12,0;2012,0;2024;0;Pública;EE Paschoal Carlos Magno;2D;2,0;2,0;0,0;False;Adequado;9,074561111;Topázio;8,502;9,722222222;7,51;9,0625;10,0;8,113333333;10,0;10,0;10,0;;3,0;;;;;;0;2024;False;1
RA-1464;2024;Aluno-1464;F;13,0;2011,0;2024;0;Pública;EE Paschoal Carlos Magno;2D;2,0;3,0;-1,0;True;Moderada (1);7,288424359;Ametista;8,002;7,794871795;7,51;9,0625;6,25;7,61;5,0;4,0;8,5;;3,0;;;;;;-1;2024;False;1
RA-1465;2024;Aluno-1465;M;12,0;2011,0;2024;0;Pública;EE Paschoal Carlos Magno;2D;2,0;3,0;-1,0;True;Moderada (1);7,3344666666;Ametista;7,418;8,75;7,51;8,75;5,75;7,833333333;5,0;5,0;6,5;;3,0;;;;;;-1;2024;False;1
RA-1466;2024;Aluno-1466;M;12,0;2012,0;2024;0;Pública;EE Paschoal Carlos Magno;2D;2,0;2,0;0,0;False;Adequado;8,213723809600001;Topázio;10,002;7,380952381;7,51;8,75;7,5;8,056666667;10,0;7,0;8,0;;3,0;;;;;;0;2024;False;1
RA-1467;2024;Aluno-1467;M;12,0;2012,0;2024;0;Pública;EE Joaquim Mendes Feliz;2D;2,0;2,0;0,0;False;Adequado;8,836711278200001;Topázio;9,002;9,022556391;7,51;8,75;9,25;8,28;10,0;9,0;9,5;;3,0;;;;;;0;2024;False;1
RA-1468;2024;Aluno-1468;F;12,0;2012,0;2024;0;Pública;EE Joaquim Mendes Feliz;2D;2,0;2,0;0,0;False;Adequado;8,1281028822;Topázio;8,502;8,972431078;7,51;8,4375;7,0;7,443333333;10,0;4,5;9,5;;3,0;;;;;;0;2024;False;1
RA-1469;2024;Aluno-1469;M;13,0;2011,0;2024;0;Pública;EE Joaquim Mendes Feliz;2D;2,0;3,0;-1,0;True;Moderada (1);7,459755555500001;Ametista;8,502;9,4444444445;7,51;8,75;4,75;8,223333333;5,0;6,0;3,5;;3,0;;;;;;-1;2024;False;1
RA-147;2022;Aluno-147;F;14,0;2008,0;2022;0;Pública;;H;4,0;4,0;0,0;False;Adequado;7,541;Ametista;8,3;7,7;7,5;;6,1;7,25;10,0;5,8;4,8;7,7;4,0;293;24;4;False;False;0;2022;False;3
RA-147;2023;Aluno-147;F;15,0;2008,0;2022;1;Pública;;4F;4,0;5,0;-1,0;True;Moderada (1);5,5425;Quartzo;0,0;7,0;5,63;6,875;4,5;7,46;5,0;5,0;6,0;2,5;4,0;;;;;;-1;2022;False;3
RA-147;2024;Aluno-147;F;16,0;2008,0;2022;2;Pública;EE Joaquim Mendes Feliz;5F;5,0;6,0;-1,0;True;Moderada (1);7,400477922133334;Ametista;8,334;9,277056277;7,51;7,5;6,166666666666667;7,386666667;5,0;6,0;2,5;10,0;3,0;;;;;;-1;2022;False;3
RA-1470;2024;Aluno-1470;F;12,0;2012,0;2024;0;Pública;EE Leonice de Aquino Oliveira;2G;2,0;3,0;-1,0;True;Moderada (1);5,967421532000001;Quartzo;8,002;6,35610766;6,26;6,875;5,0;5,4125;5,0;5,0;5,0;;4,0;;;;;;-1;2024;False;1
RA-1471;2024;Aluno-1471;M;13,0;2011,0;2024;0;Pública;EE Loris Nassif Mattar Profa;2G;2,0;3,0;-1,0;True;Moderada (1);7,404455434800001;Ametista;10,002;7,195652174;7,51;7,65625;7,5;7,2425;5,0;8,0;7,0;;4,0;;;;;;-1;2024;False;1
RA-1472;2024;Aluno-1472;M;11,0;2012,0;2022;2;Pública;EE Leonice de Aquino Oliveira;2G;2,0;2,0;0,0;False;Adequado;8,773575000000001;Topázio;8,502;10,0;7,51;7,96875;8,75;8,1275;10,0;9,0;8,5;;4,0;;;;;;0;2022;False;1
RA-1473;2024;Aluno-1473;M;13,0;2011,0;2024;0;Pública;EE Loris Nassif Mattar Profa;2G;2,0;3,0;-1,0;True;Moderada (1);6,689320600500001;Ágata;9,502;8,4368530025;5,625;6,5625;5,25;6,415;5,0;6,0;4,5;;4,0;;;;;;-1;2024;False;1
RA-1474;2024;Aluno-1474;F;11,0;2013,0;2024;0;Pública;EE João Ortiz Rodrigues;2H;2,0;2,0;0,0;False;Adequado;7,384207505200001;Ametista;8,002;7,960662526;5,625;6,71875;7,5;6,2875;10,0;7,0;8,0;;4,0;;;;;;0;2024;False;1
RA-1475;2024;Aluno-1475;F;10,0;2013,0;2024;0;Pública;EE Dom Pedro Villas Boas de Souza;2I;2,0;2,0;0,0;False;Adequado;7,413901754400001;Ametista;9,002;8,070175439;7,51;7,5;5,0;6,993333333;10,0;7,0;3,0;;3,0;;;;;;0;2024;False;1
RA-1476;2024;Aluno-1476;F;11,0;2013,0;2024;0;Pública;EE Maria André Schunck Dona;2K;2,0;2,0;0,0;False;Adequado;8,80795;Topázio;9,502;10,0;5,635;8,4375;8,5;8,7525;10,0;8,0;9,0;;4,0;;;;;;0;2024;False;1
RA-1477;2024;Aluno-1477;M;11,0;2012,0;2024;0;Pública;EE Maria André Schunck Dona;2K;2,0;2,0;0,0;False;Adequado;7,0514989130000005;Ametista;8,002;8,010869565;7,51;6,40625;5,0;6,2875;10,0;5,0;5,0;;4,0;;;;;;0;2024;False;1
RA-1478;2024;Aluno-1478;M;11,0;2012,0;2024;0;Pública;EE Maria André Schunck Dona;2K;2,0;2,0;0,0;False;Adequado;6,7210333334;Ágata;8,002;6,666666667;6,255;6,875;4,25;7,1225;10,0;4,0;4,5;;4,0;;;;;;0;2024;False;1
RA-1479;2024;Aluno-1479;M;12,0;2012,0;2024;0;Pública;EE Maria André Schunck Dona;2K;2,0;2,0;0,0;False;Adequado;6,615766239300001;Ágata;8,502;6,1965811965;7,51;7,1875;4,25;6,0325;10,0;4,0;4,5;;4,0;;;;;;0;2024;False;1
RA-148;2022;Aluno-148;M;14,0;2008,0;2022;0;Pública;;H;4,0;4,0;0,0;False;Adequado;7,894;Ametista;9,2;7,9;10,0;;5,3;7,708;10,0;4,7;6,3;5,0;4,0;172;16;2;False;True;0;2022;False;1
RA-1480;2024;Aluno-1480;M;12,0;2011,0;2024;0;Pública;EM Alfredo Schunk;2K;2,0;3,0;-1,0;True;Moderada (1);7,09445;Ametista;8,502;8,875;7,51;7,1875;5,5;6,9975;5,0;;5,5;;4,0;;;;;;-1;2024;False;1
RA-1481;2024;Aluno-1481;F;12,0;2012,0;2024;0;Pública;EM Cecilia Cristina de Oliveira Rodrigues;2K;2,0;3,0;-1,0;True;Moderada (1);6,860721739100001;Ágata;8,502;8,782608695499999;7,51;6,875;4,75;6,8275;5,0;4,0;5,5;;4,0;;;;;;-1;2024;False;1
RA-1482;2024;Aluno-1482;M;14,0;2010,0;2024;0;Pública;EM Cecilia Cristina de Oliveira Rodrigues;2K;2,0;3,0;-1,0;True;Moderada (1);5,2257;Quartzo;8,502;5,0;7,51;7,5;0,0;6,8725;5,0;0,0;0,0;;4,0;;;;;;-1;2024;False;1
RA-1483;2024;Aluno-1483;M;11,0;2013,0;2024;0;Pública;EE Jardim Campestre;2K;2,0;2,0;0,0;False;Adequado;7,311433695700001;Ametista;9,502;7,913043478500001;7,51;5,78125;6,5;5,7475;10,0;6,0;7,0;;4,0;;;;;;0;2024;False;1
RA-1484;2024;Aluno-1484;F;14,0;2010,0;2024;0;Pública;EE Maria André Schunck Dona;2L;2,0;3,0;-1,0;True;Moderada (1);7,754200000000001;Ametista;9,002;10,0;6,26;7,5;7,0;7,89;5,0;5,0;9,0;;3,0;;;;;;-1;2024;False;1
RA-1485;2024;Aluno-1485;M;13,0;2011,0;2024;0;Pública;EM Cecilia Cristina de Oliveira Rodrigues;2L;2,0;3,0;-1,0;True;Moderada (1);6,7386875777;Ágata;9,002;7,7432712215;5,625;7,5;5,0;7,386666667;5,0;5,0;5,0;;3,0;;;;;;-1;2024;False;1
RA-1486;2024;Aluno-1486;M;11,0;2013,0;2024;0;Pública;EE Maria André Schunck Dona;2L;2,0;2,0;0,0;False;Adequado;6,865474509900001;Ágata;8,002;5,431372549;6,26;7,916666667;5,75;7,056666667;10,0;6,0;5,5;;3,0;;;;;;0;2024;False;1
RA-1487;2024;Aluno-1487;F;13,0;2011,0;2024;0;Pública;EE Maria André Schunck Dona;2L;2,0;3,0;-1,0;True;Moderada (1);8,0267434782;Topázio;10,002;9,5652173915;6,26;7,708333333;8,25;7,833333333;5,0;7,0;9,5;;3,0;;;;;;-1;2024;False;1
RA-1488;2024;Aluno-1488;F;11,0;2013,0;2024;0;Pública;EE Maria André Schunck Dona;2L;2,0;2,0;0,0;False;Adequado;6,7668935818000016;Ágata;8,002;7,111801242;7,51;7,5;3,5;6,716666667;10,0;7,0;0,0;;3,0;;;;;;0;2024;False;1
RA-1489;2024;Aluno-1489;M;12,0;2012,0;2024;0;Pública;EE Maria André Schunck Dona;2L;2,0;3,0;-1,0;True;Moderada (1);5,9842289855000015;Quartzo;9,002;5,793478261000001;6,26;6,666666667;5,0;5,663333333;5,0;5,0;5,0;;3,0;;;;;;-1;2024;False;1
RA-149;2022;Aluno-149;F;15,0;2007,0;2022;0;Pública;;H;4,0;5,0;-1,0;True;Moderada (1);6,323;Ágata;9,2;6,5;7,5;;5,0;6,125;5,0;4,0;6,0;;4,0;679;60;6;False;False;-1;2022;False;3
RA-149;2023;Aluno-149;F;16,0;2007,0;2022;1;Pública;;4C;4,0;6,0;-2,0;True;Alta (2);5,622266667;Quartzo;8,8;4,2;2,52;7,5;4,7;7,2925;5,0;5,7;3,5;5,0;4,0;;;;;;-2;2022;False;3
RA-149;2024;Aluno-149;F;17,0;2007,0;2022;2;Pública;EE Leonice de Aquino Oliveira;5D;5,0;7,0;-2,0;True;Alta (2);5,7316173854;Quartzo;9,585;4,104378593666667;6,26;7,34375;3,8333333333333335;6,626;5,0;0,0;6,5;5,0;5,0;;;;;;-2;2022;False;3
RA-1490;2024;Aluno-1490;F;12,0;2012,0;2024;0;Privada;Rede Decisão - Unidade União;2L;2,0;3,0;-1,0;True;Moderada (1);7,3725768116;Ametista;8,502;9,5652173915;6,26;6,666666667;7,75;6,333333333;5,0;8,0;7,5;;3,0;;;;;;-1;2024;False;1
RA-1491;2024;Aluno-1491;M;12,0;2012,0;2024;0;Pública;EE Maria André Schunck Dona;2L;2,0;2,0;0,0;False;Adequado;7,5072;Ametista;9,002;6,25;7,51;7,5;6,5;7,78;10,0;6,0;7,0;;3,0;;;;;;0;2024;False;1
RA-1492;2024;Aluno-1492;M;9,0;2014,0;2024;0;Pública;EE Helio Luiz Dobrochinski Prof;2L;2,0;1,0;1,0;False;Adiantado;8,479020512900002;Topázio;8,002;8,8141025645;7,51;8,75;8,0;8,45;10,0;6,0;10,0;;3,0;;;;;;1;2024;False;1
RA-1493;2024;Aluno-1493;M;12,0;2012,0;2024;0;Pública;EE Donizetti Aparecido Leite Professor;2M;2,0;3,0;-1,0;True;Moderada (1);6,378661323900001;Ágata;8,502;7,8468899525;7,51;7,1875;4,0;5,946666667;5,0;3,5;4,5;;3,0;;;;;;-1;2024;False;1
RA-1494;2024;Aluno-1494;F;11,0;2013,0;2024;0;Pública;EE Donizetti Aparecido Leite Professor;2M;2,0;2,0;0,0;False;Adequado;5,8748823529;Quartzo;0,0;6,7794117645;7,51;7,5;4,25;5,84;10,0;8,5;0,0;;3,0;;;;;;0;2024;False;1
RA-1495;2024;Aluno-1495;F;11,0;2013,0;2021;3;Pública;EE Helio Luiz Dobrochinski Prof;2M;2,0;2,0;0,0;False;Adequado;8,4845030302;Topázio;9,002;8,318181818;7,51;8,75;8,25;8,223333333;10,0;8,5;8,0;;3,0;;;;;;0;2021;False;1
RA-1496;2024;Aluno-1496;F;12,0;2012,0;2024;0;Pública;EE Maria André Schunck Dona;2M;2,0;2,0;0,0;False;Adequado;6,7799738095;Ágata;9,002;5,714285714500001;7,51;7,8125;4,25;6,773333333;10,0;2,5;6,0;;3,0;;;;;;0;2024;False;1
RA-1497;2024;Aluno-1497;F;12,0;2012,0;2024;0;Pública;EE Donizetti Aparecido Leite Professor;2M;2,0;2,0;0,0;False;Adequado;5,2423787879;Quartzo;0,0;5,0227272725;7,51;6,875;2,0;6,996666667;10,0;4,0;0,0;;3,0;;;;;;0;2024;False;1
RA-1498;2024;Aluno-1498;F;13,0;2011,0;2024;0;Pública;EE Donizetti Aparecido Leite Professor;2M;2,0;3,0;-1,0;True;Moderada (1);7,147881818200001;Ametista;8,502;7,840909091;7,51;8,125;7,0;6,33;5,0;5,0;9,0;;3,0;;;;;;-1;2024;False;1
RA-1499;2024;Aluno-1499;F;12,0;2012,0;2024;0;Pública;EE Donizetti Aparecido Leite Professor;2N;2,0;2,0;0,0;False;Adequado;7,914800000000001;Ametista;8,418;9,25;6,885;8,125;6,5;7,11;10,0;6,0;7,0;;3,0;;;;;;0;2024;False;1
RA-15;2022;Aluno-15;M;18,0;2004,0;2022;0;Pública;;D;7,0;8,0;-1,0;True;Moderada (1);7,783;Ametista;8,8;10,0;7,5;;7,3;7,292;5,0;8,0;6,5;;4,0;207;3;2;False;True;-1;2022;False;1
RA-150;2022;Aluno-150;F;16,0;2006,0;2020;2;Pública;;H;4,0;6,0;-2,0;True;Alta (2);6,962;Ágata;9,6;6,3;6,9;;6,9;7,333;5,0;5,3;6,7;8,6;4,0;498;41;5;False;True;-2;2020;False;1
RA-1500;2024;Aluno-1500;M;11,0;2013,0;2024;0;Pública;EE Donizetti Aparecido Leite Professor;2N;2,0;2,0;0,0;False;Adequado;7,360450000100002;Ametista;9,502;8,3333333335;6,885;8,4375;3,5;7,556666667;10,0;2,0;5,0;;3,0;;;;;;0;2024;False;1
RA-1501;2024;Aluno-1501;F;11,0;2013,0;2024;0;Pública;EE Donizetti Aparecido Leite Professor;2N;2,0;2,0;0,0;False;Adequado;8,04495;Topázio;9,502;10,0;7,51;8,4375;5,0;7,5;10,0;4,5;5,5;;3,0;;;;;;0;2024;False;1
RA-1502;2024;Aluno-1502;F;12,0;2012,0;2024;0;Pública;EE Donizetti Aparecido Leite Professor;2N;2,0;3,0;-1,0;True;Moderada (1);6,886091025600001;Ágata;8,002;7,628205128;7,51;7,8125;5,25;7,39;5,0;3,5;7,0;;3,0;;;;;;-1;2024;False;1
RA-1503;2024;Aluno-1503;F;13,0;2011,0;2024;0;Pública;EE Donizetti Aparecido Leite Professor;2P;2,0;3,0;-1,0;True;Moderada (1);6,991699999900001;Ágata;7,502;10,0;7,51;8,958333333;2,75;7,723333333;5,0;3,0;2,5;;3,0;;;;;;-1;2024;False;1
RA-1504;2024;Aluno-1504;F;12,0;2012,0;2024;0;Pública;EE Donizetti Aparecido Leite Professor;2P;2,0;3,0;-1,0;True;Moderada (1);6,057060605999999;Ágata;7,5;4,6136363635;5,63;5,833333333;6,75;6,94;5,0;5,0;8,5;;3,0;;;;;;-1;2024;False;1
RA-1505;2024;Aluno-1505;M;13,0;2011,0;2024;0;Pública;EE Donizetti Aparecido Leite Professor;2P;2,0;3,0;-1,0;True;Moderada (1);6,7199171717;Ágata;9,502;7,5252525255;7,51;8,75;3,75;6,943333333;5,0;3,0;4,5;;3,0;;;;;;-1;2024;False;1
RA-1506;2024;Aluno-1506;F;11,0;2013,0;2024;0;Pública;EE Helio Luiz Dobrochinski Prof;2R;2,0;2,0;0,0;False;Adequado;7,151855844200001;Ametista;8,002;8,3874458875;7,51;6,458333333;3,5;7,886666667;10,0;0,0;7,0;;3,0;;;;;;0;2024;False;1
RA-1507;2024;Aluno-1507;M;12,0;2012,0;2024;0;Pública;EE Maria André Schunck Dona;2R;2,0;3,0;-1,0;True;Moderada (1);5,046077056300001;Quartzo;6,918;4,448051948;7,51;4,583333333;5,0;3,776666667;5,0;5,0;5,0;;3,0;;;;;;-1;2024;False;1
RA-1508;2024;Aluno-1508;F;10,0;2013,0;2024;0;Pública;EE Helio Luiz Dobrochinski Prof;2R;2,0;2,0;0,0;False;Adequado;8,1804207793;Topázio;7,502;7,2294372295;7,51;7,5;9,25;8,166666667;10,0;10,0;8,5;;3,0;;;;;;0;2024;False;1
RA-1509;2024;Aluno-1509;M;11,0;2013,0;2024;0;Pública;EE Maria André Schunck Dona;2R;2,0;2,0;0,0;False;Adequado;7,560230303200001;Ametista;8,502;6,5151515155;7,51;6,666666667;7,5;7,446666667;10,0;7,0;8,0;;3,0;;;;;;0;2024;False;1
RA-151;2022;Aluno-151;F;16,0;2006,0;2020;2;Pública;;H;4,0;6,0;-2,0;True;Alta (2);7,563;Ametista;8,8;7,5;6,9;;8,3;7,958;5,0;7,3;8,0;9,5;4,0;289;23;3;False;True;-2;2020;False;2
RA-151;2023;Aluno-151;F;17,0;2006,0;2020;3;Pública;;5C;5,0;7,0;-2,0;True;Alta (2);6,892541667;Ágata;0,0;7,8;7,52;8,59375;7,9;8,1725;5,0;6,8;7,0;10,0;4,0;;;;;;-2;2020;False;2
RA-1510;2024;Aluno-1510;F;11,0;2013,0;2024;0;Pública;EE Maria André Schunck Dona;2R;2,0;2,0;0,0;False;Adequado;9,4647454544;Topázio;10,002;9,7727272725;7,51;9,583333333;10,0;9,003333333;10,0;10,0;10,0;;3,0;;;;;;0;2024;False;1
RA-1511;2024;Aluno-1511;F;11,0;2013,0;2024;0;Pública;EE Helio Luiz Dobrochinski Prof;2U;2,0;2,0;0,0;False;Adequado;8,9217077641;Topázio;10,002;9,3271221535;7,51;8,4375;8,75;8,556666667;10,0;8,0;9,5;;3,0;;;;;;0;2024;False;1
RA-1512;2024;Aluno-1512;F;10,0;2014,0;2024;0;Pública;EE Helio Luiz Dobrochinski Prof;2U;2,0;2,0;0,0;False;Adequado;8,10445;Topázio;9,502;10,0;7,51;7,8125;5,5;7,61;10,0;7,0;4,0;;3,0;;;;;;0;2024;False;1
RA-1513;2024;Aluno-1513;F;12,0;2012,0;2024;0;Pública;EE Maria André Schunck Dona;2U;2,0;3,0;-1,0;True;Moderada (1);6,5509171717;Ágata;8,502;7,5252525255;7,51;7,5;3,75;7,223333333;5,0;4,0;3,5;;3,0;;;;;;-1;2024;False;1
RA-1514;2024;Aluno-1514;F;12,0;2012,0;2024;0;Pública;EM Cecilia Cristina de Oliveira Rodrigues;2U;2,0;2,0;0,0;False;Adequado;7,520576262600001;Ametista;9,002;7,979797980000001;7,51;7,1875;5,5;7,273333333;10,0;5,0;6,0;;3,0;;;;;;0;2024;False;1
RA-1515;2024;Aluno-1515;F;12,0;2012,0;2024;0;Pública;EE Maria André Schunck Dona;2U;2,0;3,0;-1,0;True;Moderada (1);5,832133333300001;Quartzo;6,418;6,6666666665;6,255;6,875;3,5;6,72;5,0;6,0;1,0;;3,0;;;;;;-1;2024;False;1
RA-1516;2024;Aluno-1516;F;13,0;2011,0;2024;0;Privada;Colégio Arco Íris Evolução;3A;3,0;3,0;0,0;False;Adequado;7,217066033133334;Ametista;9,585;5,404288499000001;9,38;7,96875;4,666666666666667;7,5475;10,0;0,0;5,0;9,0;4,0;;;;;;3;2024;False;1
RA-1517;2024;Aluno-1517;M;15,0;2009,0;2024;0;Pública;EE Maria André Schunck Dona;3A;3,0;4,0;-1,0;True;Moderada (1);6,240744444466667;Ágata;9,168;4,305555555666667;9,38;7,5;4,666666666666667;6,7075;5,0;5,0;4,5;4,5;4,0;;;;;;-1;2024;False;1
RA-1518;2024;Aluno-1518;F;15,0;2009,0;2022;2;Pública;EE Leonice de Aquino Oliveira;3A;3,0;4,0;-1,0;True;Moderada (1);5,721382142866666;Quartzo;7,084;5,714285714333333;9,38;7,65625;1,75;6,5825;5,0;0,0;3,5;;4,0;;;;;;-1;2022;False;1
RA-1519;2024;Aluno-1519;M;15,0;2009,0;2024;0;;;3A;3,0;3,0;0,0;False;Adequado;7,210222117800001;Ametista;9,585;5,560902255666666;8,755;7,96875;4,833333333333333;7,5025;10,0;0,0;6,5;8,0;4,0;;;;;;3;2024;False;1
RA-152;2022;Aluno-152;F;16,0;2006,0;2022;0;Pública;;L;4,0;6,0;-2,0;True;Alta (2);6,712;Ágata;8,3;7,0;7,5;;6,5;6,292;5,0;4,0;7,0;8,5;4,0;586;54;13;False;False;-2;2022;False;3
RA-152;2023;Aluno-152;F;16,0;2006,0;2022;1;Pública;;4M;4,0;6,0;-2,0;True;Alta (2);6,30695;Ágata;7,9;7,7;2,52;7,8125;4,5;7,71;5,0;4,0;5,0;4,5;4,0;;;;;;-2;2022;False;3
RA-152;2024;Aluno-152;F;17,0;2006,0;2022;2;Pública;EE Donizetti Aparecido Leite Professor;5L;5,0;7,0;-2,0;True;Alta (2);6,5837938596;Ágata;7,5;7,337719298333333;5,63;7,8125;5,166666666666667;7,443333333;5,0;0,0;7,5;8,0;3,0;;;;;;-2;2022;False;3
RA-1520;2024;Aluno-1520;F;14,0;2010,0;2024;0;Pública;EE Alexandre Rodrigues Nogueira;3B;3,0;4,0;-1,0;True;Moderada (1);7,0026462121333335;Ametista;8,334;9,060606060666666;8,75;7,65625;3,75;7,3325;5,0;4,0;3,5;;4,0;;;;;;-1;2024;False;1
RA-1521;2024;Aluno-1521;F;14,0;2010,0;2024;0;Pública;EE Alexandre Rodrigues Nogueira;3B;3,0;4,0;-1,0;True;Moderada (1);5,065788844333333;Quartzo;7,5;6,157902555;2,51;6,09375;3,1666666666666665;5,4525;5,0;2,0;5,5;2,0;4,0;;;;;;-1;2024;False;1
RA-1522;2024;Aluno-1522;M;13,0;2011,0;2024;0;Pública;EE Leonice de Aquino Oliveira;3B;3,0;3,0;0,0;False;Adequado;8,3261;Topázio;8,751;10,0;9,38;6,875;7,0;7,1275;10,0;10,0;4,0;;4,0;;;;;;0;2024;False;1
RA-1523;2024;Aluno-1523;M;11,0;2012,0;2024;0;Pública;EE Alexandre Rodrigues Nogueira;3B;3,0;2,0;1,0;False;Adiantado;8,67371279;Topázio;6,666;9,283272283333334;8,755;8,90625;8,166666666666666;8,755;10,0;8,0;6,5;10,0;4,0;;;;;;1;2024;False;1
RA-1524;2024;Aluno-1524;F;14,0;2010,0;2024;0;Pública;EE Mario Francisco de Amorim;3B;3,0;4,0;-1,0;True;Moderada (1);5,5473805555333335;Quartzo;7,917;2,777777777666667;7,51;7,65625;4,0;6,9175;5,0;4,0;;;4,0;;;;;;-1;2024;False;1
RA-1525;2024;Aluno-1525;M;13,0;2011,0;2024;0;Pública;EE Joaquim Mendes Feliz;3C;3,0;3,0;0,0;False;Adequado;7,778263492033334;Ametista;7,917;8,293650793666666;5,63;8,541666667;7,0;7,553333333;10,0;6,5;5,5;9,0;3,0;;;;;;0;2024;False;1
RA-1526;2024;Aluno-1526;F;13,0;2011,0;2024;0;Pública;EE Alexandre Rodrigues Nogueira;3D;3,0;3,0;0,0;False;Adequado;7,9798;Ametista;9,168;10,0;8,75;8,125;3,75;8,1275;10,0;2,0;5,5;;4,0;;;;;;0;2024;False;1
RA-1527;2024;Aluno-1527;M;13,0;2010,0;2024;0;Pública;EE Alexandre Rodrigues Nogueira;3D;3,0;3,0;0,0;False;Adequado;8,631675000000001;Topázio;9,168;10,0;7,51;7,96875;8,0;7,835;10,0;9,0;7,0;;4,0;;;;;;0;2024;False;1
RA-1528;2024;Aluno-1528;M;13,0;2011,0;2024;0;Pública;EE Alexandre Rodrigues Nogueira;3D;3,0;3,0;0,0;False;Adequado;7,622584090933335;Ametista;9,168;7,787878788;7,51;7,96875;5,666666666666667;7,335;10,0;3,0;6,0;8,0;4,0;;;;;;0;2024;False;1
RA-1529;2024;Aluno-1529;F;14,0;2010,0;2024;0;Pública;EE João Ortiz Rodrigues;3F;3,0;4,0;-1,0;True;Moderada (1);6,710079487200001;Ágata;6,666;7,435897436;7,51;8,125;5,5;6,964;5,0;6,0;5,5;5,0;5,0;;;;;;-1;2024;False;1
RA-153;2022;Aluno-153;F;14,0;2008,0;2018;4;Privada - Parceira;;L;4,0;4,0;0,0;False;Adequado;7,535;Ametista;7,9;8,2;5,0;;6,6;7,708;10,0;3,3;7,7;8,8;4,0;297;25;5;False;False;0;2018;True;3
RA-153;2023;Aluno-153;F;15,0;2008,0;2018;5;Privada - Apadrinhamento;;5M;5,0;5,0;0,0;False;Adequado;7,289966667;Ametista;9,2;7,4;2,52;8,125;6,4;7,71;10,0;6,0;5,3;8,0;4,0;;;;;;0;2018;True;3
RA-153;2024;Aluno-153;F;16,0;2008,0;2018;6;Privada - Apadrinhamento;Colégio Albert Einstein - SP;7E;7,0;5,0;2,0;False;Adiantado;4,78185;Quartzo;8,751;0,0;6,5675;7,5;0,0;7,5;10,0;0,0;0,0;0,0;0,0;;;;;;2;2021;True;3
RA-1530;2024;Aluno-1530;M;13,0;2011,0;2024;0;Pública;EE João Ortiz Rodrigues;3F;3,0;3,0;0,0;False;Adequado;4,6391535714200005;Quartzo;0,0;2,5238095237666665;8,13;7,03125;2,833333333333333;5,258;10,0;1,5;7,0;0,0;5,0;;;;;;0;2024;False;1
RA-1531;2024;Aluno-1531;M;14,0;2010,0;2024;0;Pública;EE João Ortiz Rodrigues;3F;3,0;4,0;-1,0;True;Moderada (1);7,0491790134;Ametista;8,751;7,972686733666666;7,505;7,34375;5,833333333333333;7,14;5,0;4,5;8,0;5,0;5,0;;;;;;-1;2024;False;1
RA-1532;2024;Aluno-1532;M;15,0;2009,0;2024;0;Pública;EE João Ortiz Rodrigues;3H;3,0;4,0;-1,0;True;Moderada (1);4,548544781066667;Quartzo;0,0;3,905723905333333;7,51;7,5;2,0;6,832;5,0;0,0;6,0;0,0;5,0;;;;;;-1;2024;False;1
RA-1533;2024;Aluno-1533;F;14,0;2010,0;2024;0;Pública;EE Joaquim Mendes Feliz;3I;3,0;3,0;0,0;False;Adequado;9,089828985533336;Topázio;9,168;9,710144927666668;8,135;8,5;9,5;8,3375;10,0;10,0;8,5;10,0;4,0;;;;;;0;2024;False;1
RA-1534;2024;Aluno-1534;F;13,0;2010,0;2024;0;Pública;EE Paschoal Carlos Magno;3I;3,0;3,0;0,0;False;Adequado;7,188366666666667;Ametista;7,917;9,666666666666666;8,135;8,0;1,1666666666666667;8,0825;10,0;2,0;1,5;0,0;4,0;;;;;;0;2024;False;1
RA-1535;2024;Aluno-1535;F;13,0;2011,0;2024;0;Pública;EE Paschoal Carlos Magno;3I;3,0;3,0;0,0;False;Adequado;7,109390969933334;Ametista;8,751;5,103121516333333;7,51;7,125;5,833333333333333;7,9175;10,0;7,5;5,5;4,5;4,0;;;;;;0;2024;False;1
RA-1536;2024;Aluno-1536;F;15,0;2009,0;2024;0;Pública;EE Paschoal Carlos Magno;3I;3,0;4,0;-1,0;True;Moderada (1);7,653744444466668;Ametista;9,168;8,722222222333334;8,135;7,875;7,0;7,4575;5,0;10,0;3,5;7,5;4,0;;;;;;-1;2024;False;1
RA-1537;2024;Aluno-1537;F;14,0;2010,0;2024;0;Pública;EE Joaquim Mendes Feliz;3I;3,0;4,0;-1,0;True;Moderada (1);8,176263231333333;Topázio;9,168;8,33064949;8,135;8,125;8,666666666666666;8,67;5,0;10,0;6,0;10,0;4,0;;;;;;-1;2024;False;1
RA-1538;2024;Aluno-1538;M;13,0;2010,0;2021;3;Pública;EE Maria André Schunck Dona;3K;3,0;2,0;1,0;False;Adiantado;7,9631703704333345;Ametista;9,168;7,935185184999999;8,13;7,916666667;7,166666666666667;7,106666667;10,0;7,5;6,0;8,0;3,0;;;;;;1;2021;False;1
RA-1539;2024;Aluno-1539;F;13,0;2011,0;2024;0;Pública;EE Maria André Schunck Dona;3K;3,0;3,0;0,0;False;Adequado;7,709588888900001;Ametista;6,667;9,027777777666666;6,885;7,708333333;6,833333333333333;7,056666667;10,0;6,0;7,0;7,5;3,0;;;;;;0;2024;False;1
RA-154;2022;Aluno-154;M;15,0;2007,0;2017;5;Pública;;L;4,0;5,0;-1,0;True;Moderada (1);6,073;Ágata;8,3;6,1;6,3;;4,0;6,833;5,0;3,7;6,2;2,1;4,0;714;65;15;False;True;-1;2017;False;1
RA-1540;2024;Aluno-1540;F;14,0;2010,0;2024;0;Pública;EE Donizetti Aparecido Leite Professor;3M;3,0;4,0;-1,0;True;Moderada (1);5,696233333333334;Quartzo;8,334;5,0;7,51;7,125;2,6666666666666665;6,83;5,0;2,0;2,0;4,0;5,0;;;;;;-1;2024;False;1
RA-1541;2024;Aluno-1541;M;13,0;2011,0;2024;0;Pública;EM Alfredo Schunk;3M;3,0;3,0;0,0;False;Adequado;8,337;Topázio;9,168;8,633333333333333;6,88;8,25;8,166666666666666;7,736;10,0;9,0;7,0;8,5;5,0;;;;;;0;2024;False;1
RA-1542;2024;Aluno-1542;F;16,0;2008,0;2024;0;Pública;EE Donizetti Aparecido Leite Professor;3M;3,0;5,0;-2,0;True;Alta (2);6,0886079922;Ágata;7,501;6,304873294333333;8,135;7,375;3,1666666666666665;6,966;5,0;1,0;3,5;5,0;5,0;;;;;;-2;2024;False;1
RA-1543;2024;Aluno-1543;M;14,0;2010,0;2024;0;Pública;EE Donizetti Aparecido Leite Professor;3M;3,0;4,0;-1,0;True;Moderada (1);6,754584615400001;Ágata;7,5;8,076923077;7,51;7,25;5,0;7,066;5,0;6,0;4,0;;5,0;;;;;;-1;2024;False;1
RA-1544;2024;Aluno-1544;F;14,0;2010,0;2024;0;Pública;EM Cecilia Cristina de Oliveira Rodrigues;3M;3,0;4,0;-1,0;True;Moderada (1);6,905568627466667;Ágata;8,334;8,674509804;6,885;6,625;5,833333333333333;6,598;5,0;5,5;5,5;6,5;5,0;;;;;;-1;2024;False;1
RA-1545;2024;Aluno-1545;F;12,0;2012,0;2024;0;Pública;EE Paschoal Carlos Magno;3N;3,0;3,0;0,0;False;Adequado;7,296598575533334;Ametista;7,501;6,210826211;8,13;6,25;8,166666666666666;6,165;10,0;8,0;6,5;10,0;2,0;;;;;;0;2024;False;1
RA-1546;2024;Aluno-1546;M;14,0;2010,0;2024;0;Pública;EE Paschoal Carlos Magno;3N;3,0;3,0;0,0;False;Adequado;6,900662108266667;Ágata;8,334;6,374643874666667;8,75;7,5;4,666666666666667;6,17;10,0;5,0;3,0;6,0;2,0;;;;;;0;2024;False;1
RA-1547;2024;Aluno-1547;F;14,0;2009,0;2024;0;Pública;EE Donizetti Aparecido Leite Professor;3N;3,0;4,0;-1,0;True;Moderada (1);6,748480626800001;Ágata;7,917;6,467236467333334;8,13;7,5;6,666666666666667;6,335;5,0;9,5;6,0;4,5;2,0;;;;;;-1;2024;False;1
RA-1548;2024;Aluno-1548;F;13,0;2011,0;2024;0;Pública;Estuda em outra cidade;3N;3,0;3,0;0,0;False;Adequado;6,482499715066667;Ágata;8,334;5,242165242;7,51;7,5;4,833333333333333;5,665;10,0;9,0;4,5;1,0;2,0;;;;;;0;2024;False;1
RA-1549;2024;Aluno-1549;M;15,0;2009,0;2024;0;Pública;EE Maria André Schunck Dona;3N;3,0;5,0;-2,0;True;Alta (2);6,514862200466668;Ágata;9,585;7,441394335666668;7,51;7,1875;4,166666666666667;6,325;5,0;5,5;3,0;4,0;2,0;;;;;;-2;2024;False;1
RA-155;2022;Aluno-155;M;16,0;2006,0;2022;0;Pública;;L;4,0;6,0;-2,0;True;Alta (2);7,051;Ametista;10,0;8,3;7,5;;5,2;6,833;5,0;4,3;6,8;4,3;4,0;470;39;9;False;True;-2;2022;False;3
RA-155;2023;Aluno-155;M;17,0;2006,0;2022;1;Pública;;5L;5,0;7,0;-2,0;True;Alta (2);6,318991667;Ágata;7,9;8,1;5,0;7,03125;4,4;6,5875;5,0;5,3;2,8;5,2;4,0;;;;;;-2;2022;False;3
RA-155;2024;Aluno-155;M;18,0;2006,0;2022;2;Privada - Bolsa 100%;Faculdade FIAP;8F;8,0;8,0;0,0;False;Adequado;;;;0,0;;;;;10,0;;;;0,0;;;;;;0;2022;False;3
RA-1550;2024;Aluno-1550;M;15,0;2009,0;2024;0;Pública;EE Maria André Schunck Dona;3P;3,0;4,0;-1,0;True;Moderada (1);6,064236111066667;Ágata;9,585;5,222222222;7,51;7,03125;4,333333333333333;6,2025;5,0;5,0;3,0;5,0;4,0;;;;;;-1;2024;False;1
RA-1551;2024;Aluno-1551;M;15,0;2009,0;2024;0;Pública;EE Donizetti Aparecido Leite Professor;3P;3,0;5,0;-2,0;True;Alta (2);5,9717087542;Quartzo;9,585;4,771043771;7,51;7,5;3,5;6,79;5,0;1,0;5,5;4,0;4,0;;;;;;-2;2024;False;1
RA-1552;2024;Aluno-1552;M;13,0;2011,0;2024;0;Pública;EM Cecilia Cristina de Oliveira Rodrigues;3P;3,0;3,0;0,0;False;Adequado;7,443301282066667;Ametista;9,585;9,743589743666666;7,51;7,1875;3,1666666666666665;7,165;10,0;1,0;4,5;4,0;4,0;;;;;;0;2024;False;1
RA-1553;2024;Aluno-1553;M;13,0;2011,0;2024;0;Pública;EE Donizetti Aparecido Leite Professor;3R;3,0;3,0;0,0;False;Adequado;7,641184313700001;Ametista;8,334;9,003921568666668;7,51;8,333333333;4,333333333333333;7,78;10,0;6,0;5,0;2,0;3,0;;;;;;0;2024;False;1
RA-1554;2024;Aluno-1554;M;15,0;2009,0;2024;0;Pública;EE Maria André Schunck Dona;3R;3,0;5,0;-2,0;True;Alta (2);6,941692592633334;Ágata;6,666;9,629629629666669;8,76;7,291666667;4,0;7,22;5,0;3,0;;5,0;3,0;;;;;;-2;2024;False;1
RA-1555;2024;Aluno-1555;M;13,0;2011,0;2024;0;Pública;EE Donizetti Aparecido Leite Professor;3R;3,0;3,0;0,0;False;Adequado;7,4827333334;Ametista;8,334;10,0;6,255;8,125;3,0;8,056666667;10,0;9,0;0,0;0,0;3,0;;;;;;0;2024;False;1
RA-1556;2024;Aluno-1556;M;14,0;2010,0;2024;0;Pública;EE Donizetti Aparecido Leite Professor;3U;3,0;3,0;0,0;False;Adequado;6,666811111166668;Ágata;7,917;5,222222222333333;7,51;7,916666667;4,0;7,44;10,0;3,5;;4,5;3,0;;;;;;0;2024;False;1
RA-1557;2024;Aluno-1557;F;14,0;2010,0;2024;0;Pública;EE Donizetti Aparecido Leite Professor;3U;3,0;3,0;0,0;False;Adequado;8,228500000033334;Topázio;9,585;8,916666666666666;7,51;7,916666667;7,0;7,72;10,0;6,0;;8,0;3,0;;;;;;0;2024;False;1
RA-1558;2024;Aluno-1558;M;16,0;2008,0;2024;0;Pública;EE Joaquim Mendes Feliz;4A;4,0;5,0;-1,0;True;Moderada (1);7,643772047733333;Ametista;9,168;8,705360238666666;8,755;8,5;5,5;8,302;5,0;5,0;5,5;6,0;5,0;;;;;;-1;2024;False;1
RA-1559;2024;Aluno-1559;F;15,0;2009,0;2024;0;Pública;EE Paschoal Carlos Magno;4A;4,0;5,0;-1,0;True;Moderada (1);6,330428437666668;Ágata;7,917;5,2929755216666665;6,885;8,375;4,666666666666667;7,604;5,0;8,0;0,0;6,0;5,0;;;;;;-1;2024;False;1
RA-156;2022;Aluno-156;M;15,0;2007,0;2018;4;Pública;;L;4,0;5,0;-1,0;True;Moderada (1);7,357;Ametista;10,0;8,3;9,4;;4,4;7,792;5,0;4,7;6,5;2,1;4,0;376;30;6;False;True;-1;2018;False;1
RA-1560;2024;Aluno-1560;F;14,0;2010,0;2024;0;Privada;Colégio Arco Íris Evolução;4A;4,0;3,0;1,0;False;Adiantado;8,4721031746;Topázio;9,168;9,206349206333334;5,635;8,5;8,166666666666666;8,336;10,0;6,0;8,5;10,0;5,0;;;;;;1;2024;False;1
RA-1561;2024;Aluno-1561;M;16,0;2008,0;2024;0;Pública;EE Joaquim Mendes Feliz;4A;4,0;5,0;-1,0;True;Moderada (1);7,940220634933333;Ametista;9,585;9,174603174666666;5,0;8,0;9,0;7,734;5,0;8,5;8,5;10,0;5,0;;;;;;-1;2024;False;1
RA-1562;2024;Aluno-1562;F;16,0;2008,0;2024;0;Pública;EE Alexandre Rodrigues Nogueira;4B;4,0;6,0;-2,0;True;Alta (2);5,458833333333334;Quartzo;6,25;8,666666666666666;5,01;6,25;0,5;6,8725;5,0;0,5;;;4,0;;;;;;-2;2024;False;1
RA-1563;2024;Aluno-1563;F;15,0;2009,0;2024;0;Pública;EE Alexandre Rodrigues Nogueira;4B;4,0;5,0;-1,0;True;Moderada (1);7,604211111133335;Ametista;8,751;8,305555555666666;7,51;7,25;7,0;8,46;5,0;5,0;7,5;8,5;4,0;;;;;;-1;2024;False;1
RA-1564;2024;Aluno-1564;M;15,0;2009,0;2024;0;Pública;EE Alexandre Rodrigues Nogueira;4B;4,0;5,0;-1,0;True;Moderada (1);5,0761468806000005;Quartzo;8,334;4,942067736333334;6,885;5,75;2,1666666666666665;5,2875;5,0;1,0;3,5;2,0;4,0;;;;;;-1;2024;False;1
RA-1565;2024;Aluno-1565;M;16,0;2008,0;2024;0;Pública;EE Alexandre Rodrigues Nogueira;4B;4,0;5,0;-1,0;True;Moderada (1);5,816448179266667;Quartzo;0,0;8,102240896333333;7,51;6,375;5,5;6,0375;5,0;7,0;3,0;6,5;4,0;;;;;;-1;2024;False;1
RA-1566;2024;Aluno-1566;F;17,0;2007,0;2024;0;Pública;EE Alexandre Rodrigues Nogueira;4B;4,0;6,0;-2,0;True;Alta (2);7,759243871133334;Ametista;9,168;9,247219355666669;7,51;7,75;6,5;8,335;5,0;3,0;8,0;8,5;4,0;;;;;;-2;2024;False;1
RA-1567;2024;Aluno-1567;F;16,0;2008,0;2024;0;Pública;EE Alexandre Rodrigues Nogueira;4B;4,0;6,0;-2,0;True;Alta (2);7,913942087533334;Ametista;8,334;8,771043771;7,51;7,75;8,166666666666666;8,335;5,0;5,0;9,5;10,0;4,0;;;;;;-2;2024;False;1
RA-1568;2024;Aluno-1568;F;15,0;2009,0;2024;0;Pública;EE Paschoal Carlos Magno;4B;4,0;5,0;-1,0;True;Moderada (1);7,8003261438;Ametista;9,168;7,493464052333334;7,51;8,0;8,166666666666666;8,5025;5,0;7,5;7,5;9,5;4,0;;;;;;-1;2024;False;1
RA-1569;2024;Aluno-1569;F;17,0;2007,0;2024;0;Pública;EE Alexandre Rodrigues Nogueira;4B;4,0;6,0;-2,0;True;Alta (2);5,7191555556;Quartzo;6,666;7,111111111333334;6,26;6,875;2,1666666666666665;6,9175;5,0;2,0;3,0;1,5;4,0;;;;;;-2;2024;False;1
RA-157;2022;Aluno-157;F;12,0;2010,0;2018;4;Privada - Parceira;;L;4,0;3,0;1,0;False;Adiantado;8,317;Topázio;7,5;10,0;6,3;;7,7;8,292;10,0;7,0;7,5;8,7;4,0;59;6;1;False;False;1;2018;True;3
RA-157;2023;Aluno-157;F;13,0;2010,0;2018;5;Privada - Apadrinhamento;;5M;5,0;3,0;2,0;False;Adiantado;7,879008333;Ametista;7,1;9,9;2,52;8,59375;6,8;8,63;10,0;6,0;6,8;7,5;4,0;;;;;;2;2018;True;3
RA-157;2024;Aluno-157;F;14,0;2010,0;2018;6;Privada - Apadrinhamento;Colégio Arco Íris Evolução;5N;5,0;4,0;1,0;False;Adiantado;8,950566666733334;Topázio;8,334;10,0;6,26;8,125;9,666666666666666;8,726666667;10,0;10,0;9,0;10,0;3,0;;;;;;1;2021;True;3
RA-1570;2024;Aluno-1570;F;16,0;2008,0;2024;0;Pública;EE Alexandre Rodrigues Nogueira;4B;4,0;5,0;-1,0;True;Moderada (1);7,894084175066667;Ametista;9,585;7,542087542;7,51;7,75;8,333333333333334;8,6725;5,0;6,5;9,0;9,5;4,0;;;;;;-1;2024;False;1
RA-1571;2024;Aluno-1571;M;16,0;2008,0;2024;0;Pública;EE Alexandre Rodrigues Nogueira;4B;4,0;5,0;-1,0;True;Moderada (1);7,2484555556;Ametista;8,334;9,111111111333337;5,005;7,5;5,666666666666667;8,545;5,0;5,0;6,0;6,0;4,0;;;;;;-1;2024;False;1
RA-1572;2024;Aluno-1572;F;15,0;2009,0;2024;0;Pública;EE Paschoal Carlos Magno;4C;4,0;5,0;-1,0;True;Moderada (1);8,080345634866667;Topázio;9,168;9,841269841333334;7,51;7,65625;7,5;8,393333333;5,0;7,5;6,5;8,5;3,0;;;;;;-1;2024;False;1
RA-1573;2024;Aluno-1573;M;16,0;2008,0;2024;0;Pública;EE Olivia de Faria Nogueira;4C;4,0;5,0;-1,0;True;Moderada (1);6,743847969266667;Ágata;9,168;6,120448179333334;6,26;7,65625;5,0;8,556666667;5,0;0,0;6,0;9,0;3,0;;;;;;-1;2024;False;1
RA-1574;2024;Aluno-1574;F;16,0;2008,0;2024;0;Pública;EE Paschoal Carlos Magno;4C;4,0;5,0;-1,0;True;Moderada (1);7,777244180000001;Ametista;8,751;8,399470899666667;7,51;7,8125;7,333333333333333;8,616666667;5,0;7,0;6,0;9,0;3,0;;;;;;-1;2024;False;1
RA-1575;2024;Aluno-1575;F;16,0;2008,0;2024;0;Pública;EE Olivia de Faria Nogueira;4C;4,0;5,0;-1,0;True;Moderada (1);7,318459391466667;Ametista;9,168;8,624338624;6,885;7,65625;5,333333333333333;8,28;5,0;0,0;7,5;8,5;3,0;;;;;;-1;2024;False;1
RA-1576;2024;Aluno-1576;F;16,0;2008,0;2024;0;Pública;EE Loris Nassif Mattar Profa;4C;4,0;5,0;-1,0;True;Moderada (1);7,463620238066666;Ametista;8,334;9,523809523666666;5,635;6,40625;6,666666666666667;8,44;5,0;7,5;4,5;8,0;3,0;;;;;;-1;2024;False;1
RA-1577;2024;Aluno-1577;M;16,0;2008,0;2024;0;Pública;EE Mario Francisco de Amorim;4C;4,0;5,0;-1,0;True;Moderada (1);6,305585581933334;Ágata;10,002;4,993386243333333;7,51;7,34375;4,333333333333333;7,273333333;5,0;4,0;7,0;2,0;3,0;;;;;;-1;2024;False;1
RA-1578;2024;Aluno-1578;F;13,0;2010,0;2024;0;Pública;EE Olivia de Faria Nogueira;4F;4,0;3,0;1,0;False;Adiantado;7,880605848;Ametista;8,334;6,761695906666667;7,51;7,5;7,333333333333333;8,636;10,0;6,0;6,0;10,0;5,0;;;;;;1;2024;False;1
RA-1579;2024;Aluno-1579;F;16,0;2008,0;2022;2;Pública;EE Joaquim Mendes Feliz;4F;4,0;6,0;-2,0;True;Alta (2);7,894385710733333;Ametista;8,751;9,090261887;5,635;8,5;7,166666666666667;9,272;5,0;7,5;6,0;8,0;5,0;;;;;;-2;2022;False;1
RA-158;2022;Aluno-158;F;17,0;2005,0;2017;5;Privada - Parceira;;L;4,0;7,0;-3,0;True;Severa (3+);7,302;Ametista;7,9;9,8;5,6;;6,6;8,125;2,5;5,0;6,7;8,1;4,0;392;32;7;False;False;-3;2017;True;3
RA-158;2023;Aluno-158;F;14,0;2009,0;2017;6;Privada - Apadrinhamento;;5M;5,0;4,0;1,0;False;Adiantado;7,297425;Ametista;7,1;9,0;2,52;8,28125;6,0;7,545;10,0;6,0;5,7;6,3;4,0;;;;;;1;2017;True;3
RA-158;2024;Aluno-158;F;15,0;2009,0;2017;7;Privada - Apadrinhamento;Colégio Arco Íris Evolução;5M;5,0;5,0;0,0;False;Adequado;6,855159259266667;Ágata;8,334;7,796296296333334;6,26;6,875;4,0;6,745;10,0;2,5;1,5;8,0;4,0;;;;;;0;2021;True;3
RA-1580;2024;Aluno-1580;M;16,0;2008,0;2024;0;Pública;EE Paschoal Carlos Magno;4F;4,0;5,0;-1,0;True;Moderada (1);7,790523996266667;Ametista;8,751;9,049953314666666;7,51;7,875;6,166666666666667;9,168;5,0;5,0;7,5;6,0;5,0;;;;;;-1;2024;False;1
RA-1581;2024;Aluno-1581;M;16,0;2008,0;2024;0;Pública;EE Olivia de Faria Nogueira;4H;4,0;5,0;-1,0;True;Moderada (1);6,9787022855;Ágata;8,334;7,834844760666667;6,26;7,083333333;6,333333333333333;7,386666667;5,0;7,0;4,5;7,5;3,0;;;;;;-1;2024;False;1
RA-1582;2024;Aluno-1582;M;15,0;2009,0;2024;0;Pública;EE Paschoal Carlos Magno;4H;4,0;5,0;-1,0;True;Moderada (1);6,472788888966667;Ágata;8,334;8,069444444333334;6,255;6,666666667;4,5;6,666666667;5,0;7,0;2,0;4,5;3,0;;;;;;-1;2024;False;1
RA-1583;2024;Aluno-1583;F;15,0;2009,0;2024;0;Pública;EE Mario Francisco de Amorim;4H;4,0;5,0;-1,0;True;Moderada (1);7,8197579711;Ametista;7,917;7,753623188333333;6,26;9,166666667;8,166666666666666;9,006666667;5,0;8,0;6,5;10,0;3,0;;;;;;-1;2024;False;1
RA-1584;2024;Aluno-1584;F;15,0;2009,0;2024;0;Pública;Estuda em outra cidade;4L;4,0;5,0;-1,0;True;Moderada (1);7,429837830666667;Ametista;8,334;9,153439153333332;7,51;7,8125;5,5;8,1675;5,0;6,0;5,5;5,0;4,0;;;;;;-1;2024;False;1
RA-1585;2024;Aluno-1585;F;15,0;2009,0;2024;0;Pública;EE Donizetti Aparecido Leite Professor;4L;4,0;5,0;-1,0;True;Moderada (1);6,730367016866668;Ágata;10,002;6,775210084333334;7,51;7,65625;4,0;7,7925;5,0;5,0;3,0;4,0;4,0;;;;;;-1;2024;False;1
RA-1586;2024;Aluno-1586;F;15,0;2009,0;2024;0;Pública;EE Donizetti Aparecido Leite Professor;4L;4,0;5,0;-1,0;True;Moderada (1);6,555764327466668;Ágata;10,002;6,128654970666666;5,01;6,875;5,666666666666667;7,54;5,0;3,5;5,5;8,0;4,0;;;;;;-1;2024;False;1
RA-1587;2024;Aluno-1587;F;16,0;2008,0;2024;0;Pública;EE Donizetti Aparecido Leite Professor;4L;4,0;6,0;-2,0;True;Alta (2);7,34055;Ametista;9,168;10,0;7,51;7,8125;3,75;8,2075;5,0;7,5;0,0;;4,0;;;;;;-2;2024;False;1
RA-1588;2024;Aluno-1588;F;14,0;2010,0;2024;0;Pública;EE Maria André Schunck Dona;4L;4,0;4,0;0,0;False;Adequado;7,303823728133333;Ametista;7,917;8,640618640666666;7,51;7,5;4,0;7,415;10,0;3,5;4,5;;4,0;;;;;;0;2024;False;1
RA-1589;2024;Aluno-1589;F;15,0;2009,0;2024;0;Pública;EE Donizetti Aparecido Leite Professor;4M;4,0;5,0;-1,0;True;Moderada (1);5,260851851866667;Quartzo;0,0;6,259259259333334;7,51;7,5;2,5;7,54;5,0;3,0;2,0;;4,0;;;;;;-1;2024;False;1
RA-159;2022;Aluno-159;F;15,0;2007,0;2021;1;Pública;;L;4,0;5,0;-1,0;True;Moderada (1);6,49;Ágata;8,3;8,1;5,6;;4,7;6,458;5,0;4,3;5,8;3,9;4,0;644;58;14;False;False;-1;2021;False;2
RA-159;2023;Aluno-159;F;16,0;2007,0;2021;2;Pública;;4N;4,0;6,0;-2,0;True;Alta (2);6,805033333;Ágata;7,9;8,1;2,52;8,125;6,3;7,8775;5,0;5,0;6,0;7,8;4,0;;;;;;-2;2021;False;2
RA-1590;2024;Aluno-1590;F;15,0;2009,0;2024;0;Pública;EE Maria André Schunck Dona;4N;4,0;5,0;-1,0;True;Moderada (1);8,1907875086;Topázio;7,917;8,267770876333332;7,51;10,0;8,666666666666666;8,806;5,0;8,5;8,0;9,5;5,0;;;;;;-1;2024;False;1
RA-1591;2024;Aluno-1591;F;16,0;2007,0;2024;0;Pública;EE Maria André Schunck Dona;4N;4,0;6,0;-2,0;True;Alta (2);6,1707952862;Ágata;7,083;6,430976431;7,51;8,125;3,5;7,064;5,0;3,0;4,5;3,0;5,0;;;;;;-2;2024;False;1
RA-1592;2024;Aluno-1592;F;15,0;2009,0;2024;0;Pública;EE Maria André Schunck Dona;4N;4,0;5,0;-1,0;True;Moderada (1);6,812545479666667;Ágata;7,917;6,854727398333334;7,51;8,125;5,5;7,432;5,0;4,0;7,5;5,0;5,0;;;;;;-1;2024;False;1
RA-1593;2024;Aluno-1593;M;15,0;2008,0;2024;0;Pública;EE Maria André Schunck Dona;4N;4,0;5,0;-1,0;True;Moderada (1);6,638525017333334;Ágata;6,249;4,868875086666667;6,26;9,0625;6,5;8,538;5,0;9,0;6,5;4,0;5,0;;;;;;-1;2024;False;1
RA-1594;2024;Aluno-1594;M;16,0;2008,0;2024;0;Pública;EE Maria André Schunck Dona;4N;4,0;6,0;-2,0;True;Alta (2);5,731267287800001;Quartzo;9,585;6,112836439;6,26;6,25;3,0;5,996;5,0;1,0;4,0;4,0;5,0;;;;;;-2;2024;False;1
RA-1595;2024;Aluno-1595;M;14,0;2010,0;2024;0;Pública;EM Cecilia Cristina de Oliveira Rodrigues;4R;4,0;4,0;0,0;False;Adequado;6,6599304233000005;Ágata;8,334;7,949735449666666;6,26;7,395833333;2,333333333333333;7,021666667;10,0;3,0;0,0;4,0;6,0;;;;;;0;2024;False;1
RA-1596;2024;Aluno-1596;F;17,0;2007,0;2024;0;Pública;EE Donizetti Aparecido Leite Professor;4R;4,0;6,0;-2,0;True;Alta (2);7,261016666766667;Ametista;8,751;10,0;7,51;8,229166667;3,333333333333333;8,226666667;5,0;5,0;0,0;5,0;6,0;;;;;;-2;2024;False;1
RA-1597;2024;Aluno-1597;F;16,0;2008,0;2024;0;Pública;EE Donizetti Aparecido Leite Professor;4R;4,0;5,0;-1,0;True;Moderada (1);6,7187063492;Ágata;7,5;8,412698412666666;7,51;8,125;2,833333333333333;8,28;5,0;2,0;0,0;6,5;6,0;;;;;;-1;2024;False;1
RA-1598;2024;Aluno-1598;F;15,0;2009,0;2024;0;Pública;EE Paschoal Carlos Magno;5B;5,0;5,0;0,0;False;Adequado;8,4656285714;Topázio;9,585;8,857142857;7,51;8,375;7,5;8,236;10,0;7,5;7,5;;5,0;;;;;;0;2024;False;1
RA-1599;2024;Aluno-1599;F;17,0;2006,0;2024;0;Pública;EE Joaquim Mendes Feliz;5B;5,0;7,0;-2,0;True;Alta (2);7,6059333333333345;Ametista;8,334;9,666666666666666;7,51;7,75;6,5;7,566;5,0;7,0;6,0;;5,0;;;;;;-2;2024;False;1
RA-16;2022;Aluno-16;M;19,0;2003,0;2022;0;Pública;;D;7,0;8,0;-1,0;True;Moderada (1);6,112;Ágata;7,9;8,3;5,0;;3,5;6,333;5,0;7,0;0,0;;4,0;706;14;8;False;True;-1;2022;False;1
RA-160;2022;Aluno-160;F;15,0;2007,0;2021;1;Pública;;L;4,0;5,0;-1,0;True;Moderada (1);6,746;Ágata;7,5;7,2;5,6;;5,3;8,25;5,0;2,7;6,0;7,1;4,0;568;52;12;False;True;-1;2021;False;3
RA-160;2023;Aluno-160;F;16,0;2007,0;2021;2;Privada - Apadrinhamento;;5L;5,0;6,0;-1,0;True;Moderada (1);6,598266667;Ágata;8,8;8,3;2,52;8,125;5,0;7,46;5,0;3,3;3,8;8,0;4,0;;;;;;-1;2021;False;3
RA-160;2024;Aluno-160;F;17,0;2007,0;2021;3;Privada - Apadrinhamento;Colégio Arco Íris Evolução;5L;5,0;6,0;-1,0;True;Moderada (1);6,855108333266668;Ágata;8,334;7,416666666666667;6,26;7,34375;5,666666666666667;7,723333333;5,0;3,0;5,5;8,5;3,0;;;;;;-1;2021;False;3
RA-1600;2024;Aluno-1600;F;17,0;2007,0;2024;0;Pública;EE Paschoal Carlos Magno;5B;5,0;7,0;-2,0;True;Alta (2);6,750618518533334;Ágata;8,751;8,425925926;6,26;7,25;5,666666666666667;6,03;5,0;5,0;2,0;10,0;5,0;;;;;;-2;2024;False;1
RA-1601;2024;Aluno-1601;F;17,0;2007,0;2024;0;Pública;EE Leonice de Aquino Oliveira;5C;5,0;6,0;-1,0;True;Moderada (1);7,2431;Ametista;8,751;7,0;7,51;7,5;6,5;8,335;5,0;5,0;5,0;9,5;4,0;;;;;;-1;2024;False;1
RA-1602;2024;Aluno-1602;F;15,0;2009,0;2024;0;Pública;EE Leonice de Aquino Oliveira;5C;5,0;5,0;0,0;False;Adequado;8,041889814800001;Topázio;7,917;8,782407407333332;7,51;7,34375;7,166666666666667;7,875;10,0;9,5;2,0;10,0;4,0;;;;;;0;2024;False;1
RA-1603;2024;Aluno-1603;F;16,0;2008,0;2024;0;Pública;EE Olivia de Faria Nogueira;5C;5,0;6,0;-1,0;True;Moderada (1);7,836518518466668;Ametista;7,5;9,259259258999998;7,51;7,5;8,333333333333334;7,835;5,0;8,5;7,0;9,5;4,0;;;;;;-1;2024;False;1
RA-1604;2024;Aluno-1604;M;16,0;2008,0;2024;0;Pública;EE Maria André Schunck Dona;5C;5,0;6,0;-1,0;True;Moderada (1);8,0118555556;Topázio;9,168;7,777777778;7,51;8,125;8,5;8,88;5,0;10,0;5,5;10,0;4,0;;;;;;-1;2024;False;1
RA-1605;2024;Aluno-1605;M;16,0;2008,0;2024;0;Pública;EE Leonice de Aquino Oliveira;5D;5,0;6,0;-1,0;True;Moderada (1);4,920488888866667;Quartzo;0,0;5,0694444443333335;7,51;7,5;2,5;7,028;5,0;0,0;7,5;0,0;5,0;;;;;;-1;2024;False;1
RA-1606;2024;Aluno-1606;F;17,0;2006,0;2024;0;Pública;EE Paschoal Carlos Magno;5D;5,0;7,0;-2,0;True;Alta (2);5,8216796296;Quartzo;8,334;5,148148148;7,51;7,8125;2,5;7,132;5,0;7,5;0,0;0,0;5,0;;;;;;-2;2024;False;1
RA-1607;2024;Aluno-1607;M;16,0;2008,0;2024;0;Pública;EE Olivia de Faria Nogueira;5D;5,0;6,0;-1,0;True;Moderada (1);4,899894444466667;Quartzo;5,833;6,222222222333333;5,635;6,5625;0,0;6,762;5,0;;0,0;0,0;5,0;;;;;;-1;2024;False;1
RA-1608;2024;Aluno-1608;M;15,0;2009,0;2024;0;Pública;EE Paschoal Carlos Magno;5D;5,0;5,0;0,0;False;Adequado;7,072539814866667;Ametista;8,751;7,199074074333335;7,51;6,40625;5,0;6,83;10,0;8,5;3,5;3,0;5,0;;;;;;0;2024;False;1
RA-1609;2024;Aluno-1609;F;17,0;2007,0;2024;0;Pública;EE Joaquim Mendes Feliz;5F;5,0;7,0;-2,0;True;Alta (2);7,577233333233334;Ametista;8,334;9,666666666666666;7,51;7,708333333;6,0;7,943333333;5,0;6,0;4,0;8,0;3,0;;;;;;-2;2024;False;1
RA-161;2022;Aluno-161;F;11,0;2011,0;2018;4;Privada - Parceira;;L;4,0;2,0;2,0;False;Adiantado;7,957;Ametista;7,9;9,1;5,6;;6,9;8,083;10,0;5,3;6,8;8,5;4,0;153;14;4;False;False;2;2018;True;3
RA-161;2023;Aluno-161;F;14,0;2009,0;2018;5;Privada - Apadrinhamento;;5M;5,0;4,0;1,0;False;Adiantado;6,250166667;Ágata;0,0;7,3;2,52;8,125;5,8;7,795;10,0;7,0;4,5;6,0;4,0;;;;;;1;2018;True;3
RA-161;2024;Aluno-161;F;15,0;2009,0;2018;6;Privada - Apadrinhamento;Colégio Arco Íris Evolução;5L;5,0;5,0;0,0;False;Adequado;7,258445588333334;Ametista;8,751;7,965686274666666;6,26;7,96875;4,0;7,836666667;10,0;5,0;7,0;0,0;3,0;;;;;;0;2021;True;3
RA-1610;2024;Aluno-1610;M;17,0;2007,0;2024;0;Pública;EE Paschoal Carlos Magno;5F;5,0;7,0;-2,0;True;Alta (2);6,702372927566668;Ágata;9,168;7,753697970666667;7,51;7,291666667;5,166666666666667;6,106666667;5,0;4,0;2,0;9,5;3,0;;;;;;-2;2024;False;1
RA-1611;2024;Aluno-1611;M;17,0;2007,0;2024;0;Pública;EE Joaquim Mendes Feliz;5F;5,0;7,0;-2,0;True;Alta (2);6,4589186218000005;Ágata;7,083;8,361426442;7,51;7,5;4,5;5,886666667;5,0;2,0;2,5;9,0;3,0;;;;;;-2;2024;False;1
RA-1612;2024;Aluno-1612;M;18,0;2006,0;2024;0;Pública;EE Joaquim Mendes Feliz;5F;5,0;7,0;-2,0;True;Alta (2);7,014528571366666;Ametista;6,666;8,523809523666666;7,51;7,708333333;6,166666666666667;6,94;5,0;5,0;6,5;7,0;3,0;;;;;;-2;2024;False;1
RA-1613;2024;Aluno-1613;F;17,0;2007,0;2024;0;Pública;EE Leonice de Aquino Oliveira;5G;5,0;7,0;-2,0;True;Alta (2);6,085471428700001;Ágata;8,334;7,1428571430000005;7,51;7,291666667;3,0;6,216666667;5,0;0,0;1,0;8,0;3,0;;;;;;-2;2024;False;1
RA-1614;2024;Aluno-1614;M;16,0;2008,0;2024;0;Pública;EE Donizetti Aparecido Leite Professor;5L;5,0;6,0;-1,0;True;Moderada (1);6,787898989933334;Ágata;7,5;6,574494949666668;7,51;7,5;6,5;7,11;5,0;5,0;5,5;9,0;3,0;;;;;;-1;2024;False;1
RA-1615;2024;Aluno-1615;F;15,0;2008,0;2024;0;Pública;EE Donizetti Aparecido Leite Professor;5M;5,0;5,0;0,0;False;Adequado;8,417533333333333;Topázio;7,917;9,833333333333334;7,51;7,5;8,333333333333334;7,4575;10,0;8,0;7,0;10,0;4,0;;;;;;0;2024;False;1
RA-1616;2024;Aluno-1616;F;17,0;2007,0;2024;0;Pública;Estuda em outra cidade;5M;5,0;6,0;-1,0;True;Moderada (1);7,147738235266668;Ametista;8,334;8,436274509666667;7,51;7,1875;6,166666666666667;7,12;5,0;5,5;6,5;6,5;4,0;;;;;;-1;2024;False;1
RA-1617;2024;Aluno-1617;F;16,0;2008,0;2024;0;Pública;EE Donizetti Aparecido Leite Professor;5M;5,0;6,0;-1,0;True;Moderada (1);4,926285714266666;Quartzo;0,0;5,571428571333333;7,51;6,875;3,25;6,1175;5,0;0,5;6,0;;4,0;;;;;;-1;2024;False;1
RA-1618;2024;Aluno-1618;M;17,0;2007,0;2024;0;Pública;EE Donizetti Aparecido Leite Professor;5M;5,0;6,0;-1,0;True;Moderada (1);7,0487660130666665;Ametista;8,334;7,908496732000001;7,51;7,5;6,333333333333333;6,83;5,0;5,0;7,0;7,0;4,0;;;;;;-1;2024;False;1
RA-1619;2024;Aluno-1619;M;15,0;2009,0;2024;0;Pública;EE Maria André Schunck Dona;5M;5,0;4,0;1,0;False;Adiantado;7,393951851866667;Ametista;7,501;9,259259259333334;7,51;7,5;4,25;7,205;10,0;4,0;4,5;;4,0;;;;;;1;2024;False;1
RA-162;2022;Aluno-162;F;14,0;2008,0;2021;1;Pública;;L;4,0;4,0;0,0;False;Adequado;7,215;Ametista;6,7;8,5;7,5;;5,5;6,542;10,0;4,7;5,5;6,4;4,0;423;34;8;False;False;0;2021;False;1
RA-1620;2024;Aluno-1620;M;16,0;2007,0;2024;0;Pública;EE Maria André Schunck Dona;5N;5,0;6,0;-1,0;True;Moderada (1);6,652766666666667;Ágata;8,751;6,666666666666667;7,51;7,5;5,166666666666667;7,05;5,0;5,5;7,0;3,0;3,0;;;;;;-1;2024;False;1
RA-1621;2024;Aluno-1621;F;17,0;2007,0;2024;0;Pública;EE Leonice de Aquino Oliveira;5N;5,0;6,0;-1,0;True;Moderada (1);8,107033333366667;Topázio;7,917;10,0;6,26;8,333333333;8,333333333333334;8,446666667;5,0;7,5;7,5;10,0;3,0;;;;;;-1;2024;False;1
RA-1622;2024;Aluno-1622;F;16,0;2007,0;2024;0;Pública;EE Maria André Schunck Dona;5N;5,0;6,0;-1,0;True;Moderada (1);8,429066666633334;Topázio;8,334;10,0;7,51;8,333333333;9,666666666666666;7,89;5,0;10,0;9,0;10,0;3,0;;;;;;-1;2024;False;1
RA-1623;2024;Aluno-1623;M;17,0;2007,0;2024;0;Pública;EE Alexandre Rodrigues Nogueira;6A;6,0;6,0;0,0;False;Adequado;7,7609537037333345;Ametista;9,168;8,518518518666667;6,26;7,8125;6,0;7,666;10,0;5,5;2,5;10,0;5,0;;;;;;0;2024;False;1
RA-1624;2024;Aluno-1624;F;18,0;2006,0;2024;0;Concluiu o 3º EM;Concluiu o 3º EM;6A;6,0;7,0;-1,0;True;Moderada (1);7,743213492066667;Ametista;7,917;9,460317460333334;7,51;7,8125;7,5;7,636;5,0;8,0;5,5;9,0;5,0;;;;;;-1;2024;False;1
RA-1625;2024;Aluno-1625;M;17,0;2007,0;2024;0;Pública;EE Joaquim Mendes Feliz;6A;6,0;6,0;0,0;False;Adequado;6,888194089266667;Ágata;7,5;7,112887113;7,51;7,1875;4,333333333333333;6,896;10,0;3,0;2,0;8,0;5,0;;;;;;0;2024;False;1
RA-1626;2024;Aluno-1626;F;16,0;2008,0;2024;0;Pública;EE Paschoal Carlos Magno;6A;6,0;6,0;0,0;False;Adequado;8,541085606066668;Topázio;8,751;9,696969697;7,51;8,28125;7,333333333333333;8,404;10,0;5,5;6,5;10,0;5,0;;;;;;0;2024;False;1
RA-1627;2024;Aluno-1627;F;17,0;2007,0;2024;0;Pública;EE Alexandre Rodrigues Nogueira;6A;6,0;7,0;-1,0;True;Moderada (1);7,481547222200001;Ametista;7,083;7,777777777666667;7,51;7,65625;7,833333333333333;8,172;5,0;6,0;7,5;10,0;5,0;;;;;;-1;2024;False;1
RA-1628;2024;Aluno-1628;F;16,0;2008,0;2024;0;Pública;EE Joaquim Mendes Feliz;6A;6,0;6,0;0,0;False;Adequado;7,500131368600001;Ametista;8,334;8,509823509666667;7,51;6,875;5,833333333333333;6,798;10,0;3,0;5,0;9,5;5,0;;;;;;0;2024;False;1
RA-1629;2024;Aluno-1629;F;17,0;2007,0;2024;0;Pública;EE Paschoal Carlos Magno;6A;6,0;7,0;-1,0;True;Moderada (1);7,560550529133334;Ametista;9,585;8,645502645666667;7,51;7,1875;7,25;7,266;5,0;8,75;3,0;10,0;5,0;;;;;;-1;2024;False;1
RA-163;2022;Aluno-163;F;15,0;2007,0;2021;1;Pública;;L;4,0;5,0;-1,0;True;Moderada (1);6,797;Ágata;8,8;7,9;5,6;;6,7;6,5;5,0;6,5;6,3;7,4;4,0;556;49;10;False;False;-1;2021;False;1
RA-1630;2024;Aluno-1630;M;16,0;2008,0;2024;0;Privada - Apadrinhamento;Colégio Arco Íris Evolução;6L;6,0;6,0;0,0;False;Adequado;8,583133333333334;Topázio;8,334;9,833333333333334;7,51;8,25;7,333333333333333;8,702;10,0;9,0;9,0;4,0;5,0;;;;;;0;2024;False;1
RA-1631;2024;Aluno-1631;M;17,0;2007,0;2024;0;Privada;Rede Decisão - Unidade União;6L;6,0;7,0;-1,0;True;Moderada (1);8,186433333333333;Topázio;9,585;10,0;7,51;8,5;7,166666666666667;8,468;5,0;5,0;6,5;10,0;5,0;;;;;;-1;2024;False;1
RA-1632;2024;Aluno-1632;M;16,0;2008,0;2024;0;Pública;EE Donizetti Aparecido Leite Professor;6L;6,0;6,0;0,0;False;Adequado;8,389333333333335;Topázio;9,168;10,0;7,51;7,75;6,666666666666667;8,066;10,0;9,0;6,0;5,0;5,0;;;;;;0;2024;False;1
RA-1633;2024;Aluno-1633;M;21,0;2003,0;2021;3;Privada;Unicamp;8B;8,0;8,0;0,0;False;Adequado;;;;0,0;;;;;10,0;;;;0,0;;;;;;0;2021;False;1
RA-1634;2024;Aluno-1634;F;21,0;2003,0;2021;3;Privada;Universidade Santo Amaro (UNISA);8B;8,0;8,0;0,0;False;Adequado;;;;0,0;;;;;10,0;;;;0,0;;;;;;0;2021;False;1
RA-1635;2024;Aluno-1635;F;20,0;2004,0;2021;3;Privada;Universidade Santo Amaro (UNISA);8D;8,0;8,0;0,0;False;Adequado;;;;0,0;;;;;10,0;;;;0,0;;;;;;0;2021;False;1
RA-1636;2024;Aluno-1636;F;20,0;2004,0;2021;3;Privada;Colégio Albert Einstein;8E;8,0;8,0;0,0;False;Adequado;;;;0,0;;;;;10,0;;;;0,0;;;;;;0;2021;False;1
RA-1637;2024;Aluno-1637;M;23,0;2001,0;2021;3;Privada;Faculdade (FIAP);9;9,0;8,0;1,0;False;Adiantado;;;;0,0;;;;;10,0;;;;0,0;;;;;;1;2021;False;1
RA-1638;2024;Aluno-1638;F;22,0;2002,0;2021;3;Bolsista Universitário *Formado (a);Bolsista Universitário *Formado (a);9;9,0;8,0;1,0;False;Adiantado;;;;0,0;;;;;10,0;;;;0,0;;;;;;1;2021;False;1
RA-1639;2024;Aluno-1639;M;21,0;2003,0;2021;3;Bolsista Universitário *Formado (a);Bolsista Universitário *Formado (a);9;9,0;8,0;1,0;False;Adiantado;;;;0,0;;;;;10,0;;;;0,0;;;;;;1;2021;False;1
RA-164;2022;Aluno-164;M;16,0;2006,0;2018;4;Pública;;L;4,0;6,0;-2,0;True;Alta (2);6,776;Ágata;8,3;7,3;5,6;;6,5;7,208;5,0;4,7;6,5;8,3;4,0;562;50;11;False;True;-2;2018;True;3
RA-164;2023;Aluno-164;M;16,0;2006,0;2018;5;Privada;;5M;5,0;6,0;-1,0;True;Moderada (1);5,638666667;Quartzo;0,0;8,2;2,52;6,875;5,8;6,9625;5,0;6,0;4,2;7,3;4,0;;;;;;-1;2018;True;3
RA-164;2024;Aluno-164;M;17,0;2006,0;2018;6;Privada;Colégio Nogueira e Sonho de Criança;5L;5,0;7,0;-2,0;True;Alta (2);6,837125731066667;Ágata;9,585;8,084795321666666;6,26;6,25;5,666666666666667;6,886666667;5,0;6,0;2,0;9,0;3,0;;;;;;-2;2021;True;3
RA-1640;2024;Aluno-1640;F;23,0;2001,0;2021;3;Privada;Universidade Estácio de Sá;9;9,0;8,0;1,0;False;Adiantado;;;;0,0;;;;;10,0;;;;0,0;;;;;;1;2021;False;1
RA-1641;2024;Aluno-1641;M;21,0;2002,0;2021;3;Privada;Universidade Santo Amaro (UNISA);9;9,0;8,0;1,0;False;Adiantado;;;;0,0;;;;;10,0;;;;0,0;;;;;;1;2021;False;1
RA-1642;2024;Aluno-1642;M;23,0;2001,0;2021;3;Bolsista Universitário *Formado (a);Bolsista Universitário *Formado (a);9;9,0;8,0;1,0;False;Adiantado;;;;0,0;;;;;10,0;;;;0,0;;;;;;1;2021;False;1
RA-1643;2024;Aluno-1643;M;22,0;2002,0;2021;3;Privada;Faculdade (FIAP);9;9,0;8,0;1,0;False;Adiantado;;;;0,0;;;;;10,0;;;;0,0;;;;;;1;2021;False;1
RA-1644;2024;Aluno-1644;M;21,0;2003,0;2021;3;Bolsista Universitário *Formado (a);Bolsista Universitário *Formado (a);9;9,0;8,0;1,0;False;Adiantado;;;;0,0;;;;;10,0;;;;0,0;;;;;;1;2021;False;1
RA-1645;2024;Aluno-1645;M;23,0;2001,0;2021;3;Privada;Faculdade (FIAP);9;9,0;8,0;1,0;False;Adiantado;;;;0,0;;;;;10,0;;;;0,0;;;;;;1;2021;False;1
RA-1646;2024;Aluno-1646;M;21,0;2003,0;2021;3;Bolsista Universitário *Formado (a);Bolsista Universitário *Formado (a);9;9,0;8,0;1,0;False;Adiantado;;;;0,0;;;;;10,0;;;;0,0;;;;;;1;2021;False;1
RA-1647;2024;Aluno-1647;F;22,0;2002,0;2021;3;Privada;Universidade Santo Amaro (UNISA);9;9,0;8,0;1,0;False;Adiantado;;;;0,0;;;;;10,0;;;;0,0;;;;;;1;2021;False;1
RA-1648;2024;Aluno-1648;M;22,0;2002,0;2021;3;Bolsista Universitário *Formado (a);Bolsista Universitário *Formado (a);9;9,0;8,0;1,0;False;Adiantado;;;;0,0;;;;;10,0;;;;0,0;;;;;;1;2021;False;1
RA-1649;2024;Aluno-1649;M;23,0;2001,0;2021;3;Privada;Faculdade (FIAP);9;9,0;8,0;1,0;False;Adiantado;;;;0,0;;;;;10,0;;;;0,0;;;;;;1;2021;False;1
RA-165;2022;Aluno-165;F;14,0;2008,0;2017;5;Privada - Parceira;;L;4,0;4,0;0,0;False;Adequado;8,063;Topázio;7,1;9,8;5,6;;7,6;7,5;10,0;5,3;7,8;9,7;4,0;128;12;3;False;False;0;2017;True;3
RA-165;2023;Aluno-165;F;15,0;2008,0;2017;6;Privada - Apadrinhamento;;5M;5,0;5,0;0,0;False;Adequado;7,583433333;Ametista;6,7;9,2;2,52;8,125;7,3;7,795;10,0;7,3;6,2;8,3;4,0;;;;;;0;2017;True;3
RA-165;2024;Aluno-165;F;16,0;2008,0;2017;7;Privada - Apadrinhamento;Colégio Arco Íris Evolução;5L;5,0;5,0;0,0;False;Adequado;8,4627502436;Topázio;7,5;9,431042884999998;7,51;7,96875;8,5;7,893333333;10,0;10,0;7,5;8,0;3,0;;;;;;0;2021;True;3
RA-1650;2024;Aluno-1650;M;22,0;2002,0;2021;3;Privada;Faculdade (FIAP);9;9,0;8,0;1,0;False;Adiantado;;;;0,0;;;;;10,0;;;;0,0;;;;;;1;2021;False;1
RA-1651;2024;Aluno-1651;M;22,0;2002,0;2021;3;Bolsista Universitário *Formado (a);Bolsista Universitário *Formado (a);9;9,0;8,0;1,0;False;Adiantado;;;;0,0;;;;;10,0;;;;0,0;;;;;;1;2021;False;1
RA-1652;2024;Aluno-1652;F;22,0;2002,0;2021;3;Privada;Faculdade (FIAP);9;9,0;8,0;1,0;False;Adiantado;;;;0,0;;;;;10,0;;;;0,0;;;;;;1;2021;False;1
RA-1653;2024;Aluno-1653;M;20,0;2003,0;2021;3;Bolsista Universitário *Formado (a);Bolsista Universitário *Formado (a);9;9,0;8,0;1,0;False;Adiantado;;;;0,0;;;;;10,0;;;;0,0;;;;;;1;2021;False;1
RA-1654;2024;Aluno-1654;M;22,0;2002,0;2021;3;Bolsista Universitário *Formado (a);Bolsista Universitário *Formado (a);9;9,0;8,0;1,0;False;Adiantado;;;;0,0;;;;;10,0;;;;0,0;;;;;;1;2021;False;1
RA-1655;2024;Aluno-1655;F;21,0;2003,0;2022;2;Privada;Faculdade (FIAP);9;9,0;8,0;1,0;False;Adiantado;;;;0,0;;;;;10,0;;;;0,0;;;;;;1;2022;False;1
RA-1656;2024;Aluno-1656;M;22,0;2002,0;2021;3;Privada;Bolsista Universitário *Formado (a);9;9,0;8,0;1,0;False;Adiantado;;;;0,0;;;;;10,0;;;;0,0;;;;;;1;2021;False;1
RA-1657;2024;Aluno-1657;M;20,0;2003,0;2021;3;Bolsista Universitário *Formado (a);Bolsista Universitário *Formado (a);9;9,0;8,0;1,0;False;Adiantado;;;;0,0;;;;;10,0;;;;0,0;;;;;;1;2021;False;1
RA-1658;2024;Aluno-1658;M;21,0;2002,0;2021;3;Privada;Faculdade (FIAP);9;9,0;8,0;1,0;False;Adiantado;;;;0,0;;;;;10,0;;;;0,0;;;;;;1;2021;False;1
RA-1659;2024;Aluno-1659;M;21,0;2003,0;2021;3;Bolsista Universitário *Formado (a);Bolsista Universitário *Formado (a);9;9,0;8,0;1,0;False;Adiantado;;;;0,0;;;;;10,0;;;;0,0;;;;;;1;2021;False;1
RA-166;2022;Aluno-166;M;14,0;2008,0;2020;2;Pública;;L;4,0;4,0;0,0;False;Adequado;8,253;Topázio;9,2;9,0;6,3;;8,1;7,542;10,0;7,0;7,2;10,0;4,0;73;8;2;False;True;0;2020;True;3
RA-166;2023;Aluno-166;M;15,0;2008,0;2020;3;Privada - Apadrinhamento;;5L;5,0;5,0;0,0;False;Adequado;8,105583333;Topázio;7,5;8,9;6,26;8,4375;8,1;7,4625;10,0;7,0;7,2;10,0;4,0;;;;;;0;2020;True;3
RA-166;2024;Aluno-166;M;16,0;2008,0;2020;4;Privada - Bolsa 100%;FIAP School - SP;7E;7,0;6,0;1,0;False;Adiantado;8,243183333333334;Topázio;8,334;9,246;6,5725;7,5;8,266666666666667;7,5;10,0;8,2;7,8;8,8;0,0;;;;;;1;2021;True;3
RA-1660;2024;Aluno-1660;F;24,0;2000,0;2021;3;Bolsista Universitário *Formado (a);Bolsista Universitário *Formado (a);9;9,0;8,0;1,0;False;Adiantado;;;;0,0;;;;;10,0;;;;0,0;;;;;;1;2021;False;1
RA-1661;2024;Aluno-1661;F;21,0;2003,0;2021;3;Bolsista Universitário *Formado (a);Bolsista Universitário *Formado (a);9;9,0;8,0;1,0;False;Adiantado;;;;0,0;;;;;10,0;;;;0,0;;;;;;1;2021;False;1
RA-167;2022;Aluno-167;F;16,0;2006,0;2018;4;Privada - Parceira;;P;4,0;6,0;-2,0;True;Alta (2);7,798;Ametista;9,2;9,7;5,6;;7,9;7,833;5,0;9,3;8,0;6,3;4,0;200;19;3;False;False;-2;2018;True;3
RA-167;2023;Aluno-167;F;17,0;2006,0;2018;5;Privada - Apadrinhamento;;5L;5,0;7,0;-2,0;True;Alta (2);7,806141667;Ametista;8,8;9,9;5,0;7,96875;7,9;7,8375;5,0;8,3;7,2;8,3;4,0;;;;;;-2;2018;True;3
RA-167;2024;Aluno-167;F;18,0;2006,0;2018;6;Privada - Apadrinhamento;Colégio Arco Íris Evolução;6L;6,0;7,0;-1,0;True;Moderada (1);8,033470175466666;Topázio;8,751;9,473684210666669;6,26;8,375;8,166666666666666;8,334;5,0;8,0;6,5;10,0;5,0;;;;;;-1;2021;True;3
RA-168;2022;Aluno-168;F;15,0;2007,0;2018;4;Privada - Parceira;;P;4,0;5,0;-1,0;True;Moderada (1);6,917;Ágata;7,9;8,3;6,3;;5,9;7,083;5,0;4,7;8,2;5,0;4,0;522;44;5;False;False;-1;2018;False;2
RA-168;2023;Aluno-168;F;15,0;2007,0;2018;5;Privada - Apadrinhamento;;5L;5,0;5,0;0,0;False;Adequado;6,483083333;Ágata;0,0;9,6;6,89;6,5625;4,7;6,4225;10,0;4,3;3,0;6,7;4,0;;;;;;0;2018;False;2
RA-169;2022;Aluno-169;F;15,0;2007,0;2018;4;Pública;;P;4,0;5,0;-1,0;True;Moderada (1);5,159;Quartzo;7,5;5,1;6,3;;3,2;4,792;5,0;1,3;4,5;3,8;4,0;814;73;9;False;False;-1;2018;False;1
RA-17;2022;Aluno-17;M;20,0;2002,0;2022;0;Pública;;D;7,0;8,0;-1,0;True;Moderada (1);8,068;Topázio;8,8;10,0;7,5;;7,8;8,292;5,0;9,0;6,5;;4,0;125;2;1;False;True;-1;2022;False;3
RA-17;2023;Aluno-17;M;21,0;2002,0;2022;1;Privada - Empresa parceira;;8E;8,0;8,0;0,0;False;Adequado;;;;;;;;;10,0;;;;;;;;;;0;2022;False;3
RA-17;2024;Aluno-17;M;22,0;2002,0;2022;2;Privada - Empresa parceira;Faculdade FIAP;8E;8,0;8,0;0,0;False;Adequado;;;;0,0;;;;;10,0;;;;0,0;;;;;;0;2022;False;3
RA-170;2022;Aluno-170;F;14,0;2008,0;2018;4;Privada - Parceira;;P;4,0;4,0;0,0;False;Adequado;7,007;Ágata;8,3;9,2;5,6;;4,9;5,792;10,0;3,7;6,7;4,3;4,0;484;40;4;False;False;0;2018;True;3
RA-170;2023;Aluno-170;F;15,0;2008,0;2018;5;Privada - Apadrinhamento;;3P;3,0;5,0;-2,0;True;Alta (2);7,062433333;Ametista;8,8;8,9;2,52;6,875;7,2;7,6725;5,0;6,3;8,7;6,5;4,0;;;;;;-2;2018;True;3
RA-170;2024;Aluno-170;F;16,0;2008,0;2018;6;Privada - Apadrinhamento;Colégio Arco Íris Evolução;4R;4,0;5,0;-1,0;True;Moderada (1);7,646383333300001;Ametista;9,168;8,5;5,635;7,604166667;8,0;8,028333333;5,0;10,0;6,5;7,5;6,0;;;;;;-1;2021;True;3
RA-171;2022;Aluno-171;M;16,0;2006,0;2022;0;Pública;;P;4,0;6,0;-2,0;True;Alta (2);6,581;Ágata;7,5;6,8;7,5;;5,5;6,875;5,0;3,0;8,0;;4,0;632;57;7;False;False;-2;2022;False;3
RA-171;2023;Aluno-171;M;17,0;2006,0;2022;1;Pública;;5L;5,0;7,0;-2,0;True;Alta (2);6,293083333;Ágata;7,5;7,2;5,0;7,1875;5,2;6,755;5,0;4,5;4,8;6,2;4,0;;;;;;-2;2022;False;3
RA-171;2024;Aluno-171;M;18,0;2006,0;2022;2;Pública;EE Donizetti Aparecido Leite Professor;6L;6,0;7,0;-1,0;True;Moderada (1);7,328933333333333;Ametista;7,5;7,833333333333333;5,635;7,625;8,333333333333334;7,598;5,0;7,0;8,0;10,0;5,0;;;;;;-1;2022;False;3
RA-172;2022;Aluno-172;F;14,0;2008,0;2018;4;Privada - Parceira;;P;4,0;4,0;0,0;False;Adequado;8,673;Topázio;9,2;8,9;9,4;;7,3;8,917;10,0;6,0;7,7;8,1;4,0;18;1;1;True;False;0;2018;True;3
RA-172;2023;Aluno-172;F;15,0;2008,0;2018;5;Privada - Apadrinhamento;;7E;7,0;5,0;2,0;False;Adiantado;;;0,0;;3,77;;;;10,0;;;;;;;;;;2;2018;True;3
RA-172;2024;Aluno-172;F;16,0;2008,0;2018;6;Privada - Apadrinhamento;Colégio Albert Einstein - SP;7E;7,0;6,0;1,0;False;Adiantado;8,128766666666667;Topázio;8,751;9,8;6,57;7,5;6,933333333333334;7,5;10,0;6,7;7,7;6,4;0,0;;;;;;1;2021;True;3
RA-173;2022;Aluno-173;M;17,0;2005,0;2019;3;Privada - Parceira;;P;4,0;7,0;-3,0;True;Severa (3+);7,816;Ametista;8,3;9,2;6,9;;7,9;9,25;2,5;9,0;7,5;7,1;4,0;198;18;2;True;False;-3;2019;True;3
RA-173;2023;Aluno-173;M;17,0;2005,0;2019;4;Privada - Apadrinhamento;;5L;5,0;7,0;-2,0;True;Alta (2);7,757466667;Ametista;9,2;8,5;6,26;8,125;8,1;7,8775;5,0;9,0;6,2;9,2;4,0;;;;;;-2;2019;True;3
RA-173;2024;Aluno-173;M;18,0;2005,0;2019;5;Privada - Bolsa 100%;Faculdade FIAP;8F;8,0;8,0;0,0;False;Adequado;;;;0,0;;;;;10,0;;;;0,0;;;;;;0;2021;True;3
RA-174;2022;Aluno-174;F;15,0;2007,0;2019;3;Pública;;P;4,0;5,0;-1,0;True;Moderada (1);6,075;Ágata;7,9;6,2;7,5;;4,4;6,042;5,0;4,0;5,3;3,8;4,0;713;64;8;False;False;-1;2019;False;2
RA-174;2023;Aluno-174;F;16,0;2007,0;2019;4;Pública;;4L;4,0;6,0;-2,0;True;Alta (2);6,1242;Ágata;7,9;5,6;5,0;7,5;5,1;7,2125;5,0;3,7;7,3;4,3;4,0;;;;;;-2;2019;False;2
RA-175;2022;Aluno-175;F;15,0;2007,0;2018;4;Privada - Parceira;;P;4,0;5,0;-1,0;True;Moderada (1);6,75;Ágata;8,3;9,2;5,6;;5,9;5,833;5,0;4,7;7,2;5,9;4,0;567;51;6;False;False;-1;2018;True;3
RA-175;2023;Aluno-175;F;16,0;2007,0;2018;5;Privada - Apadrinhamento;;5L;5,0;6,0;-1,0;True;Moderada (1);6,569516667;Ágata;8,8;9,2;2,52;7,1875;4,8;7,085;5,0;5,0;5,0;4,5;4,0;;;;;;-1;2018;True;3
RA-175;2024;Aluno-175;F;17,0;2007,0;2018;6;Privada - Apadrinhamento;Colégio Arco Íris Evolução;6L;6,0;7,0;-1,0;True;Moderada (1);8,024136842133334;Topázio;10,002;9,473684210666669;6,26;7,5;8,5;7,766;5,0;9,5;6,5;9,5;5,0;;;;;;-1;2021;True;3
RA-176;2022;Aluno-176;F;13,0;2009,0;2018;4;Privada - Parceira;;A;3,0;3,0;0,0;False;Adequado;8,427;Topázio;9,6;9,1;5,6;;6,9;9,083;10,0;5,1;6,8;8,7;4,0;44;12;4;True;False;0;2018;True;3
RA-176;2023;Aluno-176;F;14,0;2009,0;2018;5;Privada - Apadrinhamento;;4A;4,0;4,0;0,0;False;Adequado;8,316833333;Topázio;9,6;9,5;2,52;8,125;8,0;9,0025;10,0;7,3;7,3;9,3;4,0;;;;;;0;2018;True;3
RA-176;2024;Aluno-176;F;15,0;2009,0;2018;6;Privada - Apadrinhamento;Colégio Arco Íris Evolução;5C;5,0;4,0;1,0;False;Adiantado;8,828632575733334;Topázio;9,585;9,545454545333332;6,26;8,59375;8,833333333333334;8,545;10,0;9,0;8,0;9,5;4,0;;;;;;1;2021;True;3
RA-177;2022;Aluno-177;F;13,0;2009,0;2022;0;Pública;;A;3,0;3,0;0,0;False;Adequado;7,424;Ametista;7,9;8,8;4,4;;6,8;6,958;10,0;6,0;7,5;;4,0;347;40;9;False;False;0;2022;False;1
RA-178;2022;Aluno-178;F;13,0;2009,0;2016;6;Privada - Parceira;;A;3,0;3,0;0,0;False;Adequado;7,025;Ágata;0,0;8,8;4,4;;6,3;8,458;10,0;6,2;5,3;7,3;4,0;481;61;13;True;False;0;2016;True;3
RA-178;2023;Aluno-178;F;14,0;2009,0;2016;7;Privada - Apadrinhamento;;4A;4,0;4,0;0,0;False;Adequado;7,406658333;Ametista;7,9;8,7;2,52;7,65625;5,9;8,42;10,0;6,3;5,8;5,5;4,0;;;;;;0;2016;True;3
RA-178;2024;Aluno-178;F;16,0;2008,0;2016;8;Privada - Apadrinhamento;Colégio Arco Íris Evolução;5A;5,0;5,0;0,0;False;Adequado;7,234168831200001;Ametista;9,585;8,739177489333334;6,26;7,625;4,166666666666667;6,53;10,0;2,5;2,5;7,5;5,0;;;;;;0;2021;True;3
RA-179;2022;Aluno-179;M;12,0;2010,0;2022;0;Pública;;A;3,0;3,0;0,0;False;Adequado;7,993;Ametista;7,5;9,2;7,5;;6,1;8,042;10,0;3,7;6,7;8,0;4,0;145;22;5;False;True;0;2022;False;3
RA-179;2023;Aluno-179;M;12,0;2010,0;2022;1;Pública;;3A;3,0;3,0;0,0;False;Adequado;8,437641667;Topázio;8,8;9,4;7,52;8,59375;6,4;8,9225;10,0;8,7;6,3;4,3;4,0;;;;;;0;2022;False;3
RA-179;2024;Aluno-179;M;13,0;2010,0;2022;2;Privada;Recanto Betânia Centro Educacional;4A;4,0;3,0;1,0;False;Adiantado;8,932712280733334;Topázio;9,168;9,407894737;9,38;8,75;8,166666666666666;8,44;10,0;7,0;8,0;9,5;5,0;;;;;;1;2022;False;3
RA-18;2022;Aluno-18;M;19,0;2003,0;2022;0;Pública;;D;7,0;8,0;-1,0;True;Moderada (1);7,226;Ametista;6,3;8,7;6,3;;9,0;6,875;5,0;9,0;9,0;;4,0;418;7;5;False;True;-1;2022;False;1
RA-180;2022;Aluno-180;M;12,0;2010,0;2018;4;Privada - Parceira;;A;3,0;3,0;0,0;False;Adequado;8,442;Topázio;9,2;8,3;6,3;;8,1;8,625;10,0;7,7;8,3;8,3;4,0;42;11;3;True;False;0;2018;True;3
RA-180;2023;Aluno-180;M;13,0;2010,0;2018;5;Privada - Apadrinhamento;;4A;4,0;3,0;1,0;False;Adiantado;8,283216667;Topázio;9,2;9,4;2,52;8,4375;8,0;8,92;10,0;8,3;7,3;8,5;4,0;;;;;;1;2018;True;3
RA-180;2024;Aluno-180;M;14,0;2010,0;2018;6;Privada - Apadrinhamento;Colégio Arco Íris Evolução;5A;5,0;3,0;2,0;False;Adiantado;8,801463636333335;Topázio;9,168;9,431818181666666;7,51;8,125;8,5;8,674;10,0;9,0;8,5;8,0;5,0;;;;;;2;2021;True;3
RA-181;2022;Aluno-181;F;13,0;2009,0;2019;3;Privada - Parceira;;A;3,0;3,0;0,0;False;Adequado;8,623;Topázio;9,2;9,5;8,8;;6,8;8,458;10,0;6,8;7,3;6,2;4,0;25;6;2;True;False;0;2019;True;3
RA-181;2023;Aluno-181;F;14,0;2009,0;2019;4;Privada - Apadrinhamento;;4A;4,0;4,0;0,0;False;Adequado;7,671208333;Ametista;9,6;8,3;2,52;7,96875;6,8;8,2525;10,0;8,3;6,5;5,5;4,0;;;;;;0;2019;True;3
RA-181;2024;Aluno-181;F;15,0;2009,0;2019;5;Privada - Apadrinhamento;Colégio Arco Íris Evolução;5A;5,0;5,0;0,0;False;Adequado;7,439841414133334;Ametista;7,5;8,737373737333334;6,26;7,625;4,333333333333333;8,436;10,0;0,0;7,5;5,5;5,0;;;;;;0;2021;True;3
RA-182;2022;Aluno-182;F;16,0;2006,0;2021;1;Pública;;A;3,0;6,0;-3,0;True;Severa (3+);6,328;Ágata;7,5;8,0;7,5;;4,1;6,958;2,5;1,3;5,7;5,4;4,0;677;93;15;False;False;-3;2021;False;1
RA-183;2022;Aluno-183;F;13,0;2009,0;2022;0;Pública;;A;3,0;3,0;0,0;False;Adequado;7,3;Ametista;8,3;8,8;7,5;;3,8;7,25;10,0;0,0;7,5;;4,0;394;46;11;False;False;0;2022;False;3
RA-183;2023;Aluno-183;F;14,0;2009,0;2022;1;Pública;;3D;3,0;4,0;-1,0;True;Moderada (1);7,586241667;Ametista;7,9;9,7;2,52;7,96875;7,7;8,795;5,0;7,0;8,0;8,2;4,0;;;;;;-1;2022;False;3
RA-183;2024;Aluno-183;F;15,0;2009,0;2022;2;Pública;EE Mario Francisco de Amorim;4A;4,0;4,0;0,0;False;Adequado;8,266902371533334;Topázio;7,917;9,249011857666666;6,26;8,25;7,5;8,372;10,0;5,0;7,5;10,0;5,0;;;;;;0;2022;False;3
RA-184;2022;Aluno-184;M;16,0;2006,0;2019;3;Pública;;A;3,0;6,0;-3,0;True;Severa (3+);7,28;Ametista;8,8;7,7;7,5;;7,2;8,0;2,5;5,0;7,3;9,3;4,0;403;47;12;False;True;-3;2019;True;3
RA-184;2023;Aluno-184;M;13,0;2010,0;2019;4;Pública;;4B;4,0;3,0;1,0;False;Adiantado;8,430241667;Topázio;7,9;9,5;7,52;8,59375;7,1;8,5025;10,0;7,3;6,3;7,8;4,0;;;;;;1;2019;True;3
RA-184;2024;Aluno-184;M;14,0;2010,0;2019;5;Privada - Apadrinhamento;Colégio Arco Íris Evolução;5D;5,0;4,0;1,0;False;Adiantado;8,471456704266666;Topázio;8,751;8,696741854666667;6,26;7,96875;8,166666666666666;9,004;10,0;9,5;5,0;10,0;5,0;;;;;;1;2021;True;3
RA-185;2022;Aluno-185;M;15,0;2007,0;2021;1;Pública;;A;3,0;5,0;-2,0;True;Alta (2);6,615;Ágata;7,9;7,7;7,5;;4,5;6,875;5,0;3,3;5,7;4,5;4,0;621;81;14;False;False;-2;2021;False;1
RA-186;2022;Aluno-186;F;13,0;2009,0;2019;3;Pública;;A;3,0;3,0;0,0;False;Adequado;7,832;Ametista;8,3;8,5;7,5;;6,6;7,5;10,0;6,0;5,7;8,0;4,0;192;29;7;False;True;0;2019;True;3
RA-186;2023;Aluno-186;F;14,0;2009,0;2019;4;Privada;;4A;4,0;4,0;0,0;False;Adequado;7,817541667;Ametista;7,5;9,7;2,52;7,96875;6,9;8,46;10,0;6,8;7,0;7,0;4,0;;;;;;0;2019;True;3
RA-186;2024;Aluno-186;F;15,0;2009,0;2019;5;Privada;Colégio Nogueira e Sonho de Criança;5B;5,0;4,0;1,0;False;Adiantado;8,325963636333334;Topázio;7,917;9,640151515;6,26;8,125;7,166666666666667;8,672;10,0;6,0;7,0;8,5;5,0;;;;;;1;2021;True;3
RA-187;2022;Aluno-187;F;12,0;2010,0;2019;3;Privada - Parceira;;A;3,0;3,0;0,0;False;Adequado;7,928;Ametista;8,8;8,9;7,5;;5,8;7,917;10,0;5,3;7,2;4,8;4,0;161;25;6;False;False;0;2019;True;3
RA-187;2023;Aluno-187;F;13,0;2010,0;2019;4;Privada - Apadrinhamento;;3D;3,0;3,0;0,0;False;Adequado;7,809875;Ametista;7,5;9,9;2,52;7,96875;6,9;8,255;10,0;7,3;8,7;4,7;4,0;;;;;;0;2019;True;3
RA-187;2024;Aluno-187;F;14,0;2010,0;2019;5;Privada - Apadrinhamento;Colégio Arco Íris Evolução;4C;4,0;4,0;0,0;False;Adequado;8,568424074066666;Topázio;8,751;9,537037037;5,635;8,4375;7,833333333333333;9,06;10,0;7,5;7,0;9,0;3,0;;;;;;0;2021;True;3
RA-188;2022;Aluno-188;M;14,0;2008,0;2021;1;Pública;;A;3,0;4,0;-1,0;True;Moderada (1);5,307;Quartzo;0,0;6,1;7,5;;2,7;7,583;5,0;3,0;3,2;2,0;4,0;803;122;16;False;True;-1;2021;False;1
RA-189;2022;Aluno-189;M;14,0;2008,0;2018;4;Privada - Parceira;;A;3,0;4,0;-1,0;True;Moderada (1);7,629;Ametista;10,0;9,7;5,0;;7,2;7,333;5,0;6,3;7,2;8,0;4,0;261;33;8;False;False;-1;2018;True;3
RA-189;2023;Aluno-189;M;14,0;2008,0;2018;5;Privada - Apadrinhamento;;4A;4,0;4,0;0,0;False;Adequado;7,727325;Ametista;7,9;9,4;2,52;8,28125;6,5;8,3775;10,0;6,3;6,5;6,7;4,0;;;;;;0;2018;True;3
RA-189;2024;Aluno-189;M;15,0;2008,0;2018;6;Privada - Apadrinhamento;Colégio Arco Íris Evolução;5A;5,0;5,0;0,0;False;Adequado;8,586533333333334;Topázio;10,002;10,0;6,255;6,875;8,166666666666666;8,2;10,0;7,0;7,5;10,0;5,0;;;;;;0;2021;True;3
RA-19;2022;Aluno-19;F;19,0;2003,0;2022;0;Pública;;D;7,0;8,0;-1,0;True;Moderada (1);7,665;Ametista;7,9;9,5;7,5;;8,0;7,0;5,0;7,0;9,0;;4,0;248;4;3;False;True;-1;2022;False;3
RA-19;2023;Aluno-19;F;19,0;2003,0;2022;1;Nenhuma;;7A;7,0;8,0;-1,0;True;Moderada (1);7,710866667;Ametista;7,9;9,4;5,63;7,75;7,8;8,1725;5,0;7,7;7,0;8,8;4,0;;;;;;-1;2022;False;3
RA-19;2024;Aluno-19;F;20,0;2003,0;2022;2;Privada - Bolsa 100%;Universidade Santo Amaro (UNISA);8F;8,0;8,0;0,0;False;Adequado;;;;0,0;;;;;10,0;;;;0,0;;;;;;0;2022;False;3
RA-190;2022;Aluno-190;F;13,0;2009,0;2022;0;Pública;;A;3,0;3,0;0,0;False;Adequado;7,335;Ametista;6,7;6,9;8,8;;6,3;7,25;10,0;5,0;7,5;;4,0;380;44;10;False;False;0;2022;False;2
RA-190;2023;Aluno-190;F;14,0;2009,0;2022;1;Pública;;3D;3,0;4,0;-1,0;True;Moderada (1);6,934158333;Ágata;7,9;9,5;2,52;7,65625;5,7;7,9575;5,0;5,8;5,2;6,0;4,0;;;;;;-1;2022;False;2
RA-191;2022;Aluno-191;M;13,0;2009,0;2019;3;Privada - Parceira;;A;3,0;3,0;0,0;False;Adequado;8,74;Topázio;10,0;9,4;8,8;;7,2;8,5;10,0;8,0;7,2;6,3;4,0;13;2;1;True;False;0;2019;True;3
RA-191;2023;Aluno-191;M;14,0;2009,0;2019;4;Privada - Apadrinhamento;;4A;4,0;4,0;0,0;False;Adequado;7,263666667;Ametista;0,0;9,7;2,52;8,125;7,8;8,4625;10,0;8,7;7,0;7,8;4,0;;;;;;0;2019;True;3
RA-191;2024;Aluno-191;M;15,0;2009,0;2019;5;Privada - Bolsa 100%;FIAP School - SP;7E;7,0;5,0;2,0;False;Adiantado;7,7887;Ametista;7,5;9,571;5,945;7,5;6,4;7,5;10,0;6,0;6,9;6,3;0,0;;;;;;2;2021;True;3
RA-192;2022;Aluno-192;M;15,0;2007,0;2021;1;Pública;;B;3,0;5,0;-2,0;True;Alta (2);4,932;Quartzo;8,8;3,6;7,5;;2,7;4,708;5,0;1,7;4,7;1,7;4,0;829;130;14;False;False;-2;2021;False;3
RA-192;2023;Aluno-192;M;16,0;2007,0;2021;2;Privada;;4B;4,0;6,0;-2,0;True;Alta (2);6,616016667;Ágata;8,8;6,2;5,0;7,1875;6,5;7,3775;5,0;6,0;5,8;7,8;4,0;;;;;;-2;2021;False;3
RA-192;2024;Aluno-192;M;17,0;2007,0;2021;3;Privada;Rede Decisão - Unidade União;5B;5,0;7,0;-2,0;True;Alta (2);6,882960606066668;Ágata;8,334;6,363636363666667;7,51;7,125;7,166666666666667;6,9;5,0;4,0;7,5;10,0;5,0;;;;;;-2;2021;False;3
RA-193;2022;Aluno-193;M;12,0;2010,0;2016;6;Privada - Parceira;;B;3,0;3,0;0,0;False;Adequado;8,155;Topázio;9,2;8,9;5,6;;6,7;8,5;10,0;5,0;6,3;8,7;4,0;95;16;2;True;False;0;2016;True;3
RA-193;2023;Aluno-193;M;13,0;2010,0;2016;7;Privada - Apadrinhamento;;4A;4,0;3,0;1,0;False;Adiantado;7,718566667;Ametista;8,3;9,4;2,52;8,125;6,5;8,17;10,0;6,0;6,3;7,3;4,0;;;;;;1;2016;True;3
RA-193;2024;Aluno-193;M;14,0;2010,0;2016;8;Privada - Apadrinhamento;Colégio Arco Íris Evolução;5C;5,0;4,0;1,0;False;Adiantado;8,465046969666668;Topázio;8,751;9,848484848333332;6,26;8,4375;7,0;8,7525;10,0;6,5;4,5;10,0;4,0;;;;;;1;2021;True;3
RA-194;2022;Aluno-194;F;14,0;2008,0;2022;0;Pública;;B;3,0;4,0;-1,0;True;Moderada (1);4,265;Quartzo;0,0;6,2;5,0;;3,2;3,75;5,0;3,7;5,8;0,0;4,0;851;144;15;False;False;-1;2022;False;1
RA-195;2022;Aluno-195;F;13,0;2009,0;2017;5;Privada - Parceira;;B;3,0;3,0;0,0;False;Adequado;8,017;Ametista;8,8;9,2;5,0;;6,3;8,25;10,0;6,8;6,3;5,8;4,0;137;21;4;False;False;0;2017;True;3
RA-195;2023;Aluno-195;F;14,0;2009,0;2017;6;Privada - Apadrinhamento;;4A;4,0;4,0;0,0;False;Adequado;7,60205;Ametista;7,1;9,2;2,52;8,4375;6,0;8,79;10,0;6,3;6,2;5,5;4,0;;;;;;0;2017;True;3
RA-195;2024;Aluno-195;F;15,0;2009,0;2017;7;Privada - Apadrinhamento;Colégio Arco Íris Evolução;5C;5,0;4,0;1,0;False;Adiantado;8,4690496032;Topázio;7,5;9,682539682666668;6,26;7,96875;7,833333333333333;8,965;10,0;9,0;6,5;8,0;4,0;;;;;;1;2021;True;3
RA-196;2022;Aluno-196;M;12,0;2010,0;2018;4;Privada - Parceira;;B;3,0;3,0;0,0;False;Adequado;8,124;Topázio;9,2;9,1;7,5;;5,1;8,625;10,0;4,0;6,0;5,3;4,0;106;17;3;True;False;0;2018;True;3
RA-196;2023;Aluno-196;M;13,0;2010,0;2018;5;Privada - Apadrinhamento;;4A;4,0;3,0;1,0;False;Adiantado;7,560991667;Ametista;7,9;9,0;2,52;8,28125;6,2;8,2125;10,0;7,0;6,0;5,7;4,0;;;;;;1;2018;True;3
RA-196;2024;Aluno-196;M;14,0;2010,0;2018;6;Privada - Apadrinhamento;Colégio Arco Íris Evolução;5C;5,0;4,0;1,0;False;Adiantado;8,823550937933334;Topázio;8,751;9,689754689666666;7,51;8,75;8,0;8,9225;10,0;8,0;7,0;9,0;4,0;;;;;;1;2021;True;3
RA-197;2022;Aluno-197;F;13,0;2009,0;2021;1;Privada - Parceira;;B;3,0;3,0;0,0;False;Adequado;8,218;Topázio;8,8;9,7;4,4;;7,3;8,292;10,0;6,0;7,5;8,3;4,0;82;15;1;False;False;0;2021;False;3
RA-197;2023;Aluno-197;F;13,0;2009,0;2021;2;Privada - Apadrinhamento;;4A;4,0;3,0;1,0;False;Adiantado;7,967608333;Ametista;8,3;9,8;2,52;7,96875;7,2;8,46;10,0;7,0;7,3;7,2;4,0;;;;;;1;2021;False;3
RA-197;2024;Aluno-197;F;14,0;2009,0;2021;3;Privada - Apadrinhamento;Colégio Arco Íris Evolução;5C;5,0;5,0;0,0;False;Adequado;8,568238636333334;Topázio;7,5;9,848484848333332;6,26;7,96875;8,333333333333334;8,795;10,0;7,0;8,0;10,0;4,0;;;;;;0;2021;False;3
RA-198;2022;Aluno-198;M;13,0;2009,0;2017;5;Pública;;B;3,0;3,0;0,0;False;Adequado;5,554;Quartzo;0,0;6,2;5,0;;4,6;5,958;10,0;5,2;5,8;2,8;4,0;782;117;11;False;False;0;2017;False;1
RA-199;2022;Aluno-199;M;13,0;2009,0;2022;0;Pública;;B;3,0;3,0;0,0;False;Adequado;7,564;Ametista;8,3;7,1;7,5;;7,5;6,458;10,0;5,7;7,8;9,0;4,0;287;34;5;False;False;0;2022;False;3
RA-199;2023;Aluno-199;M;14,0;2009,0;2022;1;Privada;;3A;3,0;4,0;-1,0;True;Moderada (1);7,892341667;Ametista;9,2;7,6;7,51;7,96875;8,5;8,505;5,0;8,2;8,2;9,2;4,0;;;;;;-1;2022;False;3
RA-199;2024;Aluno-199;M;15,0;2009,0;2022;2;Privada;Estuda em outra cidade;4A;4,0;5,0;-1,0;True;Moderada (1);7,419398245666667;Ametista;8,334;7,554824561666667;6,88;8,125;7,166666666666667;8,206;5,0;5,0;9,0;7,5;5,0;;;;;;-1;2022;False;3
RA-2;2022;Aluno-2;F;17,0;2005,0;2017;5;Privada - Parceira;;A;7,0;7,0;0,0;False;Adequado;7,055;Ametista;8,8;5,2;6,3;;6,8;6,778;10,0;6,3;4,5;9,7;4,0;469;8;3;False;False;0;2017;True;3
RA-2;2023;Aluno-2;F;18,0;2005,0;2017;6;Privada - Bolsa 100%;;8E;8,0;8,0;0,0;False;Adequado;;;;;;;;;10,0;;;;;;;;;;0;2017;True;3
RA-2;2024;Aluno-2;F;19,0;2005,0;2017;7;Privada - Bolsa 100%;Faculdade FIAP;8E;8,0;8,0;0,0;False;Adequado;;;;0,0;;;;;10,0;;;;0,0;;;;;;0;2021;True;3
RA-20;2022;Aluno-20;F;19,0;2003,0;2022;0;Pública;;D;7,0;8,0;-1,0;True;Moderada (1);7,535;Ametista;7,1;10,0;6,3;;7,8;7,167;5,0;9,0;6,5;;4,0;296;5;4;False;True;-1;2022;False;1
RA-200;2022;Aluno-200;M;15,0;2007,0;2018;4;Privada - Parceira;;B;3,0;5,0;-2,0;True;Alta (2);5,705;Quartzo;7,9;5,6;4,4;;5,5;4,917;5,0;4,7;5,0;6,8;4,0;759;109;9;False;False;-2;2018;False;2
RA-200;2023;Aluno-200;M;16,0;2007,0;2018;5;Privada - Apadrinhamento;;4B;4,0;6,0;-2,0;True;Alta (2);5,661166667;Quartzo;9,6;4,5;2,52;7,5;4,3;7,17;5,0;4,3;4,2;4,5;4,0;;;;;;-2;2018;False;2
RA-201;2022;Aluno-201;F;15,0;2007,0;2021;1;Pública;;B;3,0;5,0;-2,0;True;Alta (2);7,078;Ametista;7,9;7,3;7,5;;6,5;7,542;5,0;6,0;7,2;6,3;4,0;462;58;7;False;False;-2;2021;False;1
RA-202;2022;Aluno-202;F;14,0;2008,0;2017;5;Pública;;B;3,0;4,0;-1,0;True;Moderada (1);5,201;Quartzo;0,0;5,2;4,4;;5,4;6,917;5,0;6,3;5,8;4,2;4,0;810;123;13;False;True;-1;2017;True;3
RA-202;2023;Aluno-202;F;15,0;2008,0;2017;6;Pública;;4C;4,0;5,0;-1,0;True;Moderada (1);6,791641667;Ágata;8,8;7,9;2,52;7,96875;5,9;8,005;5,0;6,3;4,8;6,7;4,0;;;;;;-1;2017;True;3
RA-202;2024;Aluno-202;F;16,0;2008,0;2017;7;Pública;EE Leonice de Aquino Oliveira;5C;5,0;6,0;-1,0;True;Moderada (1);7,3512154762;Ametista;8,334;7,880952381;6,26;7,65625;7,5;7,75;5,0;8,5;6,0;8,0;4,0;;;;;;-1;2021;True;3
RA-203;2022;Aluno-203;F;14,0;2008,0;2021;1;Pública;;B;3,0;4,0;-1,0;True;Moderada (1);5,669;Quartzo;8,8;4,3;7,5;;2,8;6,875;5,0;2,3;3,5;2,5;4,0;766;113;10;False;False;-1;2021;False;1
RA-204;2022;Aluno-204;F;13,0;2009,0;2019;3;Pública;;B;3,0;3,0;0,0;False;Adequado;6,943;Ágata;7,9;6,7;4,4;;7,4;5,708;10,0;5,3;8,5;8,5;4,0;509;64;8;False;False;0;2019;True;3
RA-204;2023;Aluno-204;F;14,0;2009,0;2019;4;Pública;;4B;4,0;4,0;0,0;False;Adequado;7,557558333;Ametista;8,8;7,9;2,52;8,28125;7,1;8,045;10,0;4,7;8,0;8,5;4,0;;;;;;0;2019;True;3
RA-204;2024;Aluno-204;F;15,0;2009,0;2019;5;Pública;EE Alexandre Rodrigues Nogueira;4B;4,0;4,0;0,0;False;Adequado;7,838218894866668;Ametista;9,168;6,827094474333333;6,26;7,125;7,5;8,5875;10,0;5,0;7,5;10,0;4,0;;;;;;0;2021;True;3
RA-205;2022;Aluno-205;M;14,0;2008,0;2020;2;Pública;;B;3,0;4,0;-1,0;True;Moderada (1);5,372;Quartzo;9,6;3,8;7,5;;4,1;4,833;5,0;5,7;1,7;5,0;4,0;797;120;12;False;False;-1;2020;False;2
RA-205;2023;Aluno-205;M;15,0;2008,0;2020;3;Pública;;4C;4,0;5,0;-1,0;True;Moderada (1);6,857625;Ágata;9,6;7,6;4,38;7,03125;6,6;7,09;5,0;7,0;5,5;7,3;4,0;;;;;;-1;2020;False;2
RA-206;2022;Aluno-206;F;12,0;2010,0;2022;0;Pública;;B;3,0;3,0;0,0;False;Adequado;7,101;Ametista;8,3;8,8;7,5;;5,0;5,167;10,0;4,0;6,0;;4,0;455;56;6;False;False;0;2022;False;1
RA-207;2022;Aluno-207;M;16,0;2006,0;2021;1;Pública;;C;3,0;6,0;-3,0;True;Severa (3+);4,936;Quartzo;0,0;4,8;7,5;;5,8;5,708;2,5;5,3;4,0;8,0;4,0;827;129;5;False;False;-3;2021;False;1
RA-208;2022;Aluno-208;M;14,0;2008,0;2018;4;Pública;;C;3,0;4,0;-1,0;True;Moderada (1);6,667;Ágata;7,5;7,1;7,5;;6,1;6,417;5,0;5,0;7,5;5,8;4,0;599;78;4;False;False;-1;2018;False;1
RA-209;2022;Aluno-209;M;14,0;2008,0;2019;3;Pública;;C;3,0;4,0;-1,0;True;Moderada (1);4,499;Quartzo;0,0;4,8;5,6;;6,0;3,75;5,0;5,0;5,2;7,8;4,0;843;140;7;False;False;-1;2019;False;1
RA-21;2022;Aluno-21;M;18,0;2004,0;2022;0;Pública;;D;7,0;8,0;-1,0;True;Moderada (1);6,945;Ágata;9,6;9,2;7,5;;3,8;7,25;5,0;7,0;0,5;;4,0;508;9;6;False;True;-1;2022;False;3
RA-21;2023;Aluno-21;M;19,0;2004,0;2022;1;Privada - Bolsa 100%;;8E;8,0;8,0;0,0;False;Adequado;;;;;;;;;10,0;;;;;;;;;;0;2022;False;3
RA-21;2024;Aluno-21;M;20,0;2004,0;2022;2;Privada - Empresa parceira;Faculdade FIAP;8E;8,0;8,0;0,0;False;Adequado;;;;0,0;;;;;10,0;;;;0,0;;;;;;0;2022;False;3
RA-210;2022;Aluno-210;M;14,0;2008,0;2022;0;Pública;;C;3,0;4,0;-1,0;True;Moderada (1);4,44;Quartzo;0,0;5,1;7,5;;3,4;4,417;5,0;2,7;5,3;2,3;4,0;844;141;8;False;False;-1;2022;False;1
RA-211;2022;Aluno-211;M;13,0;2009,0;2021;1;Pública;;C;3,0;3,0;0,0;False;Adequado;8,465;Topázio;9,2;8,8;7,5;;7,6;8,458;10,0;6,7;7,5;8,5;4,0;39;10;1;True;True;0;2021;False;3
RA-211;2023;Aluno-211;M;14,0;2009,0;2021;2;Privada - Apadrinhamento;;4A;4,0;4,0;0,0;False;Adequado;8,024791667;Topázio;9,6;9,4;2,52;7,65625;7,1;8,71;10,0;7,7;8,0;5,7;4,0;;;;;;0;2021;False;3
RA-211;2024;Aluno-211;M;15,0;2009,0;2021;3;Privada - Apadrinhamento;Colégio Arco Íris Evolução;5A;5,0;5,0;0,0;False;Adequado;8,283601875933334;Topázio;9,585;9,379509379666668;7,51;7,25;7,0;7,866;10,0;5,5;6,5;9,0;5,0;;;;;;0;2021;False;3
RA-212;2022;Aluno-212;M;14,0;2008,0;2022;0;Pública;;C;3,0;4,0;-1,0;True;Moderada (1);7,268;Ametista;9,6;8,4;7,5;;6,2;6,958;5,0;4,8;5,8;7,8;4,0;407;49;2;False;False;-1;2022;False;1
RA-213;2022;Aluno-213;M;13,0;2009,0;2022;0;Pública;;C;3,0;3,0;0,0;False;Adequado;7,209;Ametista;9,6;8,7;7,5;;3,5;6,833;10,0;5,0;2,0;;4,0;425;51;3;False;False;0;2022;False;1
RA-214;2022;Aluno-214;M;15,0;2007,0;2022;0;Pública;;C;3,0;5,0;-2,0;True;Alta (2);4,87;Quartzo;0,0;6,1;7,5;;4,3;5,125;5,0;5,0;3,5;;4,0;832;133;6;False;False;-2;2022;False;1
RA-215;2022;Aluno-215;F;13,0;2009,0;2021;1;Pública;;D;3,0;3,0;0,0;False;Adequado;7,172;Ametista;6,7;5,8;7,5;;7,8;6,542;10,0;5,7;7,7;10,0;4,0;442;53;3;False;False;0;2021;False;3
RA-215;2023;Aluno-215;F;14,0;2009,0;2021;2;Pública;;4C;4,0;4,0;0,0;False;Adequado;7,166475;Ametista;8,8;6,6;2,52;7,96875;6,9;7,7125;10,0;5,7;6,7;8,3;4,0;;;;;;0;2021;False;3
RA-215;2024;Aluno-215;F;15,0;2009,0;2021;3;Pública;EE Paschoal Carlos Magno;5B;5,0;5,0;0,0;False;Adequado;7,045258874400002;Ametista;7,084;6,455627705333334;6,26;8,0;5,666666666666667;7,432;10,0;5,0;2,0;10,0;5,0;;;;;;0;2021;False;3
RA-216;2022;Aluno-216;F;13,0;2009,0;2018;4;Pública;;D;3,0;3,0;0,0;False;Adequado;7,502;Ametista;7,9;8,5;7,5;;7,0;5,583;10,0;5,3;6,5;9,2;4,0;310;35;1;False;False;0;2018;False;1
RA-217;2022;Aluno-217;F;15,0;2007,0;2021;1;Pública;;D;3,0;5,0;-2,0;True;Alta (2);7,397;Ametista;7,9;8,5;7,5;;7,1;7,292;5,0;6,3;7,2;7,7;4,0;363;42;2;False;True;-2;2021;False;3
RA-217;2023;Aluno-217;F;15,0;2007,0;2021;2;Pública;;4B;4,0;5,0;-1,0;True;Moderada (1);6,96965;Ágata;8,3;8,6;2,52;8,4375;5,6;8,5025;5,0;6,7;5,3;4,8;4,0;;;;;;-1;2021;False;3
RA-217;2024;Aluno-217;F;17,0;2007,0;2021;3;Privada - Apadrinhamento;Colégio Arco Íris Evolução;5A;5,0;6,0;-1,0;True;Moderada (1);7,4209164502;Ametista;8,334;8,917748917666666;6,26;7,125;7,833333333333333;6,994;5,0;9,0;7,0;7,5;5,0;;;;;;-1;2021;False;3
RA-218;2022;Aluno-218;F;14,0;2008,0;2022;0;Pública;;D;3,0;4,0;-1,0;True;Moderada (1);6,1;Ágata;6,3;7,3;7,5;;4,0;6,125;5,0;5,0;7,0;0,0;4,0;709;99;6;False;False;-1;2022;False;2
RA-218;2023;Aluno-218;F;15,0;2008,0;2022;1;Pública;;4C;4,0;5,0;-1,0;True;Moderada (1);5,811541667;Quartzo;0,0;6,7;2,52;7,96875;6,7;7,88;5,0;5,7;7,0;7,5;4,0;;;;;;-1;2022;False;2
RA-219;2022;Aluno-219;M;16,0;2006,0;2019;3;Pública;;D;3,0;6,0;-3,0;True;Severa (3+);5,942;Quartzo;8,8;6,9;7,5;;3,5;6,375;2,5;4,0;4,8;1,7;4,0;733;105;7;False;False;-3;2019;False;1
RA-22;2022;Aluno-22;F;17,0;2005,0;2019;3;Privada - Parceira;;A;6,0;7,0;-1,0;True;Moderada (1);7,474;Ametista;8,3;7,4;8,1;;6,7;8,833;5,0;9,0;3,1;7,8;4,0;327;10;10;True;False;-1;2019;False;1
RA-220;2022;Aluno-220;F;13,0;2009,0;2022;0;Pública;;D;3,0;3,0;0,0;False;Adequado;7,028;Ágata;0,0;8,1;7,5;;6,5;7,833;10,0;6,8;6,8;5,8;4,0;479;60;4;False;True;0;2022;False;3
RA-220;2023;Aluno-220;F;14,0;2009,0;2022;1;Pública;;4C;4,0;4,0;0,0;False;Adequado;7,102016667;Ametista;8,8;7,6;2,52;7,1875;6,1;7,5475;10,0;6,3;5,8;6,3;4,0;;;;;;0;2022;False;3
RA-220;2024;Aluno-220;F;15,0;2009,0;2022;2;Pública;EE Joaquim Mendes Feliz;5B;5,0;5,0;0,0;False;Adequado;7,6987770562666675;Ametista;8,751;8,198051948;6,26;7,25;6,833333333333333;7,332;10,0;8,0;3,5;9,0;5,0;;;;;;0;2022;False;3
RA-221;2022;Aluno-221;M;14,0;2008,0;2022;0;Pública;;D;3,0;4,0;-1,0;True;Moderada (1);6,892;Ágata;9,6;8,5;7,5;;5,2;6,0;5,0;7,0;3,5;5,0;4,0;528;68;5;False;False;-1;2022;False;2
RA-221;2023;Aluno-221;M;15,0;2008,0;2022;1;Pública;;3C;3,0;5,0;-2,0;True;Alta (2);6,959916667;Ágata;9,6;9,0;5,0;7,1875;5,0;7,38;5,0;5,5;4,8;4,8;4,0;;;;;;-2;2022;False;2
RA-222;2022;Aluno-222;F;15,0;2007,0;2019;3;Pública;;D;3,0;5,0;-2,0;True;Alta (2);5,604;Quartzo;7,1;4,6;7,5;;6,2;4,917;5,0;5,0;7,5;6,0;4,0;774;115;8;False;False;-2;2019;False;1
RA-223;2022;Aluno-223;F;13,0;2009,0;2022;0;Pública;;E;3,0;3,0;0,0;False;Adequado;4,966;Quartzo;0,0;4,6;7,5;;3,1;5,583;10,0;4,3;4,7;0,2;4,0;823;128;12;False;False;0;2022;False;2
RA-223;2023;Aluno-223;F;14,0;2009,0;2022;1;Pública;;3G;3,0;4,0;-1,0;True;Moderada (1);5,089833333;Quartzo;0,0;4,5;7,52;7,5;3,8;7,1725;5,0;5,5;4,0;1,8;4,0;;;;;;-1;2022;False;2
RA-224;2022;Aluno-224;M;13,0;2009,0;2021;1;Pública;;E;3,0;3,0;0,0;False;Adequado;5,671;Quartzo;9,6;4,3;7,5;;2,6;4,875;10,0;5,0;2,7;0,0;4,0;765;112;11;False;False;0;2021;False;1
RA-225;2022;Aluno-225;M;14,0;2008,0;2022;0;Pública;;E;3,0;4,0;-1,0;True;Moderada (1);5,918;Quartzo;8,3;5,3;7,5;;5,0;5,708;5,0;3,0;7,0;;4,0;736;107;10;False;False;-1;2022;False;1
RA-226;2022;Aluno-226;F;14,0;2008,0;2022;0;Pública;;E;3,0;4,0;-1,0;True;Moderada (1);6,549;Ágata;7,5;6,1;7,5;;6,8;6,208;5,0;7,0;6,5;;4,0;638;82;4;False;False;-1;2022;False;1
RA-227;2022;Aluno-227;M;12,0;2010,0;2022;0;Pública;;E;3,0;3,0;0,0;False;Adequado;6,471;Ágata;9,2;6,4;7,5;;3,3;5,833;10,0;4,7;4,3;1,0;4,0;647;84;5;False;False;0;2022;False;3
RA-227;2023;Aluno-227;M;12,0;2010,0;2022;1;Pública;;3B;3,0;3,0;0,0;False;Adequado;7,722125;Ametista;9,6;7,5;5,63;8,28125;6,9;7,4625;10,0;7,2;6,5;7,0;4,0;;;;;;0;2022;False;3
RA-227;2024;Aluno-227;M;13,0;2010,0;2022;2;Pública;Colégio Nogueira e Sonho de Criança;3A;3,0;3,0;0,0;False;Adequado;8,074015455333335;Topázio;9,585;8,097577276666668;9,38;7,5;6,5;7,54;10,0;4,0;6,0;9,5;4,0;;;;;;0;2022;False;3
RA-228;2022;Aluno-228;F;15,0;2007,0;2017;5;Pública;;E;3,0;5,0;-2,0;True;Alta (2);6,196;Ágata;7,5;6,7;7,5;;4,8;6,417;5,0;3,0;6,0;5,3;4,0;700;95;7;False;False;-2;2017;False;1
RA-229;2022;Aluno-229;M;12,0;2010,0;2022;0;Pública;;E;3,0;3,0;0,0;False;Adequado;8,62;Topázio;10,0;9,4;7,5;;6,9;8,5;10,0;7,0;6,7;7,2;4,0;27;7;1;True;True;0;2022;False;3
RA-229;2023;Aluno-229;M;13,0;2010,0;2022;1;Privada - Apadrinhamento;;4A;4,0;3,0;1,0;False;Adiantado;8,207591667;Topázio;9,2;9,8;2,52;8,28125;7,8;8,42;10,0;8,0;8,2;7,3;4,0;;;;;;1;2022;False;3
RA-229;2024;Aluno-229;M;14,0;2010,0;2022;2;Privada - Apadrinhamento;Colégio Arco Íris Evolução;5C;5,0;4,0;1,0;False;Adiantado;8,852545634933334;Topázio;9,585;9,841269841333334;5,635;8,28125;8,833333333333334;8,8375;10,0;9,5;7,0;10,0;4,0;;;;;;1;2022;False;3
RA-23;2022;Aluno-23;M;17,0;2005,0;2021;1;Pública;;A;6,0;7,0;-1,0;True;Moderada (1);7,677;Ametista;8,3;8,2;8,1;;6,7;8,556;5,0;7,2;4,7;8,2;4,0;243;8;8;True;True;-1;2021;False;3
RA-23;2023;Aluno-23;M;17,0;2005,0;2021;2;Privada - Bolsa 100%;;8E;8,0;7,0;1,0;False;Adiantado;;;;;;;;;10,0;;;;;;;;;;1;2021;False;3
RA-23;2024;Aluno-23;M;19,0;2005,0;2021;3;Privada - Bolsa 100%;Universidade Santo Amaro (UNISA);8E;8,0;8,0;0,0;False;Adequado;;;;0,0;;;;;10,0;;;;0,0;;;;;;0;2021;False;3
RA-230;2022;Aluno-230;M;14,0;2008,0;2022;0;Pública;;E;3,0;4,0;-1,0;True;Moderada (1);6,328;Ágata;7,9;5,1;7,5;;5,7;6,75;5,0;3,7;4,3;9,0;4,0;676;92;6;False;True;-1;2022;False;1
RA-231;2022;Aluno-231;M;14,0;2008,0;2022;0;Pública;;E;3,0;4,0;-1,0;True;Moderada (1);6,116;Ágata;8,8;7,4;7,5;;3,8;5,333;5,0;3,0;4,5;;4,0;705;97;8;False;False;-1;2022;False;1
RA-232;2022;Aluno-232;M;12,0;2010,0;2022;0;Pública;;E;3,0;3,0;0,0;False;Adequado;4,245;Quartzo;0,0;4,9;7,5;;0,0;4,542;10,0;0,0;0,0;;4,0;852;145;13;False;False;0;2022;False;1
RA-233;2022;Aluno-233;M;14,0;2008,0;2022;0;Pública;;E;3,0;4,0;-1,0;True;Moderada (1);6,051;Ágata;7,9;7,4;7,5;;3,8;5,5;5,0;3,0;4,5;;4,0;718;101;9;False;False;-1;2022;False;1
RA-234;2022;Aluno-234;M;13,0;2009,0;2022;0;Pública;;E;3,0;3,0;0,0;False;Adequado;6,719;Ágata;10,0;7,6;5,6;;4,3;5,583;10,0;3,7;6,3;2,8;4,0;583;75;3;False;False;0;2022;False;2
RA-234;2023;Aluno-234;M;13,0;2009,0;2022;1;Pública;;3D;3,0;3,0;0,0;False;Adequado;6,248741667;Ágata;6,7;8,0;2,52;4,84375;5,6;5,595;10,0;6,3;5,3;5,3;4,0;;;;;;0;2022;False;2
RA-235;2022;Aluno-235;F;14,0;2008,0;2022;0;Pública;;E;3,0;4,0;-1,0;True;Moderada (1);6,79;Ágata;8,3;7,3;7,5;;6,3;6,417;5,0;7,0;5,5;;4,0;559;73;2;False;False;-1;2022;False;1
RA-236;2022;Aluno-236;F;12,0;2010,0;2022;0;Pública;;F;3,0;3,0;0,0;False;Adequado;7,11;Ametista;9,6;7,5;7,5;;3,7;7,208;10,0;4,0;4,0;3,0;4,0;452;55;9;False;False;0;2022;False;3
RA-236;2023;Aluno-236;F;13,0;2010,0;2022;1;Pública;;3G;3,0;3,0;0,0;False;Adequado;7,337116667;Ametista;10,0;7,5;7,52;7,1875;4,5;7,2975;10,0;6,3;4,0;3,3;4,0;;;;;;0;2022;False;3
RA-236;2024;Aluno-236;F;14,0;2010,0;2022;2;Pública;EE Loris Nassif Mattar Profa;4F;4,0;4,0;0,0;False;Adequado;6,980833740133334;Ágata;9,168;7,890668700666666;6,26;6,875;4,5;6,362;10,0;1,5;4,0;8,0;5,0;;;;;;0;2022;False;3
RA-237;2022;Aluno-237;F;14,0;2008,0;2022;0;Pública;;F;3,0;4,0;-1,0;True;Moderada (1);8,084;Topázio;10,0;9,0;7,5;;7,8;8,417;5,0;6,8;7,7;8,8;4,0;121;19;6;True;True;-1;2022;False;3
RA-237;2023;Aluno-237;F;15,0;2008,0;2022;1;Privada - Apadrinhamento;;4F;4,0;5,0;-1,0;True;Moderada (1);7,436566667;Ametista;8,3;9,5;2,52;8,125;6,7;8,96;5,0;7,7;7,0;5,5;4,0;;;;;;-1;2022;False;3
RA-237;2024;Aluno-237;F;16,0;2008,0;2022;2;Privada - Apadrinhamento;Colégio Arco Íris Evolução;5F;5,0;6,0;-1,0;True;Moderada (1);7,931384271366667;Ametista;8,751;9,689754689666666;6,26;7,916666667;7,666666666666667;8,336666667;5,0;6,0;7,0;10,0;3,0;;;;;;-1;2022;False;3
RA-238;2022;Aluno-238;F;14,0;2008,0;2021;1;Pública;;F;3,0;4,0;-1,0;True;Moderada (1);6,331;Ágata;8,8;6,4;5,0;;5,1;7,208;5,0;4,3;6,5;4,5;4,0;674;91;12;False;False;-1;2021;False;1
RA-239;2022;Aluno-239;F;15,0;2007,0;2021;1;Pública;;F;3,0;5,0;-2,0;True;Alta (2);4,572;Quartzo;0,0;3,7;7,5;;3,7;5,958;5,0;2,0;4,7;4,5;4,0;840;138;13;False;False;-2;2021;False;3
RA-239;2023;Aluno-239;F;16,0;2007,0;2021;2;Pública;;4G;4,0;6,0;-2,0;True;Alta (2);6,411333333;Ágata;0,0;8,4;5,0;8,125;7,0;7,6275;5,0;6,0;7,2;7,7;4,0;;;;;;-2;2021;False;3
RA-239;2024;Aluno-239;F;17,0;2007,0;2021;3;Pública;EE Paschoal Carlos Magno;4F;4,0;7,0;-3,0;True;Severa (3+);6,782180868800001;Ágata;8,751;6,361737677333333;5,635;7,875;6,666666666666667;8,502;2,5;4,0;10,0;6,0;5,0;;;;;;-3;2021;False;3
RA-24;2022;Aluno-24;F;17,0;2005,0;2021;1;Privada - Parceira;;A;6,0;7,0;-1,0;True;Moderada (1);8,087;Topázio;9,2;7,9;6,9;;8,6;9,111;5,0;10,0;6,3;9,7;4,0;119;5;5;True;False;-1;2021;False;1
RA-240;2022;Aluno-240;F;13,0;2009,0;2017;5;Privada - Parceira;;F;3,0;3,0;0,0;False;Adequado;6,943;Ágata;7,1;8,1;5,0;;4,7;7,042;10,0;6,3;5,0;2,8;4,0;510;65;11;False;False;0;2017;False;2
RA-240;2023;Aluno-240;F;14,0;2009,0;2017;6;Privada - Apadrinhamento;;4F;4,0;4,0;0,0;False;Adequado;6,337966667;Ágata;7,1;6,7;2,52;6,875;4,8;6,9175;10,0;7,0;3,3;4,2;4,0;;;;;;0;2017;False;2
RA-241;2022;Aluno-241;M;14,0;2008,0;2016;6;Privada - Parceira;;F;3,0;4,0;-1,0;True;Moderada (1);8,468;Topázio;10,0;10,0;7,5;;7,7;9,125;5,0;8,2;7,5;7,3;4,0;38;9;5;True;False;-1;2016;True;3
RA-241;2023;Aluno-241;M;15,0;2008,0;2016;7;Privada - Apadrinhamento;;4F;4,0;5,0;-1,0;True;Moderada (1);7,016;Ametista;0,0;9,9;2,52;8,75;7,5;9,545;5,0;9,3;7,0;6,2;4,0;;;;;;-1;2016;True;3
RA-241;2024;Aluno-241;M;16,0;2008,0;2016;8;Privada - Bolsa 100%;FIAP School - SP;7E;7,0;5,0;2,0;False;Adiantado;8,311616666733334;Topázio;10,002;9,891666667;7,1975;7,5;6,816666666666667;7,5;10,0;6,15;7,2;7,1;0,0;;;;;;2;2021;True;3
RA-242;2022;Aluno-242;M;13,0;2009,0;2018;4;Privada - Parceira;;F;3,0;3,0;0,0;False;Adequado;8,673;Topázio;9,6;9,7;5,6;;8,2;8,708;10,0;8,7;7,2;8,7;4,0;19;3;1;True;False;0;2018;True;3
RA-242;2023;Aluno-242;M;14,0;2009,0;2018;5;Privada - Apadrinhamento;;4F;4,0;4,0;0,0;False;Adequado;8,221841667;Topázio;7,1;9,7;2,52;8,59375;7,9;9,3775;10,0;9,3;7,3;7,2;4,0;;;;;;0;2018;True;3
RA-242;2024;Aluno-242;M;15,0;2009,0;2018;6;Privada - Bolsa 100%;FIAP School - SP;7E;7,0;5,0;2,0;False;Adiantado;8,2887;Topázio;9,585;9,621;6,26;7,5;7,650000000000001;7,5;10,0;8,05;8,05;6,85;0,0;;;;;;2;2021;True;3
RA-243;2022;Aluno-243;F;15,0;2007,0;2022;0;Pública;;F;3,0;5,0;-2,0;True;Alta (2);6,982;Ágata;7,1;8,7;5,0;;6,0;7,875;5,0;5,0;5,3;7,7;4,0;493;63;10;False;False;-2;2022;False;1
RA-244;2022;Aluno-244;F;12,0;2010,0;2018;4;Privada - Parceira;;F;3,0;3,0;0,0;False;Adequado;8,51;Topázio;7,5;9,4;6,3;;7,8;9,208;10,0;6,7;8,0;8,7;4,0;34;8;4;True;False;0;2018;True;3
RA-244;2023;Aluno-244;F;13,0;2010,0;2018;5;Privada - Apadrinhamento;;4F;4,0;3,0;1,0;False;Adiantado;7,044333333;Ametista;0,0;8,8;2,52;8,125;7,3;8,8325;10,0;7,0;8,0;6,8;4,0;;;;;;1;2018;True;3
RA-244;2024;Aluno-244;F;14,0;2010,0;2018;6;Privada - Apadrinhamento;Colégio Arco Íris Evolução;5G;5,0;4,0;1,0;False;Adiantado;8,7225;Topázio;7,5;10,0;6,26;8,125;9,5;8,17;10,0;10,0;9,0;9,5;3,0;;;;;;1;2021;True;3
RA-245;2022;Aluno-245;M;14,0;2008,0;2016;6;Privada - Parceira;;F;3,0;4,0;-1,0;True;Moderada (1);8,656;Topázio;10,0;9,9;7,5;;8,4;9,25;5,0;8,3;8,2;8,8;4,0;20;4;2;True;False;-1;2016;True;3
RA-245;2023;Aluno-245;M;15,0;2008,0;2016;7;Privada - Apadrinhamento;;4F;4,0;5,0;-1,0;True;Moderada (1);7,171166667;Ametista;0,0;10,0;2,52;8,75;8,1;9,5875;5,0;9,3;7,8;7,3;4,0;;;;;;-1;2016;True;3
RA-245;2024;Aluno-245;M;16,0;2008,0;2016;8;Privada - Apadrinhamento;Colégio Albert Einstein - SP;7E;7,0;5,0;2,0;False;Adiantado;8,452633333266668;Topázio;9,168;9,953333333;6,885;7,5;8,033333333333333;7,5;10,0;8,4;7,6;8,1;0,0;;;;;;2;2021;True;3
RA-246;2022;Aluno-246;M;13,0;2009,0;2022;0;Pública;;F;3,0;3,0;0,0;False;Adequado;8,639;Topázio;8,3;9,4;7,5;;7,6;9,167;10,0;8,0;6,7;8,0;4,0;23;5;3;True;True;0;2022;False;3
RA-246;2023;Aluno-246;M;14,0;2009,0;2022;1;Privada;;4F;4,0;4,0;0,0;False;Adequado;8,256766667;Topázio;8,8;9,9;4,39;8,125;6,8;8,9175;10,0;7,7;7,0;5,8;4,0;;;;;;0;2022;False;3
RA-246;2024;Aluno-246;M;15,0;2009,0;2022;2;Privada - Bolsa 100%;FIAP School - SP;7E;7,0;5,0;2,0;False;Adiantado;4,7404;Quartzo;8,334;0,0;6,57;7,5;0,0;7,5;10,0;0,0;0,0;0,0;0,0;;;;;;2;2022;False;3
RA-247;2022;Aluno-247;F;13,0;2009,0;2021;1;Pública;;F;3,0;3,0;0,0;False;Adequado;7,72;Ametista;8,3;8,2;7,5;;5,8;7,875;10,0;5,3;5,7;6,3;4,0;230;32;7;False;True;0;2021;False;3
RA-247;2023;Aluno-247;F;13,0;2009,0;2021;2;Pública;;3B;3,0;3,0;0,0;False;Adequado;7,221958333;Ametista;0,0;8,5;7,52;8,28125;7,2;7,5425;10,0;6,5;6,7;8,3;4,0;;;;;;0;2021;False;3
RA-247;2024;Aluno-247;F;14,0;2009,0;2021;3;Pública;EE Loris Nassif Mattar Profa;4B;4,0;4,0;0,0;False;Adequado;6,646485739800001;Ágata;0,0;8,306595365666666;6,26;7,75;4,333333333333333;8,5875;10,0;0,0;5,0;8,0;4,0;;;;;;0;2021;False;3
RA-248;2022;Aluno-248;M;13,0;2009,0;2022;0;Pública;;F;3,0;3,0;0,0;False;Adequado;7,429;Ametista;9,2;7,6;7,5;;5,2;7,292;10,0;4,0;5,5;6,0;4,0;343;39;8;False;False;0;2022;False;1
RA-249;2022;Aluno-249;M;14,0;2008,0;2017;5;Pública;;G;3,0;4,0;-1,0;True;Moderada (1);5,097;Quartzo;6,7;7,4;5,0;;2,9;4,292;5,0;2,3;4,2;2,2;4,0;816;125;10;False;False;-1;2017;True;3
RA-249;2023;Aluno-249;M;15,0;2008,0;2017;6;Pública;;3F;3,0;5,0;-2,0;True;Alta (2);5,444625;Quartzo;0,0;8,2;5,0;5,15625;4,9;6,545;5,0;6,2;5,3;3,2;4,0;;;;;;-2;2017;True;3
RA-249;2024;Aluno-249;M;16,0;2008,0;2017;7;Pública;EE Paschoal Carlos Magno;4F;4,0;6,0;-2,0;True;Alta (2);6,125104328999999;Ágata;7,083;6,645021645;5,0;6,75;5,0;7,064;5,0;1,0;8,0;6,0;5,0;;;;;;-2;2021;True;3
RA-25;2022;Aluno-25;F;17,0;2005,0;2021;1;Pública;;A;6,0;7,0;-1,0;True;Moderada (1);7,979;Ametista;8,3;8,3;8,8;;6,9;9,667;5,0;9,2;3,8;7,7;4,0;147;6;6;True;True;-1;2021;False;3
RA-25;2023;Aluno-25;F;18,0;2005,0;2021;2;Privada - Bolsa 100%;;8E;8,0;8,0;0,0;False;Adequado;;;;;;;;;10,0;;;;;;;;;;0;2021;False;3
RA-25;2024;Aluno-25;F;19,0;2005,0;2021;3;Privada - Bolsa 100%;Universidade Santo Amaro (UNISA);8E;8,0;8,0;0,0;False;Adequado;;;;0,0;;;;;10,0;;;;0,0;;;;;;0;2021;False;3
RA-250;2022;Aluno-250;F;12,0;2010,0;2022;0;Pública;;G;3,0;3,0;0,0;False;Adequado;7,958;Ametista;8,3;8,6;7,5;;6,6;7,625;10,0;6,7;6,5;6,7;4,0;152;23;1;False;True;0;2022;False;3
RA-250;2023;Aluno-250;F;13,0;2010,0;2022;1;Pública;;3F;3,0;3,0;0,0;False;Adequado;7,598208333;Ametista;0,0;9,3;5,63;7,96875;8,3;8,625;10,0;7,7;8,8;8,3;4,0;;;;;;0;2022;False;3
RA-250;2024;Aluno-250;F;14,0;2010,0;2022;2;Privada - Apadrinhamento;Colégio Arco Íris Evolução;4H;4,0;4,0;0,0;False;Adequado;9,049892592566668;Topázio;9,168;9,629629629666669;6,88;8,958333333;9,166666666666666;8,95;10,0;10,0;7,5;10,0;3,0;;;;;;0;2022;False;3
RA-251;2022;Aluno-251;M;15,0;2007,0;2018;4;Pública;;G;3,0;5,0;-2,0;True;Alta (2);7,022;Ágata;10,0;8,1;5,6;;6,3;6,625;5,0;5,3;6,3;7,2;4,0;482;62;4;False;False;-2;2018;True;3
RA-251;2023;Aluno-251;M;15,0;2007,0;2018;5;Pública;;4N;4,0;5,0;-1,0;True;Moderada (1);6,665208333;Ágata;9,6;8,0;2,52;7,34375;5,3;7,835;5,0;5,0;5,5;5,3;4,0;;;;;;-1;2018;True;3
RA-251;2024;Aluno-251;M;16,0;2007,0;2018;6;Pública;EE Maria André Schunck Dona;5N;5,0;6,0;-1,0;True;Moderada (1);6,7135006212;Ágata;8,751;8,612836439;5,63;6,875;4,5;7,326666667;5,0;4,0;2,5;7,0;3,0;;;;;;-1;2021;True;3
RA-252;2022;Aluno-252;M;14,0;2008,0;2018;4;Pública;;G;3,0;4,0;-1,0;True;Moderada (1);4,277;Quartzo;9,2;2,8;7,5;;0,9;3,875;5,0;1,3;1,2;0,2;4,0;850;143;14;False;False;-1;2018;False;1
RA-253;2022;Aluno-253;M;15,0;2007,0;2019;3;Pública;;G;3,0;5,0;-2,0;True;Alta (2);4,312;Quartzo;9,2;3,6;5,0;;1,8;3,75;5,0;1,0;3,7;0,7;4,0;847;142;13;False;False;-2;2019;False;1
RA-254;2022;Aluno-254;M;14,0;2008,0;2019;3;Pública;;G;3,0;4,0;-1,0;True;Moderada (1);6,715;Ágata;10,0;7,4;5,6;;5,3;6,917;5,0;5,0;6,8;4,0;4,0;584;76;7;False;False;-1;2019;False;2
RA-254;2023;Aluno-254;M;15,0;2008,0;2019;4;Pública;;4H;4,0;5,0;-1,0;True;Moderada (1);;;9,6;8,8;;7,8125;5,9;7,71;5,0;5,7;5,7;6,2;4,0;;;;;;-1;2019;False;2
RA-255;2022;Aluno-255;M;14,0;2008,0;2019;3;Pública;;G;3,0;4,0;-1,0;True;Moderada (1);4,563;Quartzo;7,5;3,8;5,0;;1,3;5,542;5,0;1,0;2,3;0,5;4,0;841;139;12;False;False;-1;2019;False;1
RA-256;2022;Aluno-256;F;12,0;2010,0;2019;3;Pública;;G;3,0;3,0;0,0;False;Adequado;7,192;Ametista;8,8;8,5;5,0;;5,2;6,708;10,0;5,3;6,7;3,5;4,0;433;52;3;False;False;0;2019;False;1
RA-257;2022;Aluno-257;F;14,0;2008,0;2018;4;Pública;;G;3,0;4,0;-1,0;True;Moderada (1);5,149;Quartzo;0,0;6,4;5,6;;3,6;6,708;5,0;4,0;5,2;1,5;4,0;815;124;9;False;False;-1;2018;False;1
RA-258;2022;Aluno-258;F;12,0;2010,0;2018;4;Pública;;G;3,0;3,0;0,0;False;Adequado;6,926;Ágata;10,0;7,3;5,6;;4,8;6,125;10,0;2,7;6,2;5,5;4,0;517;67;5;False;False;0;2018;True;2
RA-258;2024;Aluno-258;F;13,0;2010,0;2018;6;Pública;EE João Ortiz Rodrigues;3H;3,0;3,0;0,0;False;Adequado;6,429063888866667;Ágata;7,084;6,944444444333333;7,51;7,34375;2,5;6,732;10,0;;5,0;0,0;5,0;;;;;;0;2021;True;2
RA-259;2022;Aluno-259;M;16,0;2006,0;2017;5;Pública;;G;3,0;6,0;-3,0;True;Severa (3+);4,182;Quartzo;8,8;2,9;7,5;;0,9;4,625;2,5;0,0;2,7;0,2;4,0;853;146;15;False;False;-3;2017;False;1
RA-26;2022;Aluno-26;M;17,0;2005,0;2022;0;Pública;;A;6,0;7,0;-1,0;True;Moderada (1);8,677;Topázio;9,6;8,8;10,0;;8,0;10,0;5,0;9,5;4,4;10,0;4,0;17;3;3;True;True;-1;2022;False;3
RA-26;2023;Aluno-26;M;18,0;2005,0;2022;1;Privada - Bolsa 100%;;7E;7,0;8,0;-1,0;True;Moderada (1);;;0,0;;7,52;;;;5,0;;;;;;;;;;-1;2022;False;3
RA-26;2024;Aluno-26;M;19,0;2005,0;2022;2;Privada - Bolsa 100%;Faculdade FIAP;8F;8,0;8,0;0,0;False;Adequado;;;;0,0;;;;;10,0;;;;0,0;;;;;;0;2022;False;3
RA-260;2022;Aluno-260;F;13,0;2009,0;2019;3;Pública;;G;3,0;3,0;0,0;False;Adequado;7,44;Ametista;10,0;8,2;7,5;;5,0;6,458;10,0;5,7;5,2;4,2;4,0;340;38;2;False;False;0;2019;True;3
RA-260;2023;Aluno-260;F;13,0;2009,0;2019;4;Pública;;3G;3,0;3,0;0,0;False;Adequado;8,080008333;Topázio;9,2;9,9;7,52;7,34375;6,1;7,4175;10,0;6,3;5,2;6,7;4,0;;;;;;0;2019;True;3
RA-260;2024;Aluno-260;F;15,0;2009,0;2019;5;Pública;EE João Ortiz Rodrigues;4F;4,0;4,0;0,0;False;Adequado;8,448920634933334;Topázio;8,751;9,674603174666666;7,51;7,875;7,0;8,502;10,0;7,5;5,5;8,0;5,0;;;;;;0;2021;True;3
RA-261;2022;Aluno-261;F;14,0;2008,0;2019;3;Pública;;G;3,0;4,0;-1,0;True;Moderada (1);6,763;Ágata;8,8;7,2;5,6;;5,8;7,042;5,0;6,2;5,8;5,5;4,0;566;74;6;False;True;-1;2019;False;1
RA-262;2022;Aluno-262;M;15,0;2007,0;2021;1;Pública;;G;3,0;5,0;-2,0;True;Alta (2);4,786;Quartzo;0,0;5,8;5,6;;3,4;5,625;5,0;1,3;5,5;3,5;4,0;835;135;11;False;False;-2;2021;False;3
RA-262;2023;Aluno-262;M;16,0;2007,0;2021;2;Privada;;4G;4,0;6,0;-2,0;True;Alta (2);4,406458333;Quartzo;0,0;3,7;5,0;7,03125;3,8;6,05;5,0;5,0;3,3;3,0;4,0;;;;;;-2;2021;False;3
RA-262;2024;Aluno-262;M;17,0;2007,0;2021;3;Privada;Colégio Nogueira e Sonho de Criança;4F;4,0;6,0;-2,0;True;Alta (2);5,806145462066667;Quartzo;7,917;4,854560643666667;7,51;7,0;4,166666666666667;6,296;5,0;1,0;4,5;7,0;5,0;;;;;;-2;2021;False;3
RA-263;2022;Aluno-263;F;15,0;2007,0;2019;3;Pública;;G;3,0;5,0;-2,0;True;Alta (2);5,319;Quartzo;5,8;5,6;7,5;;3,7;4,417;5,0;3,0;2,8;5,4;4,0;800;121;8;False;False;-2;2019;False;1
RA-264;2022;Aluno-264;F;15,0;2007,0;2022;0;Pública;;I;3,0;5,0;-2,0;True;Alta (2);7,087;Ametista;10,0;9,2;5,6;;5,8;6,625;5,0;6,0;5,5;;4,0;460;57;2;False;False;-2;2022;False;1
RA-265;2022;Aluno-265;M;13,0;2009,0;2019;3;Pública;;I;3,0;3,0;0,0;False;Adequado;7,926;Ametista;8,3;7,7;7,5;;6,9;7,917;10,0;5,3;7,0;8,5;4,0;162;26;1;False;True;0;2019;False;2
RA-265;2023;Aluno-265;M;14,0;2009,0;2019;4;Pública;;4H;4,0;4,0;0,0;False;Adequado;;;8,3;8,7;;7,96875;7,0;7,88;10,0;7,3;6,8;6,8;4,0;;;;;;0;2019;False;2
RA-266;2022;Aluno-266;F;16,0;2006,0;2019;3;Pública;;I;3,0;6,0;-3,0;True;Severa (3+);5,987;Quartzo;7,5;5,8;5,6;;6,0;6,583;2,5;5,0;6,7;6,3;4,0;730;104;4;False;False;-3;2019;False;1
RA-267;2022;Aluno-267;F;15,0;2007,0;2016;6;Pública;;I;3,0;5,0;-2,0;True;Alta (2);6,012;Ágata;10,0;7,4;5,0;;3,3;6,292;5,0;2,3;4,8;2,7;4,0;727;103;3;False;False;-2;2016;True;3
RA-267;2023;Aluno-267;F;16,0;2007,0;2016;7;Pública;;4H;4,0;6,0;-2,0;True;Alta (2);;;7,9;7,7;;4,6875;2,7;6,505;5,0;2,7;4,0;1,3;4,0;;;;;;-2;2016;True;3
RA-267;2024;Aluno-267;F;17,0;2007,0;2016;8;Pública;EE Leonice de Aquino Oliveira;5G;5,0;7,0;-2,0;True;Alta (2);5,896306781966668;Quartzo;10,002;8,285533910333333;6,26;4,583333333;2,0;6,273333333;5,0;0,0;2,0;4,0;3,0;;;;;;-2;2021;True;3
RA-268;2022;Aluno-268;F;14,0;2008,0;2021;1;Pública;;K;3,0;4,0;-1,0;True;Moderada (1);6,695;Ágata;9,2;6,7;6,3;;5,7;7,208;5,0;7,0;6,8;3,2;4,0;590;77;11;False;True;-1;2021;False;1
RA-269;2022;Aluno-269;M;13,0;2009,0;2022;0;Pública;;K;3,0;3,0;0,0;False;Adequado;8,231;Topázio;9,2;8,6;6,3;;8,9;7,25;10,0;8,7;9,5;8,5;4,0;76;13;2;False;False;0;2022;False;3
RA-269;2023;Aluno-269;M;14,0;2009,0;2022;1;Pública;;4L;4,0;4,0;0,0;False;Adequado;8,116041667;Topázio;9,6;9,0;2,52;8,59375;7,4;8,7975;10,0;8,0;7,3;7,0;4,0;;;;;;0;2022;False;3
RA-269;2024;Aluno-269;M;15,0;2009,0;2022;2;Privada - Bolsa 100%;FIAP School - SP;7E;7,0;5,0;2,0;False;Adiantado;8,4773;Topázio;9,168;9,6;7,505;7,5;8,200000000000001;7,5;10,0;8,1;8,6;7,9;0,0;;;;;;2;2022;False;3
RA-27;2022;Aluno-27;M;17,0;2005,0;2016;6;Privada - Parceira;;A;6,0;7,0;-1,0;True;Moderada (1);7,124;Ametista;0,0;7,6;8,1;;8,0;9,111;5,0;7,7;6,3;10,0;4,0;449;12;12;True;False;-1;2016;True;3
RA-27;2023;Aluno-27;M;17,0;2006,0;2016;7;Privada - Apadrinhamento;;7A;7,0;7,0;0,0;False;Adequado;7,921266667;Ametista;6,7;7,7;6,89;8,625;6,9;8,8825;10,0;7,0;5,8;8,0;4,0;;;;;;0;2016;True;3
RA-27;2024;Aluno-27;M;18,0;2006,0;2016;8;Privada - Bolsa 100%;Faculdade FIAP;8F;8,0;8,0;0,0;False;Adequado;;;;0,0;;;;;10,0;;;;0,0;;;;;;0;2021;True;3
RA-270;2022;Aluno-270;F;13,0;2009,0;2019;3;Privada - Parceira;;K;3,0;3,0;0,0;False;Adequado;8,226;Topázio;8,3;8,4;6,9;;7,9;8,125;10,0;8,0;7,2;8,5;4,0;79;14;3;False;False;0;2019;True;3
RA-270;2023;Aluno-270;F;14,0;2009,0;2019;4;Privada - Apadrinhamento;;4M;4,0;4,0;0,0;False;Adequado;7,982633333;Ametista;9,2;9,0;2,52;8,75;6,6;9,1275;10,0;7,7;6,2;5,8;4,0;;;;;;0;2019;True;3
RA-270;2024;Aluno-270;F;15,0;2009,0;2019;5;Privada - Apadrinhamento;Colégio Albert Einstein - SP;7E;7,0;5,0;2,0;False;Adiantado;4,79255;Quartzo;9,168;0,0;6,2575;7,5;0,0;7,5;10,0;0,0;0,0;0,0;0,0;;;;;;2;2021;True;3
RA-271;2022;Aluno-271;F;15,0;2007,0;2022;0;Pública;;K;3,0;5,0;-2,0;True;Alta (2);7,255;Ametista;9,2;8,5;5,6;;7,1;6,958;5,0;6,3;6,5;8,3;4,0;411;50;8;False;True;-2;2022;False;3
RA-271;2023;Aluno-271;F;16,0;2007,0;2022;1;Pública;;4M;4,0;6,0;-2,0;True;Alta (2);6,140333333;Ágata;0,0;9,3;2,52;8,125;5,9;7,7125;5,0;4,3;7,0;6,3;4,0;;;;;;-2;2022;False;3
RA-271;2024;Aluno-271;F;17,0;2007,0;2022;2;Pública;EE Donizetti Aparecido Leite Professor;5M;5,0;6,0;-1,0;True;Moderada (1);7,400633333333334;Ametista;9,168;8,958333333333334;6,26;7,5;7,333333333333333;6,7475;5,0;5,0;7,5;9,5;4,0;;;;;;-1;2022;False;3
RA-272;2022;Aluno-272;M;14,0;2008,0;2021;1;Pública;;K;3,0;4,0;-1,0;True;Moderada (1);6,361;Ágata;9,2;5,7;7,5;;5,1;6,417;5,0;5,0;6,8;3,5;4,0;666;88;14;False;False;-1;2021;False;1
RA-273;2022;Aluno-273;F;14,0;2008,0;2018;4;Pública;;K;3,0;4,0;-1,0;True;Moderada (1);5,679;Quartzo;9,2;5,3;7,5;;3,0;5,833;5,0;3,8;4,7;0,5;4,0;761;110;15;False;False;-1;2018;True;3
RA-273;2023;Aluno-273;F;14,0;2008,0;2018;5;Pública;;3L;3,0;4,0;-1,0;True;Moderada (1);6,337116667;Ágata;7,9;7,4;2,52;7,8125;5,0;7,6275;5,0;5,3;6,8;3,0;4,0;;;;;;-1;2018;True;3
RA-273;2024;Aluno-273;F;16,0;2008,0;2018;6;Pública;EE Maria André Schunck Dona;4N;4,0;5,0;-1,0;True;Moderada (1);6,5991307798;Ágata;9,168;7,323153899;6,26;8,125;4,5;6,896;5,0;3,0;6,5;4,0;5,0;;;;;;-1;2021;True;3
RA-274;2022;Aluno-274;F;11,0;2011,0;2019;3;Privada - Parceira;;K;3,0;2,0;1,0;False;Adiantado;7,946;Ametista;7,9;8,3;7,5;;8,1;7,0;10,0;8,1;9,3;7,0;4,0;157;24;5;False;False;1;2019;True;3
RA-274;2023;Aluno-274;F;12,0;2011,0;2019;4;Privada - Apadrinhamento;;4M;4,0;3,0;1,0;False;Adiantado;8,137625;Topázio;7,5;9,5;5,63;7,65625;7,5;8,295;10,0;7,0;7,7;7,8;4,0;;;;;;1;2019;True;3
RA-274;2024;Aluno-274;F;13,0;2011,0;2019;5;Privada - Apadrinhamento;Colégio Arco Íris Evolução;5L;5,0;3,0;2,0;False;Adiantado;8,651029629666667;Topázio;8,334;9,648148148;5,635;8,125;9,333333333333334;8,226666667;10,0;9,0;9,0;10,0;3,0;;;;;;2;2021;True;3
RA-275;2022;Aluno-275;M;15,0;2007,0;2018;4;Pública;;K;3,0;5,0;-2,0;True;Alta (2);6,665;Ágata;9,6;6,9;7,5;;4,6;6,667;5,0;5,0;6,0;2,7;4,0;600;79;12;False;True;-2;2018;False;1
RA-276;2022;Aluno-276;F;14,0;2008,0;2017;5;Pública;;K;3,0;4,0;-1,0;True;Moderada (1);5,527;Quartzo;7,1;5,7;5,6;;4,3;5,125;5,0;3,7;6,0;3,3;4,0;788;118;16;False;False;-1;2017;False;2
RA-276;2023;Aluno-276;F;14,0;2008,0;2017;6;Privada - Apadrinhamento;;4M;4,0;4,0;0,0;False;Adequado;6,690458333;Ágata;6,3;8,5;2,52;7,03125;5,5;6,585;10,0;3,7;4,7;8,0;4,0;;;;;;0;2017;False;2
RA-277;2022;Aluno-277;M;14,0;2008,0;2021;1;Pública;;K;3,0;4,0;-1,0;True;Moderada (1);7,411;Ametista;7,1;8,8;7,5;;7,4;7,208;5,0;7,2;7,0;8,2;4,0;354;41;7;False;True;-1;2021;False;3
RA-277;2023;Aluno-277;M;15,0;2008,0;2021;2;Pública;;4M;4,0;5,0;-1,0;True;Moderada (1);7,7284;Ametista;8,3;9,9;7,52;8,125;5,5;8,7525;5,0;5,7;6,0;4,8;4,0;;;;;;-1;2021;False;3
RA-277;2024;Aluno-277;M;16,0;2008,0;2021;3;Privada - Bolsa 100%;FIAP School - SP;7E;7,0;5,0;2,0;False;Adiantado;8,0689833334;Topázio;8,334;9,741666667;6,5725;7,5;6,9;7,5;10,0;6,5;8,15;6,05;0,0;;;;;;2;2021;False;3
RA-278;2022;Aluno-278;M;12,0;2010,0;2018;4;Privada - Parceira;;K;3,0;3,0;0,0;False;Adequado;7,741;Ametista;8,8;9,2;5,6;;6,0;7,417;10,0;5,7;5,8;6,4;4,0;222;31;6;False;False;0;2018;True;3
RA-278;2023;Aluno-278;M;13,0;2010,0;2018;5;Pública;;4M;4,0;3,0;1,0;False;Adiantado;7,1935;Ametista;0,0;9,8;5,63;8,75;5,6;8,3775;10,0;6,0;5,3;5,5;4,0;;;;;;1;2018;True;3
RA-278;2024;Aluno-278;M;14,0;2010,0;2018;6;Privada - Apadrinhamento;Colégio Arco Íris Evolução;5N;5,0;4,0;1,0;False;Adiantado;8,907314492800001;Topázio;9,168;9,855072463666666;7,51;8,125;9,333333333333334;7,946666667;10,0;9,0;9,0;10,0;3,0;;;;;;1;2021;True;3
RA-279;2022;Aluno-279;M;13,0;2009,0;2019;3;Privada - Parceira;;K;3,0;3,0;0,0;False;Adequado;8,815;Topázio;9,2;9,9;6,3;;9,1;8,208;10,0;9,7;8,3;9,3;4,0;10;1;1;False;False;0;2019;True;3
RA-279;2023;Aluno-279;M;14,0;2009,0;2019;4;Pública;;4M;4,0;4,0;0,0;False;Adequado;9,006266667;Topázio;8,8;10,0;6,27;8,75;8,9;9,2125;10,0;9,0;8,5;9,3;4,0;;;;;;0;2019;True;3
RA-279;2024;Aluno-279;M;15,0;2009,0;2019;5;Privada - Apadrinhamento;Colégio Arco Íris Evolução;5N;5,0;4,0;1,0;False;Adiantado;9,113133333366669;Topázio;9,168;10,0;7,51;8,333333333;9,333333333333334;8,726666667;10,0;10,0;8,0;10,0;3,0;;;;;;1;2021;True;3
RA-28;2022;Aluno-28;F;17,0;2005,0;2019;3;Pública;;A;6,0;7,0;-1,0;True;Moderada (1);6,242;Ágata;7,9;6,1;7,5;;5,0;6,333;5,0;8,2;1,5;5,3;4,0;698;14;14;False;False;-1;2019;False;1
RA-280;2022;Aluno-280;F;13,0;2009,0;2021;1;Privada - Parceira;;K;3,0;3,0;0,0;False;Adequado;8,046;Ametista;7,5;9,2;7,5;;7,1;7,333;10,0;5,7;7,0;8,7;4,0;133;20;4;False;False;0;2021;False;3
RA-280;2023;Aluno-280;F;14,0;2009,0;2021;2;Privada - Apadrinhamento;;4M;4,0;4,0;0,0;False;Adequado;8,189225;Topázio;6,7;9,5;7,52;8,28125;6,5;8,7125;10,0;6,3;7,7;5,5;4,0;;;;;;0;2021;False;3
RA-280;2024;Aluno-280;F;15,0;2009,0;2021;3;Privada - Apadrinhamento;Colégio Arco Íris Evolução;5N;5,0;4,0;1,0;False;Adiantado;8,822714492700001;Topázio;7,917;9,855072463666666;6,26;8,333333333;9,333333333333334;8,67;10,0;10,0;8,0;10,0;3,0;;;;;;1;2021;False;3
RA-281;2022;Aluno-281;F;13,0;2009,0;2019;3;Pública;;K;3,0;3,0;0,0;False;Adequado;6,806;Ágata;6,7;6,9;7,5;;5,9;5,625;10,0;5,0;6,8;6,0;4,0;553;71;10;False;False;0;2019;False;1
RA-282;2022;Aluno-282;F;13,0;2009,0;2019;3;Pública;;K;3,0;3,0;0,0;False;Adequado;6,618;Ágata;8,8;6,8;7,5;;4,0;5,625;10,0;4,7;6,3;1,0;4,0;620;80;13;False;False;0;2019;False;1
RA-283;2022;Aluno-283;M;14,0;2008,0;2020;2;Pública;;K;3,0;4,0;-1,0;True;Moderada (1);7,131;Ametista;9,6;8,8;7,5;;5,6;6,625;5,0;4,5;5,8;6,6;4,0;448;54;9;False;False;-1;2020;True;3
RA-283;2023;Aluno-283;M;15,0;2008,0;2020;3;Pública;;3N;3,0;5,0;-2,0;True;Alta (2);7,549025;Ametista;8,3;9,5;7,52;7,03125;6,8;7,5025;5,0;6,8;4,8;8,8;4,0;;;;;;-2;2020;True;3
RA-283;2024;Aluno-283;M;16,0;2008,0;2020;4;Pública;EE Maria André Schunck Dona;4N;4,0;6,0;-2,0;True;Alta (2);7,9444309524;Ametista;8,751;9,761904762;6,885;7,8125;8,0;7,736;5,0;6,5;8,0;9,5;5,0;;;;;;-2;2021;True;3
RA-284;2022;Aluno-284;M;13,0;2009,0;2022;0;Pública;;L;3,0;3,0;0,0;False;Adequado;5,939;Quartzo;6,7;5,1;5,6;;3,8;5,958;10,0;7,0;4,5;0,0;4,0;734;106;3;False;False;0;2022;False;1
RA-285;2022;Aluno-285;F;16,0;2006,0;2020;2;Pública;;L;3,0;6,0;-3,0;True;Severa (3+);5,063;Quartzo;9,2;4,1;7,5;;2,8;5,75;2,5;4,0;3,2;1,2;4,0;817;126;5;False;False;-3;2020;False;2
RA-285;2023;Aluno-285;F;17,0;2006,0;2020;3;Pública;;4N;4,0;7,0;-3,0;True;Severa (3+);5,380358333;Quartzo;8,3;4,6;2,52;7,65625;4,7;7,13;2,5;4,0;6,0;4,0;4,0;;;;;;-3;2020;False;2
RA-286;2022;Aluno-286;F;15,0;2007,0;2022;0;Pública;;L;3,0;5,0;-2,0;True;Alta (2);5,424;Quartzo;7,1;5,8;6,3;;3,0;5,625;5,0;4,7;2,3;2,0;4,0;794;119;4;False;False;-2;2022;False;3
RA-286;2023;Aluno-286;F;15,0;2007,0;2022;1;Pública;;4L;4,0;5,0;-1,0;True;Moderada (1);5,713333333;Quartzo;0,0;7,5;5,0;8,125;4,7;7,3375;5,0;3,7;5,0;5,3;4,0;;;;;;-1;2022;False;3
RA-286;2024;Aluno-286;F;16,0;2007,0;2022;2;Pública;EE Donizetti Aparecido Leite Professor;5M;5,0;6,0;-1,0;True;Moderada (1);5,123180882333333;Quartzo;6,666;4,031862745000001;6,26;7,34375;3,1666666666666665;5,7825;5,0;5,0;0,0;4,5;4,0;;;;;;-1;2022;False;3
RA-287;2022;Aluno-287;F;17,0;2005,0;2022;0;Pública;;L;3,0;7,0;-4,0;True;Severa (3+);3,7;Quartzo;7,9;3,4;5,0;;1,1;4,292;2,5;0,7;2,5;0,2;4,0;859;148;11;False;False;-4;2022;False;2
RA-287;2023;Aluno-287;F;18,0;2005,0;2022;1;Pública;;4N;4,0;8,0;-4,0;True;Severa (3+);3,745541667;Quartzo;0,0;4,8;2,52;4,21875;3,9;5,375;2,5;3,0;2,3;6,5;4,0;;;;;;-4;2022;False;2
RA-288;2022;Aluno-288;F;16,0;2006,0;2022;0;Pública;;L;3,0;6,0;-3,0;True;Severa (3+);4,097;Quartzo;0,0;5,6;6,3;;0,0;6,833;2,5;;;;4,0;854;147;10;False;False;-3;2022;False;1
RA-289;2022;Aluno-289;F;14,0;2008,0;2020;2;Pública;;L;3,0;4,0;-1,0;True;Moderada (1);6,236;Ágata;0,0;7,8;6,3;;6,8;7,25;5,0;5,3;7,5;7,5;4,0;699;94;2;False;False;-1;2020;False;1
RA-29;2022;Aluno-29;M;17,0;2005,0;2022;0;Pública;;A;6,0;7,0;-1,0;True;Moderada (1);4,985;Quartzo;0,0;4,0;8,8;;3,7;7,611;5,0;6,3;1,1;3,8;4,0;821;16;16;False;True;-1;2022;False;3
RA-29;2023;Aluno-29;M;18,0;2005,0;2022;1;Privada - Bolsa 100%;;8E;8,0;8,0;0,0;False;Adequado;;;;;;;;;10,0;;;;;;;;;;0;2022;False;3
RA-29;2024;Aluno-29;M;19,0;2005,0;2022;2;Privada - Empresa parceira;Faculdade FIAP;8E;8,0;8,0;0,0;False;Adequado;;;;0,0;;;;;10,0;;;;0,0;;;;;;0;2022;False;3
RA-290;2022;Aluno-290;F;17,0;2005,0;2022;0;Pública;;L;3,0;7,0;-4,0;True;Severa (3+);4,929;Quartzo;10,0;3,9;6,3;;1,7;6,042;2,5;1,0;2,3;1,8;4,0;830;131;7;False;False;-4;2022;False;1
RA-291;2022;Aluno-291;M;13,0;2009,0;2022;0;Pública;;L;3,0;3,0;0,0;False;Adequado;8,122;Topázio;8,3;8,2;6,9;;8,0;7,792;10,0;8,0;7,5;8,5;4,0;107;18;1;False;True;0;2022;False;3
RA-291;2023;Aluno-291;M;14,0;2009,0;2022;1;Privada - Apadrinhamento;;4M;4,0;4,0;0,0;False;Adequado;8,493058333;Topázio;8,8;8,6;7,52;8,90625;7,1;9,21;10,0;8,0;6,5;6,7;4,0;;;;;;0;2022;False;3
RA-291;2024;Aluno-291;M;15,0;2009,0;2022;2;Privada - Apadrinhamento;FIAP School - SP;7E;7,0;5,0;2,0;False;Adiantado;7,931966666733333;Ametista;8,751;9,737666667;6,26;7,5;6,166666666666667;7,5;10,0;6,0;6,5;6,0;0,0;;;;;;2;2022;False;3
RA-292;2022;Aluno-292;M;16,0;2006,0;2022;0;Pública;;L;3,0;6,0;-3,0;True;Severa (3+);4,837;Quartzo;7,9;3,7;7,5;;1,8;6,292;2,5;0,0;5,0;0,5;4,0;833;134;9;False;False;-3;2022;False;1
RA-293;2022;Aluno-293;M;13,0;2009,0;2022;0;Pública;;L;3,0;3,0;0,0;False;Adequado;4,875;Quartzo;8,8;2,9;7,5;;2,3;3,333;10,0;2,0;3,8;1,0;4,0;831;132;8;False;False;0;2022;False;1
RA-294;2022;Aluno-294;F;18,0;2004,0;2022;0;Pública;;L;3,0;8,0;-5,0;True;Severa (3+);5,031;Quartzo;9,6;5,8;7,5;;0,0;5,917;2,5;;;;4,0;819;127;6;False;False;-5;2022;False;1
RA-295;2022;Aluno-295;F;14,0;2008,0;2022;0;Pública;;M;3,0;4,0;-1,0;True;Moderada (1);7,305;Ametista;7,9;8,0;7,5;;6,9;7,375;5,0;5,3;7,7;7,7;4,0;386;45;2;False;True;-1;2022;False;2
RA-295;2023;Aluno-295;F;15,0;2008,0;2022;1;Pública;;4L;4,0;5,0;-1,0;True;Moderada (1);7,641016667;Ametista;8,8;8,8;2,52;9,0625;7,7;9,005;5,0;7,3;7,2;8,7;4,0;;;;;;-1;2022;False;2
RA-296;2022;Aluno-296;F;15,0;2007,0;2022;0;Pública;;M;3,0;5,0;-2,0;True;Alta (2);4,665;Quartzo;8,8;3,6;7,5;;2,8;3,833;5,0;5,7;2,7;0,2;4,0;839;137;16;False;False;-2;2022;False;1
RA-297;2022;Aluno-297;F;13,0;2009,0;2022;0;Pública;;M;3,0;3,0;0,0;False;Adequado;7,478;Ametista;7,1;7,9;6,3;;6,6;7,417;10,0;6,3;5,3;8,2;4,0;324;36;1;False;True;0;2022;False;1
RA-298;2022;Aluno-298;M;13,0;2009,0;2019;3;Pública;;M;3,0;3,0;0,0;False;Adequado;6,409;Ágata;9,2;6,3;5,6;;5,2;5,417;10,0;5,5;4,8;;4,0;659;86;7;False;False;0;2019;False;2
RA-298;2023;Aluno-298;M;14,0;2009,0;2019;4;Pública;;3K;3,0;4,0;-1,0;True;Moderada (1);6,824333333;Ágata;9,6;8,6;2,52;7,5;5,5;7,7525;5,0;7,7;4,5;4,2;4,0;;;;;;-1;2019;False;2
RA-299;2022;Aluno-299;F;13,0;2009,0;2019;3;Privada - Parceira;;M;3,0;3,0;0,0;False;Adequado;7,278;Ametista;7,1;8,2;5,0;;6,8;6,708;10,0;6,3;7,3;6,7;4,0;404;48;3;False;False;0;2019;True;3
RA-299;2023;Aluno-299;F;14,0;2009,0;2019;4;Privada - Apadrinhamento;;4M;4,0;4,0;0,0;False;Adequado;6,796541667;Ágata;0,0;9,6;2,52;7,96875;6,1;8,005;10,0;5,0;7,2;6,2;4,0;;;;;;0;2019;True;3
RA-299;2024;Aluno-299;F;15,0;2009,0;2019;5;Privada - Apadrinhamento;Colégio Arco Íris Evolução;5N;5,0;4,0;1,0;False;Adiantado;8,177186956533333;Topázio;8,751;8,963768115999999;6,26;7,5;8,166666666666666;7,5;10,0;8,0;7,5;9,0;3,0;;;;;;1;2021;True;3
RA-3;2022;Aluno-3;F;17,0;2005,0;2016;6;Privada - Parceira;;A;7,0;7,0;0,0;False;Adequado;6,591;Ágata;0,0;7,9;5,6;;5,6;7,556;10,0;5,8;4,0;6,9;4,0;629;13;6;False;False;0;2016;False;1
RA-30;2022;Aluno-30;F;16,0;2006,0;2021;1;Pública;;A;6,0;6,0;0,0;False;Adequado;7,605;Ametista;8,8;6,4;7,5;;7,5;7,333;10,0;8,5;4,4;9,7;4,0;270;9;9;False;False;0;2021;False;1
RA-300;2022;Aluno-300;M;14,0;2008,0;2022;0;Pública;;M;3,0;4,0;-1,0;True;Moderada (1);5,557;Quartzo;5,4;6,9;6,3;;3,1;5,875;5,0;2,7;4,8;1,7;4,0;781;116;14;False;True;-1;2022;False;2
RA-300;2023;Aluno-300;M;15,0;2008,0;2022;1;Pública;;3K;3,0;5,0;-2,0;True;Alta (2);5,616691667;Quartzo;5,0;7,5;2,52;6,40625;4,5;6,5875;5,0;4,5;5,3;3,8;4,0;;;;;;-2;2022;False;2
RA-301;2022;Aluno-301;F;13,0;2009,0;2019;3;Pública;;M;3,0;3,0;0,0;False;Adequado;6,802;Ágata;8,8;5,8;5,6;;6,3;6,042;10,0;6,5;7,2;5,4;4,0;554;72;5;False;True;0;2019;True;3
RA-301;2023;Aluno-301;F;14,0;2009,0;2019;4;Pública;;4L;4,0;4,0;0,0;False;Adequado;6,760341667;Ágata;9,2;5,4;7,52;6,71875;5,2;6,465;10,0;4,7;6,5;4,5;4,0;;;;;;0;2019;True;3
RA-301;2024;Aluno-301;F;15,0;2009,0;2019;5;Pública;EE Maria André Schunck Dona;4M;4,0;4,0;0,0;False;Adequado;8,410830701766667;Topázio;9,168;7,494736842333332;7,51;8,020833333;9,0;8,21;10,0;10,0;9,0;8,0;4,0;;;;;;0;2021;True;3
RA-302;2022;Aluno-302;M;16,0;2006,0;2022;0;Pública;;M;3,0;6,0;-3,0;True;Severa (3+);6,334;Ágata;9,2;7,7;6,9;;4,8;6,208;2,5;4,3;5,0;5,0;4,0;673;90;10;False;False;-3;2022;False;2
RA-302;2023;Aluno-302;M;17,0;2006,0;2022;1;Pública;;5L;5,0;7,0;-2,0;True;Alta (2);5,314333333;Quartzo;0,0;7,3;5,0;7,5;4,3;6,255;5,0;4,7;2,3;5,8;4,0;;;;;;-2;2022;False;2
RA-303;2022;Aluno-303;M;14,0;2008,0;2019;3;Pública;;M;3,0;4,0;-1,0;True;Moderada (1);6,03;Ágata;7,5;7,2;7,5;;3,9;5,375;5,0;3,8;4,0;;4,0;723;102;13;False;False;-1;2019;True;3
RA-303;2023;Aluno-303;M;15,0;2008,0;2019;4;Pública;;3M;3,0;5,0;-2,0;True;Alta (2);5,914291667;Quartzo;0,0;7,3;7,52;7,65625;5,1;7,05;5,0;5,7;5,2;4,5;4,0;;;;;;-2;2019;True;3
RA-303;2024;Aluno-303;M;16,0;2008,0;2019;5;Pública;EE Donizetti Aparecido Leite Professor;4M;4,0;6,0;-2,0;True;Alta (2);6,2443426900666665;Ágata;8,751;3,9520467836666655;7,51;6,875;5,666666666666667;7,535;5,0;5,0;5,0;7,0;4,0;;;;;;-2;2021;True;3
RA-304;2022;Aluno-304;M;15,0;2007,0;2020;2;Pública;;M;3,0;5,0;-2,0;True;Alta (2);6,355;Ágata;8,8;7,7;7,5;;4,3;5,542;5,0;3,0;5,5;;4,0;667;89;9;False;True;-2;2020;True;3
RA-304;2023;Aluno-304;M;15,0;2007,0;2020;3;Pública;;3N;3,0;5,0;-2,0;True;Alta (2);6,241583333;Ágata;0,0;8,8;5,0;7,8125;5,7;7,835;5,0;7,0;3,7;6,3;4,0;;;;;;-2;2020;True;3
RA-304;2024;Aluno-304;M;16,0;2007,0;2020;4;Pública;EE Maria André Schunck Dona;3N;3,0;6,0;-3,0;True;Severa (3+);6,852411484600001;Ágata;10,002;7,826890756333333;7,51;6,875;7,166666666666667;5,825;2,5;9,0;5,5;7,0;2,0;;;;;;-3;2021;True;3
RA-305;2022;Aluno-305;M;14,0;2008,0;2019;3;Pública;;M;3,0;4,0;-1,0;True;Moderada (1);6,058;Ágata;7,9;6,6;7,5;;4,8;5,208;5,0;2,8;6,7;;4,0;717;100;12;False;False;-1;2019;True;3
RA-305;2023;Aluno-305;M;15,0;2008,0;2019;4;Pública;;3L;3,0;5,0;-2,0;True;Alta (2);6,394291667;Ágata;0,0;8,9;7,52;7,65625;5,2;7,75;5,0;5,2;4,8;5,7;4,0;;;;;;-2;2019;True;3
RA-305;2024;Aluno-305;M;16,0;2008,0;2019;5;Pública;EE Maria André Schunck Dona;4N;4,0;5,0;-1,0;True;Moderada (1);6,693026811600001;Ágata;8,334;7,898550724666666;6,26;7,8125;4,833333333333333;7,03;5,0;3,0;3,0;8,5;5,0;;;;;;-1;2021;True;3
RA-306;2022;Aluno-306;F;14,0;2008,0;2021;1;Pública;;M;3,0;4,0;-1,0;True;Moderada (1);6,427;Ágata;8,3;6,8;7,5;;5,2;5,958;5,0;4,7;5,8;5,0;4,0;656;85;6;False;False;-1;2021;False;3
RA-306;2023;Aluno-306;F;15,0;2008,0;2021;2;Pública;;4M;4,0;5,0;-1,0;True;Moderada (1);5,732375;Quartzo;0,0;7,9;6,26;7,34375;4,0;7,46;5,0;4,7;4,5;2,8;4,0;;;;;;-1;2021;False;3
RA-306;2024;Aluno-306;F;16,0;2008,0;2021;3;Pública;EE Donizetti Aparecido Leite Professor;5M;5,0;6,0;-1,0;True;Moderada (1);6,1661539474;Ágata;7,917;7,699561403666666;7,51;7,34375;2,833333333333333;6,4125;5,0;3,5;1,5;3,5;4,0;;;;;;-1;2021;False;3
RA-307;2022;Aluno-307;M;14,0;2008,0;2022;0;Pública;;M;3,0;4,0;-1,0;True;Moderada (1);4,733;Quartzo;5,4;4,5;7,5;;2,5;4,708;5,0;5,0;0,0;;4,0;838;136;15;False;False;-1;2022;False;2
RA-307;2023;Aluno-307;M;15,0;2008,0;2022;1;Pública;;3N;3,0;5,0;-2,0;True;Alta (2);6,047333333;Ágata;0,0;6,5;7,52;7,5;6,3;7,46;5,0;6,3;7,3;5,2;4,0;;;;;;-2;2022;False;2
RA-308;2022;Aluno-308;M;13,0;2009,0;2019;3;Pública;;M;3,0;3,0;0,0;False;Adequado;6,93;Ágata;7,9;7,4;6,9;;5,0;6,167;10,0;6,7;5,5;2,8;4,0;514;66;4;False;True;0;2019;True;3
RA-308;2023;Aluno-308;M;14,0;2009,0;2019;4;Pública;;4L;4,0;4,0;0,0;False;Adequado;6,578558333;Ágata;5,4;6,8;5,0;7,03125;4,9;7,5025;10,0;4,7;5,2;4,7;4,0;;;;;;0;2019;True;3
RA-308;2024;Aluno-308;M;15,0;2009,0;2019;5;Pública;EE Leonice de Aquino Oliveira;5M;5,0;4,0;1,0;False;Adiantado;7,489282456133334;Ametista;7,083;8,714912280666667;5,635;7,5;6,5;7,1225;10,0;5,5;7,0;7,0;4,0;;;;;;1;2021;True;3
RA-309;2022;Aluno-309;F;14,0;2008,0;2022;0;Pública;;M;3,0;4,0;-1,0;True;Moderada (1);6,151;Ágata;9,2;5,2;7,5;;6,5;5,083;5,0;7,0;6,0;;4,0;702;96;11;False;False;-1;2022;False;1
RA-31;2022;Aluno-31;F;17,0;2005,0;2019;3;Privada - Parceira;;A;6,0;7,0;-1,0;True;Moderada (1);8,843;Topázio;10,0;9,5;9,4;;8,0;10,0;5,0;9,0;5,7;9,3;4,0;9;2;2;True;False;-1;2019;True;3
RA-31;2023;Aluno-31;F;18,0;2005,0;2019;4;Privada - Bolsa 100%;;8E;8,0;8,0;0,0;False;Adequado;;;;;;;;;10,0;;;;;;;;;;0;2019;True;3
RA-31;2024;Aluno-31;F;19,0;2005,0;2019;5;Privada - Bolsa 100%;ESPM;8E;8,0;8,0;0,0;False;Adequado;;;;0,0;;;;;10,0;;;;0,0;;;;;;0;2021;True;3
RA-310;2022;Aluno-310;F;15,0;2007,0;2022;0;Pública;;M;3,0;5,0;-2,0;True;Alta (2);6,4;Ágata;7,9;7,5;7,5;;4,5;6,0;5,0;3,7;3,8;6,0;4,0;662;87;8;False;True;-2;2022;False;1
RA-311;2022;Aluno-311;F;16,0;2006,0;2022;0;Pública;;N;3,0;6,0;-3,0;True;Severa (3+);5,652;Quartzo;7,9;5,6;5,0;;5,2;6,222;2,5;5,0;6,2;4,3;3,0;771;114;13;False;False;-3;2022;False;1
RA-312;2022;Aluno-312;F;13,0;2009,0;2022;0;Pública;;N;3,0;3,0;0,0;False;Adequado;7,339;Ametista;9,6;8,1;7,5;;5,2;6,167;10,0;6,0;4,5;5,0;3,0;378;43;5;False;False;0;2022;False;1
RA-313;2022;Aluno-313;F;14,0;2008,0;2022;0;Pública;;N;3,0;4,0;-1,0;True;Moderada (1);5,8;Quartzo;7,5;7,0;5,0;;4,1;5,889;5,0;4,7;5,0;2,5;3,0;750;108;11;False;False;-1;2022;False;3
RA-313;2023;Aluno-313;F;14,0;2008,0;2022;1;Pública;;4L;4,0;4,0;0,0;False;Adequado;7,011091667;Ametista;9,2;8,7;2,52;7,65625;3,9;7,75;10,0;4,0;2,8;5,0;4,0;;;;;;0;2022;False;3
RA-313;2024;Aluno-313;F;15,0;2008,0;2022;2;Pública;EE Donizetti Aparecido Leite Professor;4L;4,0;5,0;-1,0;True;Moderada (1);7,25285;Ametista;8,751;9,666666666666666;5,63;7,8125;4,833333333333333;8,1675;5,0;1,0;8,0;5,5;4,0;;;;;;-1;2022;False;3
RA-314;2022;Aluno-314;F;13,0;2009,0;2022;0;Pública;;N;3,0;3,0;0,0;False;Adequado;6,1;Ágata;5,4;5,4;5,0;;5,3;6,0;10,0;4,3;3,3;8,3;3,0;708;98;10;False;False;0;2022;False;1
RA-315;2022;Aluno-315;F;13,0;2009,0;2022;0;Pública;;N;3,0;3,0;0,0;False;Adequado;5,672;Quartzo;6,7;5,1;7,5;;3,0;5,056;10,0;3,0;4,2;1,8;3,0;764;111;12;False;False;0;2022;False;3
RA-315;2023;Aluno-315;F;14,0;2009,0;2022;1;Pública;;3N;3,0;4,0;-1,0;True;Moderada (1);5,977708333;Quartzo;0,0;6,8;5,0;7,96875;6,3;7,8375;5,0;5,7;6,8;6,3;4,0;;;;;;-1;2022;False;3
RA-315;2024;Aluno-315;F;15,0;2009,0;2022;2;Pública;EE Donizetti Aparecido Leite Professor;4M;4,0;5,0;-1,0;True;Moderada (1);6,0768703704;Ágata;0,0;5,918518518666667;7,51;7,5;6,833333333333333;7,6275;5,0;6,5;6,5;7,5;4,0;;;;;;-1;2022;False;3
RA-316;2022;Aluno-316;F;14,0;2008,0;2022;0;Pública;;N;3,0;4,0;-1,0;True;Moderada (1);7,889;Ametista;10,0;10,0;6,9;;6,1;8,389;5,0;7,0;6,5;4,7;3,0;174;28;2;True;True;-1;2022;False;3
RA-316;2023;Aluno-316;F;14,0;2008,0;2022;1;Pública;;4M;4,0;4,0;0,0;False;Adequado;8,436908333;Topázio;10,0;9,5;7,52;8,59375;5,7;8,96;10,0;6,3;5,7;5,0;4,0;;;;;;0;2022;False;3
RA-316;2024;Aluno-316;F;15,0;2008,0;2022;2;Privada - Apadrinhamento;Colégio Arco Íris Evolução;5M;5,0;5,0;0,0;False;Adequado;8,708925;Topázio;9,168;10,0;7,51;7,65625;8,0;8,3775;10,0;8,5;7,0;8,5;4,0;;;;;;0;2022;False;3
RA-317;2022;Aluno-317;M;13,0;2009,0;2021;1;Pública;;N;3,0;3,0;0,0;False;Adequado;7,04;Ametista;8,8;5,6;7,5;;6,8;5,944;10,0;4,7;5,7;10,0;3,0;474;59;6;False;False;0;2021;False;1
RA-318;2022;Aluno-318;F;14,0;2008,0;2019;3;Pública;;N;3,0;4,0;-1,0;True;Moderada (1);6,527;Ágata;8,3;6,9;6,9;;5,8;6,111;5,0;4,3;5,8;7,3;3,0;640;83;9;False;False;-1;2019;True;3
RA-318;2023;Aluno-318;F;15,0;2008,0;2019;4;Pública;;4M;4,0;5,0;-1,0;True;Moderada (1);6,856575;Ágata;7,9;8,1;6,26;7,96875;4,9;7,71;5,0;5,0;5,0;4,7;4,0;;;;;;-1;2019;True;3
RA-318;2024;Aluno-318;F;16,0;2008,0;2019;5;Pública;EE Donizetti Aparecido Leite Professor;5L;5,0;6,0;-1,0;True;Moderada (1);7,025000925866668;Ametista;7,917;9,129629629666669;7,51;7,34375;4,666666666666667;7,443333333;5,0;2,0;6,0;6,0;3,0;;;;;;-1;2021;True;3
RA-319;2022;Aluno-319;M;13,0;2009,0;2022;0;Pública;;N;3,0;3,0;0,0;False;Adequado;7,448;Ametista;9,2;7,7;7,5;;5,2;7,5;10,0;6,3;4,3;5,0;3,0;336;37;4;False;False;0;2022;False;3
RA-319;2023;Aluno-319;M;14,0;2009,0;2022;1;Concluiu o 3º EM;;4N;4,0;4,0;0,0;False;Adequado;8,367208333;Topázio;9,6;9,2;5,0;8,59375;7,2;8,88;10,0;5,7;5,8;10,0;4,0;;;;;;0;2022;False;3
RA-319;2024;Aluno-319;M;15,0;2009,0;2022;2;Pública;EE Donizetti Aparecido Leite Professor;5L;5,0;5,0;0,0;False;Adequado;7,948699561466667;Ametista;9,585;9,024122807;7,51;7,34375;5,833333333333333;7,666666667;10,0;4,0;5,0;8,5;3,0;;;;;;0;2022;False;3
RA-32;2022;Aluno-32;F;16,0;2006,0;2018;4;Privada - Parceira;;A;6,0;6,0;0,0;False;Adequado;7,37;Ametista;8,8;5,2;8,8;;6,1;7,944;10,0;5,7;3,6;8,9;4,0;370;11;11;False;False;0;2018;False;2
RA-32;2023;Aluno-32;F;17,0;2006,0;2018;5;Privada - Apadrinhamento;;7A;7,0;7,0;0,0;False;Adequado;6,716666667;Ágata;0,0;8,2;3,77;7,375;7,9;6,8775;10,0;9,0;5,8;9,0;4,0;;;;;;0;2018;False;2
RA-320;2022;Aluno-320;F;14,0;2008,0;2022;0;Pública;;N;3,0;4,0;-1,0;True;Moderada (1);7,897;Ametista;8,8;10,0;6,9;;6,4;8,667;5,0;7,3;6,3;5,7;3,0;170;27;1;True;True;-1;2022;False;3
RA-320;2023;Aluno-320;F;14,0;2008,0;2022;1;Pública;;4M;4,0;4,0;0,0;False;Adequado;8,393508333;Topázio;9,2;9,9;7,52;8,59375;5,5;8,96;10,0;5,7;6,0;4,7;4,0;;;;;;0;2022;False;3
RA-320;2024;Aluno-320;F;15,0;2008,0;2022;2;Privada - Apadrinhamento;Colégio Arco Íris Evolução;5M;5,0;5,0;0,0;False;Adequado;8,442258333333335;Topázio;9,168;10,0;7,51;7,65625;6,666666666666667;8,3775;10,0;7,5;5,5;7,0;4,0;;;;;;0;2022;False;3
RA-321;2022;Aluno-321;F;12,0;2010,0;2022;0;Pública;;N;3,0;3,0;0,0;False;Adequado;7,792;Ametista;9,2;9,1;5,6;;5,2;8,278;10,0;5,7;6,2;3,7;3,0;202;30;3;False;True;0;2022;False;3
RA-321;2023;Aluno-321;F;13,0;2010,0;2022;1;Pública;;4N;4,0;3,0;1,0;False;Adiantado;7,695233333;Ametista;8,3;9,4;2,52;8,125;6,2;8,42;10,0;6,0;5,8;6,7;4,0;;;;;;1;2022;False;3
RA-321;2024;Aluno-321;F;14,0;2010,0;2022;2;Pública;EE Donizetti Aparecido Leite Professor;5N;5,0;4,0;1,0;False;Adiantado;8,125807932933334;Topázio;7,917;9,534706331;6,26;8,125;7,166666666666667;7,776666667;10,0;6,0;6,0;9,5;3,0;;;;;;1;2022;False;3
RA-322;2022;Aluno-322;F;13,0;2009,0;2022;0;Pública;;N;3,0;3,0;0,0;False;Adequado;6,859;Ágata;7,1;8,1;5,0;;4,7;6,778;10,0;4,3;5,7;4,0;3,0;536;70;8;False;False;0;2022;False;2
RA-322;2023;Aluno-322;F;14,0;2009,0;2022;1;Pública;;4N;4,0;4,0;0,0;False;Adequado;7,037808333;Ametista;6,7;8,3;2,52;7,96875;5,3;8,045;10,0;4,0;5,5;6,3;4,0;;;;;;0;2022;False;2
RA-323;2022;Aluno-323;M;13,0;2009,0;2022;0;Pública;;N;3,0;3,0;0,0;False;Adequado;6,86;Ágata;9,2;7,3;7,5;;3,4;6,611;10,0;7,3;2,5;0,5;3,0;535;69;7;False;False;0;2022;False;1
RA-324;2022;Aluno-324;F;10,0;2012,0;2022;0;Pública;;A;2,0;2,0;0,0;False;Adequado;8,27;Topázio;10,0;9,3;6,9;;6,8;8,611;10,0;6,3;7,2;;3,0;66;6;1;True;True;0;2022;False;2
RA-324;2023;Aluno-324;F;11,0;2012,0;2022;1;Pública;;2D;2,0;2,0;0,0;False;Adequado;7,6354;Ametista;5,8;9,0;2,52;8,125;8,4;7,5875;10,0;8,0;8,7;;3,0;;;;;;0;2022;False;2
RA-325;2022;Aluno-325;M;10,0;2012,0;2022;0;Pública;;A;2,0;2,0;0,0;False;Adequado;7,619;Ametista;9,5;6,8;7,5;;6,0;8,444;10,0;6,0;6,0;;3,0;265;42;6;True;True;0;2022;False;3
RA-325;2023;Aluno-325;M;11,0;2012,0;2022;1;Pública;;2D;2,0;2,0;0,0;False;Adequado;6,243;Ágata;0,0;7,1;5,0;8,125;5,6;7,0025;10,0;3,8;7,3;;3,0;;;;;;0;2022;False;3
RA-325;2024;Aluno-325;M;12,0;2012,0;2022;2;Pública;EE Paschoal Carlos Magno;3C;3,0;3,0;0,0;False;Adequado;8,385133333233336;Topázio;9,168;9,866666666666667;7,51;8,333333333;7,0;7,553333333;10,0;7,0;5,5;8,5;3,0;;;;;;0;2022;False;3
RA-326;2022;Aluno-326;F;12,0;2010,0;2022;0;Pública;;A;2,0;3,0;-1,0;True;Moderada (1);8,22;Topázio;10,0;9,7;5,0;;9,0;8,944;5,0;8,7;9,3;;3,0;80;9;2;True;True;-1;2022;False;3
RA-326;2023;Aluno-326;F;13,0;2010,0;2022;1;Privada;;3A;3,0;3,0;0,0;False;Adequado;8,65075;Topázio;9,6;9,4;3,14;9,0625;8,2;9,76;10,0;8,3;7,5;8,8;4,0;;;;;;0;2022;False;3
RA-326;2024;Aluno-326;F;14,0;2010,0;2022;2;Privada;Recanto Betânia Centro Educacional;4A;4,0;3,0;1,0;False;Adiantado;8,832389092333335;Topázio;9,168;8,973112128333334;6,26;8,875;9,333333333333334;8,704;10,0;10,0;9,0;9,0;5,0;;;;;;1;2022;False;3
RA-327;2022;Aluno-327;M;11,0;2011,0;2021;1;Pública;;A;2,0;2,0;0,0;False;Adequado;6,986;Ágata;8,5;8,8;7,5;;2,8;7,333;10,0;2,3;3,2;;3,0;491;72;7;False;False;0;2021;False;1
RA-328;2022;Aluno-328;M;12,0;2010,0;2020;2;Pública;;A;2,0;3,0;-1,0;True;Moderada (1);6,823;Ágata;10,0;7,0;7,5;;5,3;7,5;5,0;4,0;6,5;;3,0;548;86;8;False;False;-1;2020;False;1
RA-329;2022;Aluno-329;M;11,0;2011,0;2019;3;Pública;;A;2,0;2,0;0,0;False;Adequado;6,313;Ágata;7,4;6,9;4,4;;5,0;5,778;10,0;3,0;7,0;;3,0;683;126;12;False;False;0;2019;False;1
RA-33;2022;Aluno-33;F;17,0;2005,0;2020;2;Pública;;A;6,0;7,0;-1,0;True;Moderada (1);4,952;Quartzo;0,0;4,6;7,5;;4,8;6,0;5,0;9,0;1,6;3,7;4,0;824;17;17;False;False;-1;2020;False;1
RA-330;2022;Aluno-330;F;14,0;2008,0;2018;4;Pública;;A;2,0;4,0;-2,0;True;Alta (2);6,446;Ágata;9,5;8,8;7,5;;2,5;7,056;5,0;2,3;2,7;;3,0;651;116;11;False;False;-2;2018;False;2
RA-330;2023;Aluno-330;F;15,0;2008,0;2018;5;Pública;;3A;3,0;5,0;-2,0;True;Alta (2);6,084875;Ágata;9,6;7,2;6,89;6,71875;3,3;5,8275;5,0;3,8;3,8;2,3;4,0;;;;;;-2;2018;False;2
RA-331;2022;Aluno-331;F;12,0;2010,0;2019;3;Pública;;A;2,0;3,0;-1,0;True;Moderada (1);6,636;Ágata;9,0;8,7;7,5;;3,7;6,944;5,0;2,3;5,0;;3,0;613;105;10;False;False;-1;2019;True;3
RA-331;2023;Aluno-331;F;13,0;2010,0;2019;4;Pública;;3B;3,0;3,0;0,0;False;Adequado;7,039791667;Ametista;9,6;8,6;2,52;7,03125;5,2;6,7975;10,0;5,7;4,8;5,2;4,0;;;;;;0;2019;True;3
RA-331;2024;Aluno-331;F;14,0;2010,0;2019;5;Pública;EE Leonice de Aquino Oliveira;3B;3,0;4,0;-1,0;True;Moderada (1);6,231045707066668;Ágata;8,751;7,735353535333334;8,755;6,09375;3,5;5,62;5,0;4,0;3,5;3,0;4,0;;;;;;-1;2021;True;3
RA-332;2022;Aluno-332;M;13,0;2009,0;2017;5;Privada - Parceira;;A;2,0;3,0;-1,0;True;Moderada (1);7,883;Ametista;9,5;9,0;8,1;;7,5;8,5;5,0;7,5;7,5;;3,0;176;27;5;True;False;-1;2017;True;3
RA-332;2023;Aluno-332;M;14,0;2009,0;2017;6;Privada - Apadrinhamento;;3A;3,0;4,0;-1,0;True;Moderada (1);8,002591667;Topázio;9,2;8,4;8,76;8,28125;6,8;9,175;5,0;6,3;7,7;6,5;4,0;;;;;;-1;2017;True;3
RA-332;2024;Aluno-332;M;15,0;2009,0;2017;7;Privada - Apadrinhamento;Colégio Arco Íris Evolução;4A;4,0;3,0;1,0;False;Adiantado;8,421271701;Topázio;9,585;7,605358505000001;9,38;8,625;7,0;8,706;10,0;7,0;7,0;7,0;5,0;;;;;;1;2021;True;3
RA-333;2022;Aluno-333;M;14,0;2008,0;2018;4;Privada - Parceira;;A;2,0;4,0;-2,0;True;Alta (2);5,249;Quartzo;8,0;5,8;3,8;;2,9;6,722;5,0;0,2;5,7;;3,0;807;153;13;False;False;-2;2018;False;1
RA-334;2022;Aluno-334;F;11,0;2011,0;2019;3;Privada - Parceira;;A;2,0;2,0;0,0;False;Adequado;7,961;Ametista;6,9;9,2;4,4;;8,0;8,722;10,0;7,0;9,0;;3,0;151;20;3;True;False;0;2019;False;1
RA-335;2022;Aluno-335;M;10,0;2012,0;2022;0;Pública;;A;2,0;2,0;0,0;False;Adequado;7,902;Ametista;9,5;9,4;7,5;;7,4;6,833;10,0;5,8;9,0;;3,0;168;25;4;False;False;0;2022;False;1
RA-336;2022;Aluno-336;M;13,0;2009,0;2016;6;Pública;;A;2,0;3,0;-1,0;True;Moderada (1);6,787;Ágata;9,5;8,5;4,4;;5,1;7,889;5,0;4,5;5,7;;3,0;560;87;9;False;False;-1;2016;True;3
RA-336;2023;Aluno-336;M;14,0;2009,0;2016;7;Pública;;3B;3,0;4,0;-1,0;True;Moderada (1);5,887708333;Quartzo;0,0;7,5;6,89;7,34375;5,1;7,255;5,0;6,7;5,2;3,3;4,0;;;;;;-1;2016;True;3
RA-336;2024;Aluno-336;M;15,0;2009,0;2016;8;Pública;EE Mario Francisco de Amorim;4A;4,0;4,0;0,0;False;Adequado;6,834286748466667;Ágata;7,5;5,512100409000001;6,26;7,5;5,833333333333333;7,196;10,0;6,0;6,5;5,0;5,0;;;;;;0;2021;True;3
RA-337;2022;Aluno-337;M;11,0;2011,0;2022;0;Pública;;B;2,0;2,0;0,0;False;Adequado;7,914;Ametista;10,0;9,3;7,5;;5,8;7,611;10,0;7,5;4,0;;3,0;163;22;3;False;False;0;2022;False;1
RA-338;2022;Aluno-338;M;12,0;2010,0;2019;3;Pública;;B;2,0;3,0;-1,0;True;Moderada (1);6,837;Ágata;8,5;7,3;7,5;;5,8;7,611;5,0;5,3;6,2;;3,0;544;84;10;False;False;-1;2019;True;3
RA-338;2023;Aluno-338;M;13,0;2010,0;2019;4;Pública;;3D;3,0;3,0;0,0;False;Adequado;8,287441667;Topázio;8,3;9,1;7,52;8,59375;6,7;8,38;10,0;8,7;7,0;4,5;4,0;;;;;;0;2019;True;3
RA-338;2024;Aluno-338;M;14,0;2010,0;2019;5;Pública;EE Leonice de Aquino Oliveira;4B;4,0;4,0;0,0;False;Adequado;8,052795331466667;Topázio;9,168;7,441643324;7,51;7,625;6,833333333333333;8,8375;10,0;5,0;8,0;7,5;4,0;;;;;;0;2021;True;3
RA-339;2022;Aluno-339;F;11,0;2011,0;2019;3;Pública;;B;2,0;2,0;0,0;False;Adequado;8,488;Topázio;6,9;9,9;7,5;;8,1;8,889;10,0;7,1;9,2;;3,0;36;3;1;True;True;0;2019;True;3
RA-339;2023;Aluno-339;F;12,0;2011,0;2019;4;Pública;;3D;3,0;3,0;0,0;False;Adequado;7,377583333;Ametista;0,0;8,9;7,52;7,8125;7,1;8,255;10,0;7,7;5,7;7,8;4,0;;;;;;0;2019;True;3
RA-339;2024;Aluno-339;F;13,0;2011,0;2019;5;Pública;EE Leonice de Aquino Oliveira;4A;4,0;3,0;1,0;False;Adiantado;7,711540746133334;Ametista;7,5;7,155537064000001;5,635;8,0;8,166666666666666;7,668;10,0;8,0;7,0;9,5;5,0;;;;;;1;2021;True;3
RA-34;2022;Aluno-34;M;17,0;2005,0;2016;6;Privada - Parceira;;A;6,0;7,0;-1,0;True;Moderada (1);6,259;Ágata;9,6;4,8;8,1;;3,8;7,278;5,0;4,7;4,0;2,8;4,0;692;13;13;False;False;-1;2016;False;2
RA-34;2023;Aluno-34;M;18,0;2005,0;2016;7;Privada - Bolsa 100%;;8E;8,0;8,0;0,0;False;Adequado;;;;;;;;;10,0;;;;;;;;;;0;2016;False;2
RA-340;2022;Aluno-340;M;11,0;2011,0;2017;5;Pública;;B;2,0;2,0;0,0;False;Adequado;7,721;Ametista;9,0;8,2;7,5;;6,5;7,667;10,0;6,0;7,0;;3,0;229;36;5;False;False;0;2017;True;3
RA-340;2023;Aluno-340;M;12,0;2011,0;2017;6;Pública;;2B;2,0;3,0;-1,0;True;Moderada (1);7,059666667;Ametista;0,0;9,6;2,52;9,166666667;8,9;8,505;5,0;9,0;8,7;;3,0;;;;;;-1;2017;True;3
RA-340;2024;Aluno-340;M;13,0;2011,0;2017;7;Pública;EE Alexandre Rodrigues Nogueira;3D;3,0;3,0;0,0;False;Adequado;6,715437329466668;Ágata;7,917;6,585769980666666;7,51;6,5625;5,166666666666667;5,83;10,0;6,0;7,0;2,5;4,0;;;;;;0;2021;True;3
RA-341;2022;Aluno-341;M;12,0;2010,0;2022;0;Pública;;B;2,0;3,0;-1,0;True;Moderada (1);6,854;Ágata;8,0;7,7;7,5;;5,8;7,5;5,0;5,0;6,5;;3,0;537;83;9;False;False;-1;2022;False;1
RA-342;2022;Aluno-342;F;14,0;2008,0;2021;1;Pública;;B;2,0;4,0;-2,0;True;Alta (2);6,941;Ágata;9,0;6,7;7,5;;6,6;7,5;5,0;5,5;7,7;;3,0;511;77;7;False;False;-2;2021;False;3
RA-342;2023;Aluno-342;F;15,0;2008,0;2021;2;Pública;;3D;3,0;5,0;-2,0;True;Alta (2);7,539875;Ametista;7,5;8,6;7,52;7,96875;6,6;8,505;5,0;6,3;7,8;5,7;4,0;;;;;;-2;2021;False;3
RA-342;2024;Aluno-342;F;16,0;2008,0;2021;3;Pública;EE Mario Francisco de Amorim;4C;4,0;5,0;-1,0;True;Moderada (1);6,757026587266667;Ágata;8,751;7,728174603333334;6,26;7,65625;4,5;7,723333333;5,0;6,5;7,0;0,0;3,0;;;;;;-1;2021;False;3
RA-343;2022;Aluno-343;M;14,0;2008,0;2020;2;Pública;;B;2,0;4,0;-2,0;True;Alta (2);6,9;Ágata;9,5;7,4;7,5;;5,9;7,167;5,0;4,2;7,7;;3,0;525;80;8;False;False;-2;2020;False;2
RA-343;2023;Aluno-343;M;15,0;2008,0;2020;3;Pública;;3B;3,0;5,0;-2,0;True;Alta (2);6,779591667;Ágata;9,2;7,2;6,26;7,65625;5,7;6,9225;5,0;4,5;6,7;6,0;4,0;;;;;;-2;2020;False;2
RA-344;2022;Aluno-344;M;11,0;2011,0;2019;3;Pública;;B;2,0;2,0;0,0;False;Adequado;7,263;Ametista;8,5;8,3;7,5;;4,5;7,5;10,0;2,3;6,7;;3,0;409;60;6;False;False;0;2019;False;1
RA-345;2022;Aluno-345;M;13,0;2009,0;2021;1;Pública;;B;2,0;3,0;-1,0;True;Moderada (1);5,75;Quartzo;9,5;5,4;5,6;;3,6;6,667;5,0;1,3;5,8;;3,0;754;139;12;False;False;-1;2021;False;2
RA-345;2023;Aluno-345;M;14,0;2009,0;2021;2;Pública;;3B;3,0;4,0;-1,0;True;Moderada (1);6,534766667;Ágata;8,8;6,8;6,26;8,125;4,6;7,1725;5,0;5,7;5,7;2,5;4,0;;;;;;-1;2021;False;2
RA-346;2022;Aluno-346;M;10,0;2012,0;2022;0;Pública;;B;2,0;2,0;0,0;False;Adequado;8,143;Topázio;10,0;9,1;7,5;;7,0;7,889;10,0;6,0;8,0;;3,0;102;14;2;False;False;0;2022;False;3
RA-346;2023;Aluno-346;M;11,0;2012,0;2022;1;Pública;;3B;3,0;2,0;1,0;False;Adiantado;7,305541667;Ametista;0,0;9,4;8,14;7,96875;6,2;7,84;10,0;6,7;5,5;6,5;4,0;;;;;;1;2022;False;3
RA-346;2024;Aluno-346;M;12,0;2012,0;2022;2;Pública;Rede Decisão - Unidade União;3A;3,0;3,0;0,0;False;Adequado;7,761749603200001;Ametista;10,002;9,149206349333332;2,51;7,96875;6,166666666666667;8,2525;10,0;6,0;4,5;8,0;4,0;;;;;;0;2022;False;3
RA-347;2022;Aluno-347;F;12,0;2010,0;2019;3;Pública;;B;2,0;3,0;-1,0;True;Moderada (1);7,908;Ametista;9,0;10,0;5,6;;8,5;8,0;5,0;8,5;8,5;;3,0;167;24;4;False;True;-1;2019;True;3
RA-347;2023;Aluno-347;F;13,0;2010,0;2019;4;Pública;;3D;3,0;3,0;0,0;False;Adequado;7,61835;Ametista;6,7;9,5;2,52;7,8125;7,3;7,7925;10,0;6,7;6,2;9,0;4,0;;;;;;0;2019;True;3
RA-347;2024;Aluno-347;F;14,0;2010,0;2019;5;Pública;EE Leonice de Aquino Oliveira;4A;4,0;3,0;1,0;False;Adiantado;8,384742583733333;Topázio;8,751;9,673046252;6,885;8,0;7,666666666666667;7,766;10,0;6,5;7,5;9,0;5,0;;;;;;1;2021;True;3
RA-348;2022;Aluno-348;M;12,0;2010,0;2022;0;Pública;;B;2,0;3,0;-1,0;True;Moderada (1);5,864;Quartzo;9,0;8,7;7,5;;1,8;5,833;5,0;0,5;3,0;;3,0;741;135;11;False;False;-1;2022;False;2
RA-348;2023;Aluno-348;M;13,0;2010,0;2022;1;Pública;;2B;2,0;3,0;-1,0;True;Moderada (1);6,817866667;Ágata;10,0;8,7;2,52;8,541666667;4,4;8,0075;5,0;2,0;6,7;;3,0;;;;;;-1;2022;False;2
RA-349;2022;Aluno-349;M;12,0;2010,0;2021;1;Pública;;B;2,0;3,0;-1,0;True;Moderada (1);5,658;Quartzo;9,5;7,7;7,5;;3,7;3,944;5,0;2,2;5,2;;3,0;770;143;13;False;False;-1;2021;False;1
RA-35;2022;Aluno-35;F;17,0;2005,0;2019;3;Privada - Parceira;;A;6,0;7,0;-1,0;True;Moderada (1);8,965;Topázio;10,0;9,6;9,4;;8,5;10,0;5,0;9,0;7,1;9,3;4,0;5;1;1;True;False;-1;2019;True;3
RA-35;2023;Aluno-35;F;18,0;2005,0;2019;4;Privada - Bolsa 100%;;8E;8,0;8,0;0,0;False;Adequado;;;;;;;;;10,0;;;;;;;;;;0;2019;True;3
RA-35;2024;Aluno-35;F;19,0;2005,0;2019;5;Privada - Bolsa 100%;ESPM;8E;8,0;8,0;0,0;False;Adequado;;;;0,0;;;;;10,0;;;;0,0;;;;;;0;2021;True;3
RA-350;2022;Aluno-350;F;11,0;2011,0;2022;0;Pública;;D;2,0;2,0;0,0;False;Adequado;8,206;Topázio;10,0;8,8;7,5;;6,5;8,611;10,0;7,0;6,0;;3,0;84;10;2;True;False;0;2022;False;2
RA-350;2023;Aluno-350;F;12,0;2011,0;2022;1;Pública;;2D;2,0;3,0;-1,0;True;Moderada (1);7,972033333;Ametista;10,0;9,7;2,52;8,958333333;9,0;7,92;5,0;8,8;9,2;;3,0;;;;;;-1;2022;False;2
RA-351;2022;Aluno-351;M;14,0;2008,0;2022;0;Pública;;D;2,0;4,0;-2,0;True;Alta (2);6,622;Ágata;9,0;7,2;7,5;;4,0;8,111;5,0;3,2;4,8;;3,0;618;107;7;False;False;-2;2022;False;1
RA-352;2022;Aluno-352;M;11,0;2011,0;2019;3;Pública;;D;2,0;2,0;0,0;False;Adequado;7,834;Ametista;9,0;8,1;5,6;;7,0;8,389;10,0;7,3;6,7;;3,0;191;31;4;True;False;0;2019;True;3
RA-352;2023;Aluno-352;M;12,0;2011,0;2019;4;Pública;;3B;3,0;3,0;0,0;False;Adequado;7,840341667;Ametista;9,2;8,1;6,26;7,96875;7,2;7,17;10,0;8,2;6,0;7,5;4,0;;;;;;0;2019;True;3
RA-352;2024;Aluno-352;M;13,0;2011,0;2019;5;Pública;EE Loris Nassif Mattar Profa;4B;4,0;3,0;1,0;False;Adiantado;5,9794829346;Quartzo;8,334;4,453748006333333;6,26;6,375;3,1666666666666665;6,7925;10,0;2,0;5,5;2,0;4,0;;;;;;1;2021;True;3
RA-353;2022;Aluno-353;F;11,0;2011,0;2022;0;Pública;;D;2,0;2,0;0,0;False;Adequado;8,264;Topázio;7,0;10,0;7,5;;7,5;8,444;10,0;8,0;7,0;;3,0;69;7;1;True;False;0;2022;False;2
RA-353;2023;Aluno-353;F;12,0;2011,0;2022;1;Pública;;3D;3,0;3,0;0,0;False;Adequado;8,309016667;Topázio;8,8;9,9;2,52;7,8125;8,4;8,67;10,0;8,5;7,3;9,5;4,0;;;;;;0;2022;False;2
RA-354;2022;Aluno-354;F;13,0;2009,0;2018;4;Pública;;D;2,0;3,0;-1,0;True;Moderada (1);5,858;Quartzo;8,5;4,3;7,5;;4,5;7,333;5,0;2,8;6,2;;3,0;742;136;9;False;False;-1;2018;False;1
RA-355;2022;Aluno-355;F;12,0;2010,0;2018;4;Pública;;D;2,0;3,0;-1,0;True;Moderada (1);5,379;Quartzo;5,8;5,0;7,5;;4,5;6,056;5,0;5,5;3,5;;3,0;796;151;11;False;False;-1;2018;False;1
RA-356;2022;Aluno-356;M;12,0;2010,0;2019;3;Pública;;D;2,0;3,0;-1,0;True;Moderada (1);6,69;Ágata;10,0;8,4;5,0;;4,6;8,278;5,0;5,3;3,8;;3,0;591;97;6;False;False;-1;2019;True;3
RA-356;2023;Aluno-356;M;13,0;2010,0;2019;4;Pública;;3C;3,0;3,0;0,0;False;Adequado;6,452008333;Ágata;9,2;8,5;2,52;6,09375;3,4;6,5025;10,0;4,3;4,5;1,3;4,0;;;;;;0;2019;True;3
RA-356;2024;Aluno-356;M;14,0;2010,0;2019;5;Pública;EE Alexandre Rodrigues Nogueira;4B;4,0;3,0;1,0;False;Adiantado;6,627336016533334;Ágata;8,334;6,656346749333334;5,635;5,25;5,333333333333333;6,5375;10,0;1,0;7,0;8,0;4,0;;;;;;1;2021;True;3
RA-357;2022;Aluno-357;M;12,0;2010,0;2022;0;Pública;;D;2,0;3,0;-1,0;True;Moderada (1);7,836;Ametista;8,0;9,6;7,5;;8,5;7,778;5,0;10,0;7,0;;3,0;190;30;3;False;False;-1;2022;False;3
RA-357;2023;Aluno-357;M;13,0;2010,0;2022;1;Pública;;2I;2,0;3,0;-1,0;True;Moderada (1);8,2832;Topázio;8,5;9,6;7,52;8,75;8,7;8,23;5,0;8,7;8,7;;3,0;;;;;;-1;2022;False;3
RA-357;2024;Aluno-357;M;14,0;2010,0;2022;2;Pública;EE Joaquim Mendes Feliz;3I;3,0;4,0;-1,0;True;Moderada (1);7,731569404200001;Ametista;8,751;9,028180354333331;8,135;7,875;7,666666666666667;7,0825;5,0;8,5;7,0;7,5;4,0;;;;;;-1;2022;False;3
RA-358;2022;Aluno-358;M;13,0;2009,0;2022;0;Pública;;D;2,0;3,0;-1,0;True;Moderada (1);5,412;Quartzo;7,5;6,5;7,5;;0,0;7,556;5,0;0,0;0,0;;3,0;795;150;10;False;False;-1;2022;False;1
RA-359;2022;Aluno-359;F;12,0;2010,0;2019;3;Pública;;D;2,0;3,0;-1,0;True;Moderada (1);6,606;Ágata;9,0;7,0;7,5;;4,6;7,5;5,0;3,3;5,8;;3,0;625;108;8;False;False;-1;2019;True;3
RA-359;2023;Aluno-359;F;13,0;2010,0;2019;4;Pública;;3C;3,0;3,0;0,0;False;Adequado;7,627125;Ametista;9,6;9,2;2,52;7,65625;5,8;8,255;10,0;6,0;6,7;4,7;4,0;;;;;;0;2019;True;3
RA-359;2024;Aluno-359;F;14,0;2010,0;2019;5;Pública;EE Joaquim Mendes Feliz;4C;4,0;3,0;1,0;False;Adiantado;7,492006349133335;Ametista;9,168;7,162698412666667;6,26;7,5;5,5;8,333333333;10,0;4,0;4,5;8,0;3,0;;;;;;1;2021;True;3
RA-36;2022;Aluno-36;F;17,0;2005,0;2019;3;Privada - Parceira;;A;6,0;7,0;-1,0;True;Moderada (1);7,876;Ametista;9,2;9,0;6,9;;6,8;8,944;5,0;8,5;4,3;7,8;4,0;177;7;7;True;False;-1;2019;True;3
RA-36;2023;Aluno-36;F;18,0;2005,0;2019;4;Privada - Bolsa 100%;;8E;8,0;8,0;0,0;False;Adequado;;;;;;;;;10,0;;;;;;;;;;0;2019;True;3
RA-36;2024;Aluno-36;F;19,0;2005,0;2019;5;Privada - Bolsa 100%;Universidade Santo Amaro (UNISA);8E;8,0;8,0;0,0;False;Adequado;;;;0,0;;;;;10,0;;;;0,0;;;;;;0;2021;True;3
RA-360;2022;Aluno-360;F;12,0;2010,0;2019;3;Pública;;D;2,0;3,0;-1,0;True;Moderada (1);7,075;Ametista;9,5;8,5;7,5;;5,2;7,5;5,0;4,7;5,7;;3,0;463;70;5;False;False;-1;2019;True;3
RA-360;2023;Aluno-360;F;13,0;2010,0;2019;4;Pública;;3C;3,0;3,0;0,0;False;Adequado;5,790875;Quartzo;0,0;7,3;2,52;7,34375;4,3;7,4225;10,0;5,3;4,8;2,8;4,0;;;;;;0;2019;True;3
RA-360;2024;Aluno-360;F;14,0;2010,0;2019;5;Pública;EE Paschoal Carlos Magno;3C;3,0;4,0;-1,0;True;Moderada (1);6,293175689166667;Ágata;8,334;5,618045113;5,0;7,708333333;5,833333333333333;6,993333333;5,0;4,0;6,0;7,5;3,0;;;;;;-1;2021;True;3
RA-361;2022;Aluno-361;F;13,0;2009,0;2022;0;Pública;;F;2,0;3,0;-1,0;True;Moderada (1);6,731;Ágata;7,9;9,2;6,3;;5,0;6,778;5,0;4,0;6,0;;3,0;576;93;16;False;False;-1;2022;False;1
RA-362;2022;Aluno-362;F;12,0;2010,0;2018;4;Pública;;F;2,0;3,0;-1,0;True;Moderada (1);7,413;Ametista;8,5;7,9;7,5;;7,9;7,5;5,0;6,5;9,3;;3,0;350;51;7;False;False;-1;2018;False;2
RA-362;2023;Aluno-362;F;13,0;2010,0;2018;5;Pública;;3G;3,0;3,0;0,0;False;Adequado;6,392625;Ágata;0,0;7,5;7,52;7,03125;5,1;7,0875;10,0;5,7;6,8;2,8;4,0;;;;;;0;2018;False;2
RA-363;2022;Aluno-363;M;12,0;2010,0;2022;0;Pública;;F;2,0;3,0;-1,0;True;Moderada (1);6,644;Ágata;10,0;10,0;6,9;;2,0;7,056;5,0;1,0;3,0;;3,0;610;104;17;False;False;-1;2022;False;3
RA-363;2023;Aluno-363;M;13,0;2010,0;2022;1;Pública;;2F;2,0;3,0;-1,0;True;Moderada (1);6,680833333;Ágata;0,0;9,9;2,52;8,541666667;6,8;8,673333333;5,0;6,8;6,8;;3,0;;;;;;-1;2022;False;3
RA-363;2024;Aluno-363;M;14,0;2010,0;2022;2;Privada;Colégio Nogueira e Sonho de Criança;3D;3,0;3,0;0,0;False;Adequado;7,617803571466666;Ametista;9,585;9,523809524;5,625;7,34375;5,333333333333333;6,955;10,0;4,0;3,5;8,5;4,0;;;;;;0;2022;False;3
RA-364;2022;Aluno-364;M;11,0;2011,0;2019;3;Pública;;F;2,0;2,0;0,0;False;Adequado;8,75;Topázio;9,5;10,0;7,5;;8,8;8,167;10,0;9,5;8,0;;3,0;12;1;1;False;False;0;2019;True;3
RA-364;2023;Aluno-364;M;12,0;2011,0;2019;4;Pública;;3G;3,0;3,0;0,0;False;Adequado;7,734891667;Ametista;8,8;9,0;6,89;7,03125;5,8;7,505;10,0;8,0;5,2;4,3;4,0;;;;;;0;2019;True;3
RA-364;2024;Aluno-364;M;13,0;2011,0;2019;5;Pública;EE Leonice de Aquino Oliveira;3G;3,0;3,0;0,0;False;Adequado;8,2697037582;Topázio;8,751;9,526143791;7,51;7,96875;7,5;7,2075;10,0;8,0;5,0;9,5;4,0;;;;;;0;2021;True;3
RA-365;2022;Aluno-365;F;10,0;2012,0;2022;0;Pública;;F;2,0;2,0;0,0;False;Adequado;8,063;Topázio;8,0;10,0;5,0;;7,8;7,833;10,0;6,0;9,5;;3,0;129;17;3;False;False;0;2022;False;3
RA-365;2023;Aluno-365;F;10,0;2012,0;2022;1;Pública;;2G;2,0;2,0;0,0;False;Adequado;8,6587;Topázio;10,0;9,9;2,52;8,958333333;8,7;8,953333333;10,0;8,2;9,2;;3,0;;;;;;0;2022;False;3
RA-365;2024;Aluno-365;F;11,0;2012,0;2022;2;Pública;EE Loris Nassif Mattar Profa;3H;3,0;2,0;1,0;False;Adiantado;8,526983333333334;Topázio;9,585;10,0;7,51;8,4375;6,666666666666667;8,202;10,0;8,0;7,0;5,0;5,0;;;;;;1;2022;False;3
RA-366;2022;Aluno-366;M;12,0;2010,0;2022;0;Pública;;F;2,0;3,0;-1,0;True;Moderada (1);7,181;Ametista;9,5;9,4;7,5;;5,5;6,833;5,0;6,0;5,0;;3,0;437;67;9;False;False;-1;2022;False;1
RA-367;2022;Aluno-367;F;12,0;2010,0;2018;4;Pública;;F;2,0;3,0;-1,0;True;Moderada (1);6,95;Ágata;8,5;7,4;6,3;;6,7;7,5;5,0;5,2;8,2;;3,0;506;76;14;False;False;-1;2018;True;3
RA-367;2023;Aluno-367;F;12,0;2010,0;2018;5;Pública;;3F;3,0;3,0;0,0;False;Adequado;7,38685;Ametista;8,8;8,7;2,52;7,8125;5,9;7,7925;10,0;7,0;5,5;5,2;4,0;;;;;;0;2018;True;3
RA-367;2024;Aluno-367;F;13,0;2010,0;2018;6;Pública;EE Leonice de Aquino Oliveira;4B;4,0;3,0;1,0;False;Adiantado;7,209434085200001;Ametista;9,168;7,268170426;6,26;6,875;5,0;7,6275;10,0;2,0;5,5;7,5;4,0;;;;;;1;2021;True;3
RA-368;2022;Aluno-368;M;13,0;2009,0;2018;4;Privada - Parceira;;F;2,0;3,0;-1,0;True;Moderada (1);6,969;Ágata;8,0;7,9;5,0;;7,3;7,5;5,0;5,5;9,0;;3,0;497;74;12;False;False;-1;2018;True;3
RA-368;2023;Aluno-368;M;14,0;2009,0;2018;5;Pública;;3F;3,0;4,0;-1,0;True;Moderada (1);5,796458333;Quartzo;0,0;7,7;2,52;7,03125;6,7;7,34;5,0;5,0;7,2;7,8;4,0;;;;;;-1;2018;True;3
RA-368;2024;Aluno-368;M;15,0;2009,0;2018;6;Pública;EE João Ortiz Rodrigues;3G;3,0;4,0;-1,0;True;Moderada (1);6,782158333333333;Ágata;7,917;6,166666666666667;7,51;7,65625;7,0;6,7025;5,0;4,5;7,0;9,5;4,0;;;;;;-1;2021;True;3
RA-369;2022;Aluno-369;M;11,0;2011,0;2022;0;Pública;;F;2,0;2,0;0,0;False;Adequado;6,973;Ágata;9,0;6,9;7,5;;4,8;6,889;10,0;4,0;5,5;;3,0;496;73;11;False;False;0;2022;False;3
RA-369;2023;Aluno-369;M;12,0;2011,0;2022;1;Pública;;2F;2,0;3,0;-1,0;True;Moderada (1);6,0197;Ágata;10,0;4,1;5,0;8,541666667;4,0;7,726666667;5,0;5,0;3,0;;3,0;;;;;;-1;2022;False;3
RA-369;2024;Aluno-369;M;13,0;2011,0;2022;2;Pública;EE Leonice de Aquino Oliveira;3H;3,0;3,0;0,0;False;Adequado;5,667282265;Quartzo;8,751;4,908119658333334;7,51;6,40625;1,6666666666666667;5,428;10,0;0,0;0,0;5,0;5,0;;;;;;0;2022;False;3
RA-37;2022;Aluno-37;F;17,0;2005,0;2019;3;Privada - Parceira;;A;6,0;7,0;-1,0;True;Moderada (1);4,95;Quartzo;0,0;5,4;5,0;;5,9;5,222;5,0;2,3;5,3;10,0;4,0;825;18;18;False;False;-1;2019;False;1
RA-370;2022;Aluno-370;F;12,0;2010,0;2018;4;Privada - Parceira;;F;2,0;3,0;-1,0;True;Moderada (1);7,066;Ametista;8,5;8,2;5,0;;7,2;7,611;5,0;5,2;9,2;;3,0;465;71;10;False;False;-1;2018;False;1
RA-371;2022;Aluno-371;F;10,0;2012,0;2022;0;Pública;;F;2,0;2,0;0,0;False;Adequado;8,112;Topázio;9,5;8,0;6,9;;8,4;7,667;10,0;7,8;9,0;;3,0;111;16;2;False;False;0;2022;False;1
RA-372;2022;Aluno-372;M;10,0;2012,0;2021;1;Pública;;F;2,0;2,0;0,0;False;Adequado;7,304;Ametista;8,5;5,5;6,9;;7,8;7,389;10,0;8,3;7,2;;3,0;389;57;8;False;False;0;2021;False;1
RA-373;2022;Aluno-373;M;11,0;2011,0;2022;0;Pública;;F;2,0;2,0;0,0;False;Adequado;7,503;Ametista;6,4;9,5;5,0;;7,3;6,944;10,0;6,5;8,0;;3,0;308;46;6;False;False;0;2022;False;2
RA-373;2023;Aluno-373;M;12,0;2011,0;2022;1;Pública;;2G;2,0;3,0;-1,0;True;Moderada (1);6,805;Ágata;0,0;9,7;2,52;8,75;8,4;7,84;5,0;7,7;9,0;;3,0;;;;;;-1;2022;False;2
RA-374;2022;Aluno-374;F;12,0;2010,0;2021;1;Pública;;F;2,0;3,0;-1,0;True;Moderada (1);7,747;Ametista;9,0;9,8;7,5;;6,9;7,944;5,0;5,3;8,5;;3,0;217;34;5;False;False;-1;2021;False;2
RA-374;2023;Aluno-374;F;13,0;2010,0;2021;2;Privada;;3F;3,0;3,0;0,0;False;Adequado;7,533891667;Ametista;8,8;8,3;5,63;7,65625;5,4;7,9175;10,0;6,3;6,3;3,7;4,0;;;;;;0;2021;False;2
RA-375;2022;Aluno-375;M;11,0;2011,0;2019;3;Pública;;F;2,0;2,0;0,0;False;Adequado;7,831;Ametista;9,0;9,5;7,5;;5,4;7,667;10,0;3,3;7,5;;3,0;194;32;4;False;False;0;2019;True;3
RA-375;2023;Aluno-375;M;12,0;2011,0;2019;4;Pública;;2F;2,0;3,0;-1,0;True;Moderada (1);7,070833333;Ametista;0,0;9,9;5,0;8,541666667;7,9;8,283333333;5,0;6,8;9,0;;3,0;;;;;;-1;2019;True;3
RA-375;2024;Aluno-375;M;13,0;2011,0;2019;5;Pública;EE Leonice de Aquino Oliveira;3H;3,0;3,0;0,0;False;Adequado;7,970034615400001;Ametista;9,585;9,443589743666667;7,51;7,1875;6,833333333333333;6,432;10,0;9,0;5,5;6,0;5,0;;;;;;0;2021;True;3
RA-376;2022;Aluno-376;F;12,0;2010,0;2019;3;Pública;;F;2,0;3,0;-1,0;True;Moderada (1);6,957;Ágata;9,0;9,0;7,5;;4,3;7,5;5,0;2,0;6,7;;3,0;500;75;13;False;False;-1;2019;True;3
RA-376;2023;Aluno-376;F;13,0;2010,0;2019;4;Pública;;2F;2,0;3,0;-1,0;True;Moderada (1);7,1392;Ametista;8,5;9,6;2,52;7,916666667;5,9;8,226666667;5,0;4,3;7,5;;3,0;;;;;;-1;2019;True;3
RA-376;2024;Aluno-376;F;14,0;2010,0;2019;5;Pública;EE Leonice de Aquino Oliveira;3G;3,0;4,0;-1,0;True;Moderada (1);5,896573588800001;Quartzo;10,002;8,287284610666667;2,51;6,5625;2,833333333333333;6,325;5,0;2,0;5,0;1,5;4,0;;;;;;-1;2021;True;3
RA-377;2022;Aluno-377;F;12,0;2010,0;2021;1;Pública;;F;2,0;3,0;-1,0;True;Moderada (1);6,743;Ágata;9,0;7,7;5,6;;6,2;6,833;5,0;4,3;8,0;;3,0;571;92;15;False;False;-1;2021;False;3
RA-377;2023;Aluno-377;F;13,0;2010,0;2021;2;Pública;;3F;3,0;3,0;0,0;False;Adequado;7,205041667;Ametista;9,6;7,6;5,0;7,34375;4,8;7,6275;10,0;6,0;5,7;2,8;4,0;;;;;;0;2021;False;3
RA-377;2024;Aluno-377;F;14,0;2010,0;2021;3;Pública;EE João Ortiz Rodrigues;4F;4,0;4,0;0,0;False;Adequado;7,480115873000001;Ametista;9,168;7,698412698333333;7,51;7,125;5,166666666666667;7,634;10,0;4,0;6,5;5,0;5,0;;;;;;0;2021;False;3
RA-378;2022;Aluno-378;M;12,0;2010,0;2021;1;Pública;;I;2,0;3,0;-1,0;True;Moderada (1);7,203;Ametista;9,0;6,8;5,6;;8,1;7,889;5,0;8,7;7,5;;3,0;428;62;3;False;True;-1;2021;False;1
RA-379;2022;Aluno-379;F;13,0;2009,0;2022;0;Pública;;I;2,0;3,0;-1,0;True;Moderada (1);6,722;Ágata;8,5;8,1;7,5;;5,0;6,778;5,0;5,0;5,0;;3,0;581;95;7;False;False;-1;2022;False;1
RA-38;2022;Aluno-38;F;17,0;2005,0;2017;5;Privada - Parceira;;A;6,0;7,0;-1,0;True;Moderada (1);8,523;Topázio;9,2;8,9;7,5;;8,6;9,833;5,0;9,0;7,0;9,7;4,0;31;4;4;True;False;-1;2017;True;3
RA-38;2023;Aluno-38;F;17,0;2005,0;2017;6;Privada - Apadrinhamento;;7A;7,0;7,0;0,0;False;Adequado;8,835333333;Topázio;9,6;9,7;7,52;8,75;7,7;8,8825;10,0;8,2;8,8;6,0;4,0;;;;;;0;2017;True;3
RA-38;2024;Aluno-38;F;18,0;2005,0;2017;7;Privada - Apadrinhamento;Universidade Santo Amaro (UNISA);8F;8,0;8,0;0,0;False;Adequado;;;;0,0;;;;;10,0;;;;0,0;;;;;;0;2021;True;3
RA-380;2022;Aluno-380;M;13,0;2009,0;2017;5;Pública;;I;2,0;3,0;-1,0;True;Moderada (1);4,556;Quartzo;7,9;4,4;5,0;;2,5;4,833;5,0;2,3;2,7;;3,0;842;154;13;False;False;-1;2017;False;2
RA-380;2023;Aluno-380;M;14,0;2009,0;2017;6;Pública;;3F;3,0;4,0;-1,0;True;Moderada (1);4,912375;Quartzo;0,0;6,4;2,52;6,71875;4,5;6,5425;5,0;7,0;4,0;2,5;4,0;;;;;;-1;2017;False;2
RA-381;2022;Aluno-381;M;13,0;2009,0;2018;4;Pública;;I;2,0;3,0;-1,0;True;Moderada (1);6,454;Ágata;9,0;8,3;6,9;;3,3;6,944;5,0;1,5;5,2;;3,0;649;114;9;False;False;-1;2018;True;3
RA-381;2023;Aluno-381;M;14,0;2009,0;2018;5;Pública;;3G;3,0;4,0;-1,0;True;Moderada (1);5,758041667;Quartzo;0,0;8,4;6,89;7,34375;3,9;6,84;5,0;5,3;5,3;1,2;4,0;;;;;;-1;2018;True;3
RA-381;2024;Aluno-381;M;15,0;2009,0;2018;6;Pública;EE Alexandre Rodrigues Nogueira;3G;3,0;5,0;-2,0;True;Alta (2);5,940775;Quartzo;8,334;6,133333333333333;7,51;6,71875;3,6666666666666665;6,1225;5,0;2,5;4,5;4,0;4,0;;;;;;-2;2021;True;3
RA-382;2022;Aluno-382;M;14,0;2008,0;2017;5;Pública;;I;2,0;4,0;-2,0;True;Alta (2);6,777;Ágata;9,0;7,7;6,3;;5,4;7,333;5,0;4,0;6,8;;3,0;561;88;5;False;False;-2;2017;True;3
RA-382;2023;Aluno-382;M;15,0;2008,0;2017;6;Pública;;3G;3,0;5,0;-2,0;True;Alta (2);6,223833333;Ágata;0,0;9,4;6,26;7,5;5,2;7,1725;5,0;5,0;5,8;4,7;4,0;;;;;;-2;2017;True;3
RA-382;2024;Aluno-382;M;16,0;2008,0;2017;7;Pública;EE Alexandre Rodrigues Nogueira;4F;4,0;5,0;-1,0;True;Moderada (1);5,805712280733333;Quartzo;9,168;6,324561403666666;5,63;6,75;3,0;6,43;5,0;2,0;3,0;4,0;5,0;;;;;;-1;2021;True;3
RA-383;2022;Aluno-383;M;11,0;2011,0;2019;3;Pública;;I;2,0;2,0;0,0;False;Adequado;8,4;Topázio;9,0;9,6;7,5;;8,1;7,778;10,0;8,0;8,2;;3,0;47;5;1;False;False;0;2019;True;3
RA-383;2023;Aluno-383;M;12,0;2011,0;2019;4;Pública;;3G;3,0;3,0;0,0;False;Adequado;7,5408;Ametista;9,2;8,8;3,14;7,5;6,5;7,5;10,0;6,3;6,2;7,0;4,0;;;;;;0;2019;True;3
RA-383;2024;Aluno-383;M;13,0;2011,0;2019;5;Pública;EE João Ortiz Rodrigues;4F;4,0;3,0;1,0;False;Adiantado;8,036024386733335;Topázio;9,168;8,600288600333334;7,51;7,875;5,833333333333333;8,47;10,0;1,0;8,0;8,5;5,0;;;;;;1;2021;True;3
RA-384;2022;Aluno-384;F;12,0;2010,0;2017;5;Pública;;I;2,0;3,0;-1,0;True;Moderada (1);7,558;Ametista;9,0;8,4;6,3;;8,1;8,0;5,0;8,0;8,2;;3,0;291;44;2;False;False;-1;2017;True;3
RA-384;2023;Aluno-384;F;13,0;2010,0;2017;6;Pública;;3G;3,0;3,0;0,0;False;Adequado;6,757958333;Ágata;0,0;9,1;2,52;7,65625;7,3;7,335;10,0;6,3;7,2;8,3;4,0;;;;;;0;2017;True;3
RA-384;2024;Aluno-384;F;14,0;2010,0;2017;7;Pública;EE João Ortiz Rodrigues;4F;4,0;4,0;0,0;False;Adequado;8,072200721466668;Topázio;7,5;8,607503607333333;7,51;7,625;7,5;7,936;10,0;5,0;9,5;8,0;5,0;;;;;;0;2021;True;3
RA-385;2022;Aluno-385;F;12,0;2010,0;2022;0;Pública;;I;2,0;3,0;-1,0;True;Moderada (1);6,083;Ágata;7,4;7,5;5,0;;4,9;6,5;5,0;2,7;7,2;;3,0;712;131;12;False;False;-1;2022;False;1
RA-386;2022;Aluno-386;M;13,0;2009,0;2019;3;Pública;;I;2,0;3,0;-1,0;True;Moderada (1);6,104;Ágata;10,0;5,9;5,6;;4,0;7,222;5,0;3,7;4,3;;3,0;707;130;11;False;False;-1;2019;False;2
RA-386;2023;Aluno-386;M;14,0;2009,0;2019;4;Pública;;3G;3,0;4,0;-1,0;True;Moderada (1);5,758425;Quartzo;9,2;7,0;2,52;7,03125;3,3;6,6325;5,0;5,0;3,7;1,2;4,0;;;;;;-1;2019;False;2
RA-387;2022;Aluno-387;M;13,0;2009,0;2019;3;Pública;;I;2,0;3,0;-1,0;True;Moderada (1);6,323;Ágata;7,0;8,2;7,5;;3,7;6,833;5,0;1,3;6,0;;3,0;680;124;10;False;False;-1;2019;True;3
RA-387;2023;Aluno-387;M;14,0;2009,0;2019;4;Pública;;3F;3,0;4,0;-1,0;True;Moderada (1);4,794333333;Quartzo;0,0;6,8;2,52;6,875;3,0;7,0075;5,0;4,3;2,8;1,8;4,0;;;;;;-1;2019;True;3
RA-387;2024;Aluno-387;M;15,0;2009,0;2019;5;Pública;EE Leonice de Aquino Oliveira;3G;3,0;4,0;-1,0;True;Moderada (1);6,125500000000001;Ágata;7,5;7,166666666666667;7,51;6,25;4,333333333333333;5,9975;5,0;5,0;4,0;4,0;4,0;;;;;;-1;2021;True;3
RA-388;2022;Aluno-388;F;14,0;2008,0;2019;3;Pública;;I;2,0;4,0;-2,0;True;Alta (2);6,654;Ágata;7,9;8,5;5,6;;4,5;7,722;5,0;3,5;5,5;;3,0;605;101;8;False;False;-2;2019;True;3
RA-388;2023;Aluno-388;F;15,0;2008,0;2019;4;Pública;;3F;3,0;5,0;-2,0;True;Alta (2);5,630833333;Quartzo;0,0;7,4;5,63;6,875;4,2;7,835;5,0;6,0;4,3;2,2;4,0;;;;;;-2;2019;True;3
RA-388;2024;Aluno-388;F;16,0;2008,0;2019;5;Pública;EE Joaquim Mendes Feliz;4F;4,0;5,0;-1,0;True;Moderada (1);5,965307936466667;Quartzo;7,5;6,349206349;7,51;6,75;4,333333333333333;5,764;5,0;1,0;7,0;5,0;5,0;;;;;;-1;2021;True;3
RA-389;2022;Aluno-389;M;11,0;2011,0;2019;3;Pública;;I;2,0;2,0;0,0;False;Adequado;7,184;Ametista;8,0;8,9;7,5;;3,5;7,556;10,0;2,0;5,0;;3,0;435;66;4;False;False;0;2019;True;3
RA-389;2023;Aluno-389;M;12,0;2011,0;2019;4;Pública;;2H;2,0;3,0;-1,0;True;Moderada (1);6,687;Ágata;0,0;8,2;2,52;8,75;8,2;8,95;5,0;6,8;9,5;;3,0;;;;;;-1;2019;True;3
RA-389;2024;Aluno-389;M;13,0;2011,0;2019;5;Pública;EE João Ortiz Rodrigues;3G;3,0;3,0;0,0;False;Adequado;7,2079551282;Ametista;9,585;6,674358974333333;8,76;6,5625;5,166666666666667;6,745;10,0;6,5;4,0;5,0;4,0;;;;;;0;2021;True;3
RA-39;2022;Aluno-39;F;16,0;2006,0;2017;5;Privada - Parceira;;A;6,0;6,0;0,0;False;Adequado;6,033;Ágata;0,0;4,8;6,9;;6,9;6,111;10,0;7,7;5,1;7,8;4,0;722;15;15;False;False;0;2017;True;3
RA-39;2023;Aluno-39;F;17,0;2006,0;2017;6;Privada - Apadrinhamento;;7A;7,0;7,0;0,0;False;Adequado;8,710333333;Topázio;9,6;9,1;7,52;8,75;7,8;8,7575;10,0;8,3;7,8;7,2;4,0;;;;;;0;2017;True;3
RA-39;2024;Aluno-39;F;18,0;2006,0;2017;7;Privada - Bolsa 100%;Universidade Santo Amaro (UNISA);8F;8,0;8,0;0,0;False;Adequado;;;;0,0;;;;;10,0;;;;0,0;;;;;;0;2021;True;3
RA-390;2022;Aluno-390;F;12,0;2010,0;2022;0;Pública;;I;2,0;3,0;-1,0;True;Moderada (1);6,776;Ágata;7,4;8,8;6,3;;4,7;7,722;5,0;4,0;5,3;;3,0;563;89;6;False;False;-1;2022;False;3
RA-390;2023;Aluno-390;F;12,0;2010,0;2022;1;Pública;;3G;3,0;3,0;0,0;False;Adequado;6,905741667;Ágata;7,9;8,8;2,52;7,34375;4,8;7,005;10,0;5,7;5,8;3,0;4,0;;;;;;0;2022;False;3
RA-390;2024;Aluno-390;F;13,0;2010,0;2022;2;Pública;EE João Ortiz Rodrigues;3G;3,0;3,0;0,0;False;Adequado;6,5472236842;Ágata;7,5;6,080701754333333;8,755;6,5625;4,166666666666667;6,08;10,0;3,0;2,5;7,0;4,0;;;;;;0;2022;False;3
RA-391;2022;Aluno-391;F;12,0;2010,0;2022;0;Pública;;J;2,0;3,0;-1,0;True;Moderada (1);7,117;Ametista;10,0;8,1;7,5;;5,1;8,056;5,0;5,0;5,2;;3,0;451;69;3;False;False;-1;2022;False;2
RA-391;2023;Aluno-391;F;13,0;2010,0;2022;1;Pública;;3I;3,0;3,0;0,0;False;Adequado;6,5107;Ágata;7,9;7,5;2,52;7,5;3,5;7,585;10,0;4,2;5,0;1,3;4,0;;;;;;0;2022;False;2
RA-392;2022;Aluno-392;M;14,0;2008,0;2022;0;Pública;;J;2,0;4,0;-2,0;True;Alta (2);6,418;Ágata;9,5;8,8;5,6;;4,8;6,778;5,0;3,7;5,8;;3,0;657;118;5;False;False;-2;2022;False;3
RA-392;2023;Aluno-392;M;15,0;2008,0;2022;1;Pública;;3I;3,0;5,0;-2,0;True;Alta (2);6,567208333;Ágata;9,6;9,5;2,52;6,09375;4,6;7,17;5,0;6,2;4,7;2,8;4,0;;;;;;-2;2022;False;3
RA-392;2024;Aluno-392;M;16,0;2008,0;2022;2;Pública;EE Alexandre Rodrigues Nogueira;4B;4,0;5,0;-1,0;True;Moderada (1);4,3639463364;Quartzo;9,585;5,414731682;5,635;3,5;1,0;3,545;5,0;0,0;2,0;1,0;4,0;;;;;;-1;2022;False;3
RA-393;2022;Aluno-393;F;16,0;2006,0;2018;4;Pública;;J;2,0;6,0;-4,0;True;Severa (3+);5,518;Quartzo;10,0;5,4;5,0;;4,6;6,778;2,5;4,7;4,5;;3,0;790;148;7;False;False;-4;2018;False;1
RA-394;2022;Aluno-394;F;11,0;2011,0;2022;0;Pública;;J;2,0;2,0;0,0;False;Adequado;7,897;Ametista;9,5;8,6;7,5;;5,9;8,444;10,0;4,3;7,5;;3,0;171;26;1;True;False;0;2022;False;1
RA-395;2022;Aluno-395;F;11,0;2011,0;2018;4;Pública;;J;2,0;2,0;0,0;False;Adequado;7,683;Ametista;9,0;8,9;7,5;;4,9;8,333;10,0;4,2;5,7;;3,0;239;39;2;False;False;0;2018;True;3
RA-395;2023;Aluno-395;F;12,0;2011,0;2018;5;Pública;;3I;3,0;3,0;0,0;False;Adequado;7,469175;Ametista;9,2;8,6;2,52;7,96875;6,0;7,9175;10,0;6,7;5,3;6,0;4,0;;;;;;0;2018;True;3
RA-395;2024;Aluno-395;F;13,0;2011,0;2018;6;Pública;EE Olivia de Faria Nogueira;4F;4,0;3,0;1,0;False;Adiantado;7,169905291000001;Ametista;8,751;6,921693121666666;6,26;7,25;4,333333333333333;8,464;10,0;2,5;5,5;5,0;5,0;;;;;;1;2021;True;3
RA-396;2022;Aluno-396;M;12,0;2010,0;2022;0;Pública;;J;2,0;3,0;-1,0;True;Moderada (1);6,556;Ágata;9,0;8,0;6,3;;5,6;6,556;5,0;4,7;6,5;;3,0;637;111;4;False;False;-1;2022;False;1
RA-397;2022;Aluno-397;F;14,0;2008,0;2017;5;Pública;;J;2,0;4,0;-2,0;True;Alta (2);5,852;Quartzo;9,0;5,7;6,9;;2,8;7,167;5,0;3,3;2,3;;3,0;744;137;6;False;False;-2;2017;True;3
RA-397;2023;Aluno-397;F;15,0;2008,0;2017;6;Pública;;4G;4,0;5,0;-1,0;True;Moderada (1);6,207083333;Ágata;7,5;7,9;2,52;7,1875;4,6;7,465;5,0;6,7;5,0;2,0;4,0;;;;;;-1;2017;True;3
RA-397;2024;Aluno-397;F;16,0;2008,0;2017;7;Pública;EE Paschoal Carlos Magno;4A;4,0;6,0;-2,0;True;Alta (2);6,807291921866668;Ágata;7,918;7,885292942666666;5,63;7,625;5,666666666666667;7,398;5,0;5,0;4,5;7,5;5,0;;;;;;-2;2021;True;3
RA-398;2022;Aluno-398;F;10,0;2012,0;2022;0;Pública;;K;2,0;2,0;0,0;False;Adequado;7,742;Ametista;9,0;9,3;7,5;;5,5;7,5;10,0;3,0;8,0;;3,0;221;35;2;False;False;0;2022;False;3
RA-398;2023;Aluno-398;F;11,0;2012,0;2022;1;Pública;;3N;3,0;2,0;1,0;False;Adiantado;7,153766667;Ametista;6,7;8,1;2,52;7,5;6,5;7,7925;10,0;9,3;5,8;4,5;4,0;;;;;;1;2022;False;3
RA-398;2024;Aluno-398;F;12,0;2012,0;2022;2;Pública;EE Donizetti Aparecido Leite Professor;3U;3,0;3,0;0,0;False;Adequado;7,2457999999666685;Ametista;7,083;5,733333333333333;7,51;7,291666667;8,0;6,553333333;10,0;8,5;7,5;8,0;3,0;;;;;;0;2022;False;3
RA-399;2022;Aluno-399;F;12,0;2010,0;2022;0;Pública;;K;2,0;3,0;-1,0;True;Moderada (1);6,58;Ágata;6,8;9,3;5,6;;4,3;7,5;5,0;3,0;5,5;;3,0;633;110;9;False;False;-1;2022;False;2
RA-399;2023;Aluno-399;F;13,0;2010,0;2022;1;Pública;;3N;3,0;3,0;0,0;False;Adequado;7,000033333;Ametista;7,9;8,2;2,52;7,5;4,7;8,165;10,0;5,0;4,2;4,8;4,0;;;;;;0;2022;False;2
RA-4;2022;Aluno-4;M;17,0;2005,0;2017;5;Privada - Parceira;;A;7,0;7,0;0,0;False;Adequado;5,951;Quartzo;8,8;4,5;5,6;;5,0;5,278;10,0;2,8;3,5;8,7;4,0;731;15;7;False;False;0;2017;False;1
RA-40;2022;Aluno-40;F;16,0;2006,0;2016;6;Privada - Parceira;;A;5,0;6,0;-1,0;True;Moderada (1);7,203;Ametista;7,9;7,8;7,5;;6,8;7,75;5,0;4,7;7,3;8,4;3,0;429;27;3;False;False;-1;2016;True;3
RA-40;2023;Aluno-40;F;17,0;2006,0;2016;7;Privada - Apadrinhamento;;6A;6,0;7,0;-1,0;True;Moderada (1);7,169975;Ametista;7,5;8,2;7,52;7,96875;5,9;7,755;5,0;6,2;5,7;5,8;4,0;;;;;;-1;2016;True;3
RA-40;2024;Aluno-40;F;18,0;2006,0;2016;8;Privada - Apadrinhamento;Colégio Arco Íris Evolução;7A;7,0;7,0;0,0;False;Adequado;7,098051462066667;Ametista;7,083;7,211257310000001;8,13;8,125;5,333333333333333;6,276666667;10,0;3,5;6,0;6,5;3,0;;;;;;0;2021;True;3
RA-400;2022;Aluno-400;M;14,0;2008,0;2018;4;Pública;;K;2,0;4,0;-2,0;True;Alta (2);6,042;Ágata;9,0;8,5;5,0;;1,7;7,444;5,0;1,2;2,2;;3,0;720;132;10;False;False;-2;2018;False;2
RA-400;2023;Aluno-400;M;14,0;2008,0;2018;5;Pública;;3L;3,0;4,0;-1,0;True;Moderada (1);6,529425;Ágata;9,2;9,0;2,52;7,65625;4,1;7,375;5,0;4,8;4,7;2,8;4,0;;;;;;-1;2018;False;2
RA-401;2022;Aluno-401;F;12,0;2010,0;2021;1;Pública;;K;2,0;3,0;-1,0;True;Moderada (1);6,645;Ágata;6,9;9,6;7,5;;4,3;6,722;5,0;3,7;5,0;;3,0;609;103;8;False;False;-1;2021;False;3
RA-401;2023;Aluno-401;F;12,0;2010,0;2021;2;Pública;;2K;2,0;3,0;-1,0;True;Moderada (1);6,363666667;Ágata;4,0;8,1;2,52;7,083333333;7,3;7,116666667;5,0;6,3;8,3;;3,0;;;;;;-1;2021;False;3
RA-401;2024;Aluno-401;F;14,0;2010,0;2021;3;Pública;EE Maria André Schunck Dona;3L;3,0;3,0;0,0;False;Adequado;6,728911403533334;Ágata;6,666;6,839473684333334;6,885;6,5625;4,833333333333333;6,915;10,0;7,0;5,0;2,5;4,0;;;;;;0;2021;False;3
RA-402;2022;Aluno-402;F;12,0;2010,0;2019;3;Pública;;K;2,0;3,0;-1,0;True;Moderada (1);5,261;Quartzo;9,0;3,7;5,0;;3,0;7,222;5,0;4,3;1,7;;3,0;806;152;13;False;False;-1;2019;True;3
RA-402;2023;Aluno-402;F;13,0;2010,0;2019;4;Pública;;3N;3,0;3,0;0,0;False;Adequado;6,632716667;Ágata;9,2;7,3;2,52;7,8125;4,2;6,88;10,0;4,7;4,0;4,0;4,0;;;;;;0;2019;True;3
RA-402;2024;Aluno-402;F;14,0;2010,0;2019;5;Pública;EE Donizetti Aparecido Leite Professor;4M;4,0;4,0;0,0;False;Adequado;5,683064814833333;Quartzo;7,5;3,074074074;6,26;6,354166667;4,166666666666667;6,1175;10,0;3,0;3,5;6,0;4,0;;;;;;0;2021;True;3
RA-403;2022;Aluno-403;M;12,0;2010,0;2020;2;Pública;;K;2,0;3,0;-1,0;True;Moderada (1);7,455;Ametista;9,5;9,3;7,5;;6,3;7,5;5,0;6,5;6,2;;3,0;334;50;4;False;False;-1;2020;True;3
RA-403;2023;Aluno-403;M;13,0;2010,0;2020;3;Pública;;2U;2,0;3,0;-1,0;True;Moderada (1);7,716366667;Ametista;8,5;8,8;6,27;7,291666667;7,8;8,45;5,0;6,8;8,8;;3,0;;;;;;-1;2020;True;3
RA-403;2024;Aluno-403;M;14,0;2010,0;2020;4;Pública;EE Maria André Schunck Dona;3K;3,0;3,0;0,0;False;Adequado;8,008488888833334;Topázio;8,751;7,361111111;7,51;8,541666667;7,666666666666667;7,613333333;10,0;6,0;8,0;9,0;3,0;;;;;;0;2021;True;3
RA-404;2022;Aluno-404;F;12,0;2010,0;2020;2;Pública;;K;2,0;3,0;-1,0;True;Moderada (1);6,658;Ágata;9,0;7,3;7,5;;5,3;6,944;5,0;4,0;6,5;;3,0;602;100;7;False;False;-1;2020;True;3
RA-404;2023;Aluno-404;F;13,0;2010,0;2020;3;Pública;;2L;2,0;3,0;-1,0;True;Moderada (1);6,7093;Ágata;7,9;8,3;5,02;6,875;6,0;6,89;5,0;4,7;7,2;;3,0;;;;;;-1;2020;True;3
RA-404;2024;Aluno-404;F;14,0;2010,0;2020;4;Pública;EM Cecilia Cristina de Oliveira Rodrigues;3M;3,0;3,0;0,0;False;Adequado;6,624588235266668;Ágata;8,334;6,286274509666666;2,51;7,5;5,666666666666667;6,998;10,0;6,0;5,0;6,0;5,0;;;;;;0;2021;True;3
RA-405;2022;Aluno-405;M;13,0;2009,0;2016;6;Pública;;K;2,0;3,0;-1,0;True;Moderada (1);5,661;Quartzo;9,5;6,2;5,0;;3,3;6,0;5,0;2,7;3,8;;3,0;769;142;12;False;False;-1;2016;False;1
RA-406;2022;Aluno-406;F;13,0;2009,0;2019;3;Pública;;K;2,0;3,0;-1,0;True;Moderada (1);7,496;Ametista;9,5;9,5;7,5;;6,6;7,333;5,0;5,4;7,8;;3,0;314;47;3;False;False;-1;2019;False;1
RA-407;2022;Aluno-407;M;13,0;2009,0;2022;0;Pública;;K;2,0;3,0;-1,0;True;Moderada (1);7,195;Ametista;8,5;9,3;7,5;;6,0;7,056;5,0;4,0;8,0;;3,0;431;64;5;False;False;-1;2022;False;3
RA-407;2023;Aluno-407;M;14,0;2009,0;2022;1;Pública;;3L;3,0;4,0;-1,0;True;Moderada (1);7,665083333;Ametista;9,6;8,6;7,52;7,8125;7,3;7,5;5,0;7,3;7,2;7,3;4,0;;;;;;-1;2022;False;3
RA-407;2024;Aluno-407;M;15,0;2009,0;2022;2;Pública;EE Maria André Schunck Dona;4L;4,0;4,0;0,0;False;Adequado;7,0875128168;Ametista;8,334;7,614522417333333;6,26;7,96875;3,6666666666666665;7,875;10,0;2,0;5,0;4,0;4,0;;;;;;0;2022;False;3
RA-408;2022;Aluno-408;F;12,0;2010,0;2022;0;Pública;;K;2,0;3,0;-1,0;True;Moderada (1);6,725;Ágata;8,0;9,7;7,5;;3,3;7,333;5,0;1,0;5,5;;3,0;578;94;6;False;False;-1;2022;False;3
RA-408;2023;Aluno-408;F;13,0;2010,0;2022;1;Pública;;2L;2,0;3,0;-1,0;True;Moderada (1);7,242133333;Ametista;7,9;8,5;3,77;8,333333333;6,8;8,45;5,0;6,0;7,5;;3,0;;;;;;-1;2022;False;3
RA-408;2024;Aluno-408;F;14,0;2010,0;2022;2;Pública;EE Maria André Schunck Dona;3K;3,0;3,0;0,0;False;Adequado;6,5276296297;Ágata;7,5;4,981481481666667;7,51;7,083333333;4,833333333333333;6,776666667;10,0;3,0;5,5;6,0;3,0;;;;;;0;2022;False;3
RA-409;2022;Aluno-409;F;11,0;2011,0;2022;0;Pública;;K;2,0;2,0;0,0;False;Adequado;8,15;Topázio;7,9;9,7;7,5;;7,8;7,5;10,0;6,0;9,5;;3,0;99;13;1;False;False;0;2022;False;3
RA-409;2023;Aluno-409;F;12,0;2011,0;2022;1;Pública;;2K;2,0;3,0;-1,0;True;Moderada (1);7,621466667;Ametista;8,4;9,5;2,52;7,916666667;8,0;8,73;5,0;6,2;9,7;;3,0;;;;;;-1;2022;False;3
RA-409;2024;Aluno-409;F;13,0;2011,0;2022;2;Pública;EE Maria André Schunck Dona;3K;3,0;3,0;0,0;False;Adequado;8,225462962900002;Topázio;9,585;9,231481481333333;7,51;7,916666667;7,166666666666667;7,223333333;10,0;7,0;7,5;7,0;3,0;;;;;;0;2022;False;3
RA-41;2022;Aluno-41;M;17,0;2005,0;2018;4;Pública;;A;5,0;7,0;-2,0;True;Alta (2);5,581;Quartzo;9,2;6,1;5,0;;5,6;4,375;5,0;6,3;2,5;8,0;3,0;777;51;9;False;False;-2;2018;False;1
RA-410;2022;Aluno-410;M;14,0;2008,0;2018;4;Pública;;K;2,0;4,0;-2,0;True;Alta (2);5,675;Quartzo;7,4;6,5;6,3;;2,0;7,444;5,0;2,0;2,0;;3,0;763;141;11;False;False;-2;2018;False;2
RA-410;2023;Aluno-410;M;14,0;2008,0;2018;5;Pública;;3K;3,0;4,0;-1,0;True;Moderada (1);6,140808333;Ágata;8,8;5,8;7,52;6,71875;4,9;6,0425;5,0;5,0;4,8;4,8;4,0;;;;;;-1;2018;False;2
RA-411;2022;Aluno-411;F;12,0;2010,0;2019;3;Pública;;L;2,0;3,0;-1,0;True;Moderada (1);7,232;Ametista;6,4;8,6;7,5;;7,1;7,833;5,0;6,7;7,5;;3,0;415;61;12;False;False;-1;2019;True;3
RA-411;2023;Aluno-411;F;13,0;2010,0;2019;4;Privada;;3L;3,0;3,0;0,0;False;Adequado;7,779983333;Ametista;6,2;9,0;7,52;7,8125;6,6;7,5425;10,0;5,7;6,7;7,3;4,0;;;;;;0;2019;True;3
RA-411;2024;Aluno-411;F;14,0;2010,0;2019;5;Privada;Rede Decisão - Unidade União;4M;4,0;4,0;0,0;False;Adequado;7,279762962966667;Ametista;7,083;9,148148148;5,635;7,291666667;4,833333333333333;7,4125;10,0;3,5;7,0;4,0;4,0;;;;;;0;2021;True;3
RA-412;2022;Aluno-412;F;12,0;2010,0;2018;4;Pública;;L;2,0;3,0;-1,0;True;Moderada (1);7,556;Ametista;8,5;9,0;7,5;;7,3;7,778;5,0;6,5;8,2;;3,0;292;45;8;False;False;-1;2018;True;3
RA-412;2023;Aluno-412;F;13,0;2010,0;2018;5;Pública;;3L;3,0;3,0;0,0;False;Adequado;7,373891667;Ametista;8,8;8,9;2,52;7,03125;6,2;7,585;10,0;5,8;5,2;7,7;4,0;;;;;;0;2018;True;3
RA-412;2024;Aluno-412;F;14,0;2010,0;2018;6;Pública;EE Maria André Schunck Dona;4M;4,0;4,0;0,0;False;Adequado;8,044378070166667;Topázio;8,334;8,456140351;6,26;8,020833333;7,333333333333333;8,125;10,0;8,0;6,0;8,0;4,0;;;;;;0;2021;True;3
RA-413;2022;Aluno-413;F;12,0;2010,0;2022;0;Pública;;L;2,0;3,0;-1,0;True;Moderada (1);6,408;Ágata;6,4;8,7;5,6;;4,7;7,056;5,0;4,2;5,2;;3,0;660;120;15;False;False;-1;2022;False;2
RA-413;2023;Aluno-413;F;13,0;2010,0;2022;1;Pública;;2K;2,0;3,0;-1,0;True;Moderada (1);6,803633333;Ágata;7,9;8,9;2,52;7,291666667;6,3;7,503333333;5,0;5,8;6,7;;3,0;;;;;;-1;2022;False;2
RA-414;2022;Aluno-414;F;12,0;2010,0;2021;1;Pública;;L;2,0;3,0;-1,0;True;Moderada (1);7,284;Ametista;8,0;9,3;7,5;;5,9;7,667;5,0;5,7;6,2;;3,0;399;58;11;False;False;-1;2021;False;3
RA-414;2023;Aluno-414;F;13,0;2010,0;2021;2;Pública;;3L;3,0;3,0;0,0;False;Adequado;7,25025;Ametista;0,0;9,5;7,52;7,8125;6,5;7,585;10,0;6,0;7,0;6,5;4,0;;;;;;0;2021;False;3
RA-414;2024;Aluno-414;F;14,0;2010,0;2021;3;Pública;EE Maria André Schunck Dona;3L;3,0;3,0;0,0;False;Adequado;7,187625925933334;Ametista;7,917;8,429629629666666;7,51;6,25;6,0;5,67;10,0;9,0;3,0;6,0;4,0;;;;;;0;2021;False;3
RA-415;2022;Aluno-415;F;11,0;2011,0;2019;3;Pública;;L;2,0;2,0;0,0;False;Adequado;7,695;Ametista;8,0;8,3;7,5;;6,2;8,056;10,0;4,8;7,5;;3,0;235;37;7;False;False;0;2019;False;2
RA-415;2023;Aluno-415;F;12,0;2011,0;2019;4;Pública;;3L;3,0;3,0;0,0;False;Adequado;7,18805;Ametista;7,1;8,2;7,52;7,8125;3,7;7,8325;10,0;2,8;4,0;4,3;4,0;;;;;;0;2019;False;2
RA-416;2022;Aluno-416;M;12,0;2010,0;2018;4;Privada - Parceira;;L;2,0;3,0;-1,0;True;Moderada (1);7,913;Ametista;9,5;9,3;8,8;;7,2;8,222;5,0;6,7;7,7;;3,0;164;23;6;False;False;-1;2018;True;3
RA-416;2023;Aluno-416;M;13,0;2010,0;2018;5;Privada - Apadrinhamento;;3L;3,0;3,0;0,0;False;Adequado;8,144425;Topázio;9,2;9,8;2,52;8,28125;7,6;8,3375;10,0;7,0;7,0;8,8;4,0;;;;;;0;2018;True;3
RA-416;2024;Aluno-416;M;14,0;2010,0;2018;6;Privada - Apadrinhamento;Colégio Arco Íris Evolução;4M;4,0;3,0;1,0;False;Adiantado;8,700808577033333;Topázio;8,751;8,972709551666666;7,51;8,541666667;8,0;9,13;10,0;8,0;7,5;8,5;4,0;;;;;;1;2021;True;3
RA-417;2022;Aluno-417;F;13,0;2009,0;2022;0;Pública;;L;2,0;3,0;-1,0;True;Moderada (1);8,428;Topázio;10,0;10,0;7,5;;8,0;9,556;5,0;6,0;10,0;;3,0;43;4;2;True;False;-1;2022;False;3
RA-417;2023;Aluno-417;F;13,0;2009,0;2022;1;Pública;;3L;3,0;3,0;0,0;False;Adequado;8,257658333;Topázio;5,4;9,7;7,52;8,28125;7,8;8,2125;10,0;6,7;8,3;8,3;4,0;;;;;;0;2022;False;3
RA-417;2024;Aluno-417;F;14,0;2009,0;2022;2;Pública;EE Neide Celestina de Oliveira Profa;4L;4,0;4,0;0,0;False;Adequado;8,533628557533333;Topázio;8,334;8,401559454333333;7,51;8,4375;8,833333333333334;8,2925;10,0;9,0;10,0;7,5;4,0;;;;;;0;2022;False;3
RA-418;2022;Aluno-418;F;10,0;2012,0;2020;2;Privada - Parceira;;L;2,0;2,0;0,0;False;Adequado;8,175;Topázio;8,0;9,4;7,5;;7,5;8,222;10,0;6,5;8,5;;3,0;93;12;3;False;False;0;2020;True;3
RA-418;2023;Aluno-418;F;11,0;2012,0;2020;3;Privada - Apadrinhamento;;3L;3,0;2,0;1,0;False;Adiantado;8,1686;Topázio;8,8;10,0;2,52;8,125;8,1;8,045;10,0;6,7;8,3;9,3;4,0;;;;;;1;2020;True;3
RA-418;2024;Aluno-418;F;12,0;2012,0;2020;4;Privada - Apadrinhamento;Colégio Arco Íris Evolução;4M;4,0;3,0;1,0;False;Adiantado;9,125183333366667;Topázio;8,751;10,0;7,51;8,229166667;9,333333333333334;9,0475;10,0;9,5;8,5;10,0;4,0;;;;;;1;2021;True;3
RA-419;2022;Aluno-419;F;12,0;2010,0;2019;3;Privada - Parceira;;L;2,0;3,0;-1,0;True;Moderada (1);7,359;Ametista;7,5;9,2;5,6;;6,9;8,389;5,0;5,3;8,5;;3,0;375;55;10;True;False;-1;2019;True;3
RA-419;2023;Aluno-419;F;13,0;2010,0;2019;4;Privada - Apadrinhamento;;3L;3,0;3,0;0,0;False;Adequado;7,7261;Ametista;6,7;9,5;2,52;8,125;7,6;7,875;10,0;7,0;7,3;8,5;4,0;;;;;;0;2019;True;3
RA-419;2024;Aluno-419;F;14,0;2010,0;2019;5;Privada - Apadrinhamento;Colégio Arco Íris Evolução;4M;4,0;3,0;1,0;False;Adiantado;8,355707894766669;Topázio;7,083;9,382456140666669;6,26;8,020833333;8,166666666666666;8,5475;10,0;6,5;8,0;10,0;4,0;;;;;;1;2021;True;3
RA-42;2022;Aluno-42;M;15,0;2007,0;2019;3;Privada - Parceira;;A;5,0;5,0;0,0;False;Adequado;6,72;Ágata;8,3;7,9;5,6;;4,8;6,083;10,0;3,7;4,5;6,2;3,0;582;33;5;False;False;0;2019;True;3
RA-42;2023;Aluno-42;M;16,0;2007,0;2019;4;Privada - Apadrinhamento;;5A;5,0;6,0;-1,0;True;Moderada (1);6,794516667;Ágata;8,8;8,6;5,63;6,5625;5,7;6,6675;5,0;6,3;4,2;6,7;4,0;;;;;;-1;2019;True;3
RA-42;2024;Aluno-42;M;17,0;2007,0;2019;5;Pública;EE Paschoal Carlos Magno;6A;6,0;7,0;-1,0;True;Moderada (1);7,656628769866667;Ametista;9,168;9,682539682666668;5,635;6,796875;8,166666666666666;7,134;5,0;9,0;7,5;8,0;5,0;;;;;;-1;2021;True;3
RA-420;2022;Aluno-420;F;11,0;2011,0;2019;3;Privada - Parceira;;L;2,0;2,0;0,0;False;Adequado;7,461;Ametista;9,5;9,0;5,6;;4,5;8,0;10,0;1,3;7,7;;3,0;331;49;9;False;False;0;2019;True;3
RA-420;2023;Aluno-420;F;12,0;2011,0;2019;4;Privada - Apadrinhamento;;3M;3,0;3,0;0,0;False;Adequado;7,356358333;Ametista;8,3;9,3;2,52;7,65625;5,3;7,96;10,0;5,7;5,8;4,3;4,0;;;;;;0;2019;True;3
RA-420;2024;Aluno-420;F;13,0;2011,0;2019;5;Privada - Apadrinhamento;Colégio Arco Íris Evolução;4M;4,0;3,0;1,0;False;Adiantado;7,544228947400001;Ametista;8,334;9,557894737;6,26;7,8125;4,0;7,96;10,0;3,0;4,5;4,5;4,0;;;;;;1;2021;True;3
RA-421;2022;Aluno-421;M;11,0;2011,0;2021;1;Pública;;L;2,0;2,0;0,0;False;Adequado;8,717;Topázio;8,5;9,3;7,5;;8,8;9,111;10,0;9,2;8,5;;3,0;14;2;1;True;True;0;2021;False;3
RA-421;2023;Aluno-421;M;12,0;2011,0;2021;2;Pública;;3L;3,0;3,0;0,0;False;Adequado;8,030716667;Topázio;9,2;9,9;2,52;7,8125;7,3;8,17;10,0;8,0;6,2;7,8;4,0;;;;;;0;2021;False;3
RA-421;2024;Aluno-421;M;13,0;2011,0;2021;3;Pública;Estuda em outra cidade;4N;4,0;3,0;1,0;False;Adiantado;8,488232329;Topázio;8,751;9,540744978333334;7,51;9,0625;6,666666666666667;8,572;10,0;5,0;6,0;9,0;5,0;;;;;;1;2021;False;3
RA-422;2022;Aluno-422;M;12,0;2010,0;2022;0;Pública;;L;2,0;3,0;-1,0;True;Moderada (1);6,746;Ágata;8,5;10,0;7,5;;2,5;7,5;5,0;1,0;4,0;;3,0;569;90;13;False;False;-1;2022;False;3
RA-422;2023;Aluno-422;M;13,0;2010,0;2022;1;Pública;;2U;2,0;3,0;-1,0;True;Moderada (1);5,57;Quartzo;0,0;7,8;7,52;6,666666667;4,4;6,106666667;5,0;3,0;5,7;;3,0;;;;;;-1;2022;False;3
RA-422;2024;Aluno-422;M;14,0;2010,0;2022;2;Pública;EE Maria André Schunck Dona;3K;3,0;4,0;-1,0;True;Moderada (1);5,544981481433334;Quartzo;7,5;6,157407407333333;7,51;6,458333333;2,833333333333333;5,5;5,0;3,0;4,5;1,0;3,0;;;;;;-1;2022;False;3
RA-423;2022;Aluno-423;F;12,0;2010,0;2022;0;Pública;;L;2,0;3,0;-1,0;True;Moderada (1);6,647;Ágata;8,4;9,6;7,5;;2,3;7,667;5,0;0,5;4,0;;3,0;607;102;14;False;False;-1;2022;False;3
RA-423;2023;Aluno-423;F;13,0;2010,0;2022;1;Pública;;2U;2,0;3,0;-1,0;True;Moderada (1);6,607533333;Ágata;8,0;8,7;6,89;7,083333333;3,4;7,45;5,0;2,3;4,5;;3,0;;;;;;-1;2022;False;3
RA-423;2024;Aluno-423;F;14,0;2010,0;2022;2;Pública;EE Maria André Schunck Dona;3L;3,0;3,0;0,0;False;Adequado;6,616193704866666;Ágata;5,833;6,501135191;8,13;6,875;4,333333333333333;6,8275;10,0;6,0;3,5;3,5;4,0;;;;;;0;2022;False;3
RA-424;2022;Aluno-424;F;12,0;2010,0;2022;0;Pública;;L;2,0;3,0;-1,0;True;Moderada (1);7,94;Ametista;9,0;10,0;7,5;;7,5;8,222;5,0;10,0;5,0;;3,0;159;21;5;False;False;-1;2022;False;3
RA-424;2023;Aluno-424;F;13,0;2010,0;2022;1;Pública;;3M;3,0;3,0;0,0;False;Adequado;7,72685;Ametista;8,8;9,9;2,52;7,8125;6,4;7,7925;10,0;5,0;6,7;7,5;4,0;;;;;;0;2022;False;3
RA-424;2024;Aluno-424;F;14,0;2010,0;2022;2;Pública;EM Cecilia Cristina de Oliveira Rodrigues;4L;4,0;4,0;0,0;False;Adequado;7,341187280733334;Ametista;8,334;9,616228070333332;7,51;7,34375;3,333333333333333;7,1625;10,0;2,0;6,0;2,0;4,0;;;;;;0;2022;False;3
RA-425;2022;Aluno-425;M;12,0;2010,0;2022;0;Pública;;L;2,0;3,0;-1,0;True;Moderada (1);8,117;Topázio;9,0;10,0;7,5;;9,0;7,5;5,0;9,0;9,0;;3,0;110;15;4;False;False;-1;2022;False;3
RA-425;2023;Aluno-425;M;13,0;2010,0;2022;1;Pública;;3L;3,0;3,0;0,0;False;Adequado;8,10555;Topázio;9,2;9,9;2,52;7,8125;7,5;8,3775;10,0;6,7;7,3;8,5;4,0;;;;;;0;2022;False;3
RA-425;2024;Aluno-425;M;14,0;2010,0;2022;2;Pública;EE Maria André Schunck Dona;4M;4,0;4,0;0,0;False;Adequado;9,0166166667;Topázio;10,002;10,0;6,26;8,229166667;9,0;8,8375;10,0;10,0;7,5;9,5;4,0;;;;;;0;2022;False;3
RA-426;2022;Aluno-426;F;14,0;2008,0;2022;0;Pública;;M;2,0;4,0;-2,0;True;Alta (2);6,35;Ágata;9,0;6,5;7,5;;4,6;7,111;5,0;2,3;6,8;;3,0;668;122;9;False;False;-2;2022;False;3
RA-426;2023;Aluno-426;F;14,0;2008,0;2022;1;Pública;;3M;3,0;4,0;-1,0;True;Moderada (1);6,329158333;Ágata;5,4;7,6;5,0;7,65625;5,0;7,5425;5,0;4,7;5,2;5,0;4,0;;;;;;-1;2022;False;3
RA-426;2024;Aluno-426;F;15,0;2008,0;2022;2;Pública;EE Donizetti Aparecido Leite Professor;4L;4,0;5,0;-1,0;True;Moderada (1);6,6430030186;Ágata;7,917;7,905056759666666;4,38;7,65625;4,833333333333333;8,0;5,0;3,5;7,0;4,0;4,0;;;;;;-1;2022;False;3
RA-427;2022;Aluno-427;M;13,0;2009,0;2022;0;Pública;;M;2,0;3,0;-1,0;True;Moderada (1);6,245;Ágata;8,0;8,5;7,5;;2,5;6,778;5,0;3,0;2,0;;3,0;696;128;11;False;False;-1;2022;False;1
RA-428;2022;Aluno-428;M;13,0;2009,0;2022;0;Pública;;M;2,0;3,0;-1,0;True;Moderada (1);7,683;Ametista;6,8;8,7;7,5;;9,5;7,111;5,0;10,0;9,0;;3,0;238;38;2;False;False;-1;2022;False;3
RA-428;2023;Aluno-428;M;13,0;2009,0;2022;1;Pública;;3N;3,0;3,0;0,0;False;Adequado;7,821816667;Ametista;8,3;9,5;2,52;7,8125;7,2;8,0425;10,0;9,3;4,7;7,7;4,0;;;;;;0;2022;False;3
RA-428;2024;Aluno-428;M;14,0;2009,0;2022;2;Pública;EE Donizetti Aparecido Leite Professor;4M;4,0;4,0;0,0;False;Adequado;7,534949122800001;Ametista;9,168;8,898245614;5,635;7,5;5,0;7,625;10,0;3,0;4,0;8,0;4,0;;;;;;0;2022;False;3
RA-429;2022;Aluno-429;M;13,0;2009,0;2019;3;Pública;;M;2,0;3,0;-1,0;True;Moderada (1);5,811;Quartzo;10,0;5,3;7,5;;2,7;6,611;5,0;2,8;2,5;;3,0;749;138;12;False;False;-1;2019;False;1
RA-43;2022;Aluno-43;F;16,0;2006,0;2019;3;Pública;;A;5,0;6,0;-1,0;True;Moderada (1);5,486;Quartzo;6,3;6,5;5,6;;4,3;5,958;5,0;4,0;5,8;3,2;3,0;791;54;11;False;False;-1;2019;False;2
RA-43;2023;Aluno-43;F;17,0;2006,0;2019;4;Pública;;6A;6,0;7,0;-1,0;True;Moderada (1);6,4622;Ágata;7,9;6,7;5,63;7,5;5,0;7,5875;5,0;4,0;5,0;6,0;4,0;;;;;;-1;2019;False;2
RA-430;2022;Aluno-430;M;13,0;2009,0;2022;0;Pública;;M;2,0;3,0;-1,0;True;Moderada (1);7,585;Ametista;9,5;8,6;7,5;;8,5;6,611;5,0;7,5;9,5;;3,0;281;43;3;False;False;-1;2022;False;2
RA-430;2023;Aluno-430;M;14,0;2009,0;2022;1;Pública;;3M;3,0;4,0;-1,0;True;Moderada (1);7,146716667;Ametista;9,2;9,3;2,52;7,8125;6,4;7,75;5,0;7,3;5,5;6,5;4,0;;;;;;-1;2022;False;2
RA-431;2022;Aluno-431;M;11,0;2011,0;2022;0;Pública;;M;2,0;2,0;0,0;False;Adequado;7,175;Ametista;9,0;8,1;7,5;;4,5;6,778;10,0;5,0;4,0;;3,0;439;68;5;False;False;0;2022;False;1
RA-432;2022;Aluno-432;F;14,0;2008,0;2019;3;Pública;;M;2,0;4,0;-2,0;True;Alta (2);6,34;Ágata;10,0;6,8;5,0;;5,1;6,611;5,0;5,7;4,5;;3,0;672;123;10;False;False;-2;2019;True;3
RA-432;2023;Aluno-432;F;15,0;2008,0;2019;4;Pública;;3M;3,0;5,0;-2,0;True;Alta (2);6,850183333;Ágata;8,8;9,0;2,52;7,8125;5,2;8,0425;5,0;5,0;6,3;4,2;4,0;;;;;;-2;2019;True;3
RA-432;2024;Aluno-432;F;16,0;2008,0;2019;5;Pública;EE Donizetti Aparecido Leite Professor;4L;4,0;5,0;-1,0;True;Moderada (1);7,167975;Ametista;7,501;10,0;6,26;7,34375;5,5;7,2875;5,0;5,0;6,0;5,5;4,0;;;;;;-1;2021;True;3
RA-433;2022;Aluno-433;M;12,0;2010,0;2022;0;Pública;;M;2,0;3,0;-1,0;True;Moderada (1);5,557;Quartzo;8,5;7,3;5,0;;2,6;5,778;5,0;2,2;3,0;;3,0;780;146;13;False;False;-1;2022;False;3
RA-433;2023;Aluno-433;M;13,0;2010,0;2022;1;Pública;;2M;2,0;3,0;-1,0;True;Moderada (1);6,5982;Ágata;8,5;7,2;7,52;5,833333333;4,8;7,613333333;5,0;1,8;7,7;;3,0;;;;;;-1;2022;False;3
RA-433;2024;Aluno-433;M;14,0;2010,0;2022;2;Pública;EE Donizetti Aparecido Leite Professor;3N;3,0;3,0;0,0;False;Adequado;7,218157142866668;Ametista;7,918;8,380952381;8,13;6,875;4,833333333333333;6,415;10,0;6,5;4,0;4,0;2,0;;;;;;0;2022;False;3
RA-434;2022;Aluno-434;M;11,0;2011,0;2022;0;Pública;;M;2,0;2,0;0,0;False;Adequado;7,403;Ametista;9,0;8,1;7,5;;5,7;6,778;10,0;4,8;6,5;;3,0;360;52;4;False;False;0;2022;False;3
RA-434;2023;Aluno-434;M;12,0;2011,0;2022;1;Pública;;2M;2,0;3,0;-1,0;True;Moderada (1);7,069766667;Ametista;6,3;8,0;7,52;7,5;6,6;7,613333333;5,0;5,2;8,0;;3,0;;;;;;-1;2022;False;3
RA-434;2024;Aluno-434;M;13,0;2011,0;2022;2;Pública;EE Donizetti Aparecido Leite Professor;3U;3,0;3,0;0,0;False;Adequado;6,610947619100001;Ágata;7,084;5,061904762;7,51;7,291666667;5,5;6,55;10,0;5,5;5,5;5,5;3,0;;;;;;0;2022;False;3
RA-435;2022;Aluno-435;F;10,0;2012,0;2022;0;Pública;;M;2,0;2,0;0,0;False;Adequado;6,599;Ágata;7,9;6,2;7,5;;4,7;6,444;10,0;3,7;5,7;;3,0;627;109;8;False;False;0;2022;False;1
RA-436;2022;Aluno-436;M;11,0;2011,0;2022;0;Pública;;M;2,0;2,0;0,0;False;Adequado;6,687;Ágata;9,5;8,1;7,5;;2,0;6,611;10,0;4,0;0,0;;3,0;592;98;7;False;False;0;2022;False;2
RA-436;2023;Aluno-436;M;12,0;2011,0;2022;1;Pública;;2M;2,0;3,0;-1,0;True;Moderada (1);5,322366667;Quartzo;7,5;4,7;2,52;6,875;3,4;7,613333333;5,0;3,7;3,0;;3,0;;;;;;-1;2022;False;2
RA-437;2022;Aluno-437;M;13,0;2009,0;2022;0;Pública;;M;2,0;3,0;-1,0;True;Moderada (1);6,875;Ágata;8,5;8,3;7,5;;5,8;6,611;5,0;6,0;5,5;;3,0;531;82;6;False;False;-1;2022;False;2
RA-437;2023;Aluno-437;M;14,0;2009,0;2022;1;Pública;;2M;2,0;4,0;-2,0;True;Alta (2);6,947366667;Ágata;8,0;8,4;7,52;7,291666667;4,7;7,78;5,0;2,5;6,8;;3,0;;;;;;-2;2022;False;2
RA-438;2022;Aluno-438;M;10,0;2012,0;2022;0;Pública;;M;2,0;2,0;0,0;False;Adequado;7,764;Ametista;8,0;8,7;7,5;;7,3;6,889;10,0;6,5;8,0;;3,0;213;33;1;False;False;0;2022;False;3
RA-438;2023;Aluno-438;M;11,0;2012,0;2022;1;Pública;;2L;2,0;2,0;0,0;False;Adequado;6,9883;Ágata;6,9;7,5;6,26;6,458333333;5,4;7,223333333;10,0;3,5;7,3;;3,0;;;;;;0;2022;False;3
RA-438;2024;Aluno-438;M;12,0;2012,0;2022;2;Pública;EE Maria André Schunck Dona;2K;2,0;3,0;-1,0;True;Moderada (1);7,930283695700001;Ametista;9,168;8,6630434785;7,51;7,96875;8,25;7,915;5,0;7,0;9,5;;4,0;;;;;;-1;2022;False;3
RA-439;2022;Aluno-439;M;12,0;2010,0;2022;0;Pública;;M;2,0;3,0;-1,0;True;Moderada (1);5,519;Quartzo;9,0;4,9;7,5;;2,3;6,5;5,0;3,2;1,3;;3,0;789;147;14;False;False;-1;2022;False;1
RA-44;2022;Aluno-44;F;17,0;2005,0;2021;1;Pública;;A;5,0;7,0;-2,0;True;Alta (2);5,542;Quartzo;5,0;5,9;7,5;;3,0;7,292;5,0;2,3;3,5;3,2;3,0;785;52;10;False;True;-2;2021;False;2
RA-44;2023;Aluno-44;F;18,0;2005,0;2021;2;Pública;;6A;6,0;8,0;-2,0;True;Alta (2);6,258333333;Ágata;0,0;8,5;5,01;7,5;6,9;7,17;5,0;7,3;5,8;7,5;4,0;;;;;;-2;2021;False;2
RA-440;2022;Aluno-440;M;11,0;2011,0;2022;0;Pública;;P;2,0;2,0;0,0;False;Adequado;7,329;Ametista;9,5;9,0;6,9;;5,5;5,833;10,0;6,0;5,0;;3,0;382;56;6;False;False;0;2022;False;2
RA-440;2023;Aluno-440;M;12,0;2011,0;2022;1;Pública;;3P;3,0;3,0;0,0;False;Adequado;6,989208333;Ágata;0,0;8,2;7,52;7,96875;6,2;7,835;10,0;7,3;7,0;4,2;4,0;;;;;;0;2022;False;2
RA-441;2022;Aluno-441;F;11,0;2011,0;2019;3;Pública;;P;2,0;2,0;0,0;False;Adequado;8,188;Topázio;9,0;7,9;7,5;;8,0;8,333;10,0;8,0;8,0;;3,0;87;11;2;False;False;0;2019;False;1
RA-442;2022;Aluno-442;F;11,0;2011,0;2022;0;Pública;;P;2,0;2,0;0,0;False;Adequado;8,226;Topázio;10,0;8,2;7,5;;7,5;8,222;10,0;9,0;6,0;;3,0;78;8;1;False;False;0;2022;False;3
RA-442;2023;Aluno-442;F;12,0;2011,0;2022;1;Pública;;3K;3,0;3,0;0,0;False;Adequado;6,814166667;Ágata;0,0;7,6;7,52;7,5;5,8;8,1275;10,0;6,7;6,5;4,3;4,0;;;;;;0;2022;False;3
RA-442;2024;Aluno-442;F;13,0;2011,0;2022;2;Pública;EE Maria André Schunck Dona;4M;4,0;3,0;1,0;False;Adiantado;6,905439215666667;Ágata;8,334;5,9151960783333335;5,635;7,5;5,0;7,8775;10,0;4,5;7,0;3,5;4,0;;;;;;1;2022;False;3
RA-443;2022;Aluno-443;F;13,0;2009,0;2019;3;Pública;;P;2,0;3,0;-1,0;True;Moderada (1);7,482;Ametista;9,0;9,1;7,5;;5,6;8,5;5,0;8,0;3,2;;3,0;321;48;4;True;True;-1;2019;False;2
RA-443;2023;Aluno-443;F;14,0;2009,0;2019;4;Pública;;3P;3,0;4,0;-1,0;True;Moderada (1);6,895508333;Ágata;7,1;7,5;2,52;7,96875;7,6;8,125;5,0;7,0;8,7;7,0;4,0;;;;;;-1;2019;False;2
RA-444;2022;Aluno-444;M;11,0;2011,0;2018;4;Pública;;P;2,0;2,0;0,0;False;Adequado;6,665;Ágata;9,0;7,2;5,0;;3,1;7,778;10,0;1,5;4,7;;3,0;601;99;8;False;False;0;2018;True;3
RA-444;2023;Aluno-444;M;11,0;2011,0;2018;5;Pública;;3P;3,0;2,0;1,0;False;Adiantado;5,958791667;Quartzo;0,0;7,9;5,0;6,40625;4,7;6,4575;10,0;4,7;5,8;3,7;4,0;;;;;;1;2018;True;3
RA-444;2024;Aluno-444;M;14,0;2009,0;2018;6;Pública;EE Maria André Schunck Dona;3P;3,0;4,0;-1,0;True;Moderada (1);5,410188638266668;Quartzo;8,334;6,377276524666667;2,51;6,25;3,6666666666666665;5,96;5,0;2,0;5,0;4,0;4,0;;;;;;-1;2021;True;3
RA-445;2022;Aluno-445;M;12,0;2010,0;2022;0;Pública;;P;2,0;3,0;-1,0;True;Moderada (1);6,924;Ágata;9,0;9,4;7,5;;3,8;7,5;5,0;0,0;7,5;;3,0;518;79;7;False;False;-1;2022;False;3
RA-445;2023;Aluno-445;M;13,0;2010,0;2022;1;Pública;;2R;2,0;3,0;-1,0;True;Moderada (1);7,9087;Ametista;8,0;8,8;6,89;8,541666667;8,4;8,176666667;5,0;7,7;9,0;;3,0;;;;;;-1;2022;False;3
RA-445;2024;Aluno-445;M;14,0;2010,0;2022;2;Pública;EE Maria André Schunck Dona;3P;3,0;3,0;0,0;False;Adequado;7,3416246032;Ametista;7,917;8,715873016;7,51;7,8125;4,0;7,3725;10,0;3,0;6,0;3,0;4,0;;;;;;0;2022;False;3
RA-446;2022;Aluno-446;F;13,0;2009,0;2018;4;Pública;;P;2,0;3,0;-1,0;True;Moderada (1);7,367;Ametista;9,5;8,9;5,0;;6,9;7,889;5,0;6,3;7,5;;3,0;373;54;5;False;False;-1;2018;False;1
RA-447;2022;Aluno-447;F;10,0;2012,0;2022;0;Pública;;P;2,0;2,0;0,0;False;Adequado;5,607;Quartzo;0,0;7,0;7,5;;3,5;5,556;10,0;7,0;0,0;;3,0;773;144;10;False;False;0;2022;False;1
RA-448;2022;Aluno-448;F;11,0;2011,0;2022;0;Pública;;P;2,0;2,0;0,0;False;Adequado;7,972;Ametista;9,0;9,7;7,5;;5,5;8,111;10,0;5,0;6,0;;3,0;150;19;3;False;False;0;2022;False;1
RA-449;2022;Aluno-449;F;12,0;2010,0;2022;0;Pública;;P;2,0;3,0;-1,0;True;Moderada (1);6,143;Ágata;0,0;6,0;7,5;;7,0;8,111;5,0;6,0;8,0;;3,0;703;129;9;False;False;-1;2022;False;2
RA-449;2023;Aluno-449;F;12,0;2010,0;2022;1;Pública;;3P;3,0;3,0;0,0;False;Adequado;7,396508333;Ametista;7,1;7,2;7,52;7,34375;7,0;6,8425;10,0;5,5;7,7;7,7;4,0;;;;;;0;2022;False;2
RA-45;2022;Aluno-45;F;15,0;2007,0;2019;3;Privada - Parceira;;A;5,0;5,0;0,0;False;Adequado;7,591;Ametista;7,9;8,9;5,6;;6,8;7,417;10,0;6,3;5,2;8,8;3,0;277;17;2;False;False;0;2019;True;3
RA-45;2023;Aluno-45;F;16,0;2007,0;2019;4;Privada - Apadrinhamento;;6A;6,0;6,0;0,0;False;Adequado;8,303591667;Topázio;7,1;9,6;6,26;8,28125;7,9;8,1725;10,0;7,8;6,3;9,7;4,0;;;;;;0;2019;True;3
RA-45;2024;Aluno-45;F;17,0;2007,0;2019;5;Privada - Apadrinhamento;Colégio Arco Íris Evolução;7A;7,0;7,0;0,0;False;Adequado;8,743476190400001;Topázio;7,5;9,619047619;9,38;8,75;8,0;8,283333333;10,0;7,5;7,0;9,5;3,0;;;;;;0;2021;True;3
RA-450;2022;Aluno-450;M;13,0;2009,0;2021;1;Pública;;Q;2,0;3,0;-1,0;True;Moderada (1);7,843;Ametista;10,0;9,1;7,5;;7,5;8,111;5,0;6,8;8,2;;3,0;188;29;2;False;False;-1;2021;False;3
RA-450;2023;Aluno-450;M;14,0;2009,0;2021;2;Pública;;3K;3,0;4,0;-1,0;True;Moderada (1);6,819625;Ágata;9,6;8,4;2,52;7,65625;5,4;7,9175;5,0;7,0;6,5;2,7;4,0;;;;;;-1;2021;False;3
RA-450;2024;Aluno-450;M;15,0;2009,0;2021;3;Pública;EE Donizetti Aparecido Leite Professor;4L;4,0;5,0;-1,0;True;Moderada (1);7,526188206666666;Ametista;8,751;8,954191033333332;5,63;7,8125;7,5;7,58;5,0;8,0;8,5;6,0;4,0;;;;;;-1;2021;False;3
RA-451;2022;Aluno-451;F;13,0;2009,0;2019;3;Pública;;Q;2,0;3,0;-1,0;True;Moderada (1);6,434;Ágata;9,0;6,0;6,3;;6,1;6,889;5,0;3,1;9,2;;3,0;654;117;9;False;False;-1;2019;False;2
RA-451;2023;Aluno-451;F;14,0;2009,0;2019;4;Pública;;2P;2,0;4,0;-2,0;True;Alta (2);8,386033333;Topázio;8,5;9,5;4,39;9,375;8,9;9,896666667;5,0;7,8;10,0;;3,0;;;;;;-2;2019;False;2
RA-452;2022;Aluno-452;F;13,0;2009,0;2021;1;Pública;;Q;2,0;3,0;-1,0;True;Moderada (1);6,287;Ágata;9,0;5,6;7,5;;4,8;7,167;5,0;5,0;4,5;;3,0;690;127;10;False;False;-1;2021;False;1
RA-453;2022;Aluno-453;F;13,0;2009,0;2022;0;Pública;;Q;2,0;3,0;-1,0;True;Moderada (1);7,845;Ametista;9,0;8,7;7,5;;8,8;7,778;5,0;8,0;9,5;;3,0;187;28;1;False;False;-1;2022;False;1
RA-454;2022;Aluno-454;M;14,0;2008,0;2018;4;Pública;;Q;2,0;4,0;-2,0;True;Alta (2);5,561;Quartzo;9,5;8,6;5,0;;2,3;5,444;5,0;0,0;4,7;;3,0;779;145;12;False;False;-2;2018;True;3
RA-454;2023;Aluno-454;M;15,0;2008,0;2018;5;Pública;;3P;3,0;5,0;-2,0;True;Alta (2);4,603416667;Quartzo;0,0;7,5;5,0;4,6875;2,6;5,54;5,0;4,2;1,2;2,5;4,0;;;;;;-2;2018;True;3
RA-454;2024;Aluno-454;M;17,0;2007,0;2018;6;Pública;EE Paschoal Carlos Magno;4R;4,0;6,0;-2,0;True;Alta (2);5,852294346966668;Quartzo;9,585;6,633138401666667;6,255;5,416666667;3,6666666666666665;5,833333333;5,0;3,0;2,0;6,0;6,0;;;;;;-2;2021;True;3
RA-455;2022;Aluno-455;F;12,0;2010,0;2022;0;Pública;;Q;2,0;3,0;-1,0;True;Moderada (1);6,876;Ágata;7,0;7,9;7,5;;6,3;7,278;5,0;6,0;6,5;;3,0;529;81;6;False;False;-1;2022;False;2
RA-455;2024;Aluno-455;F;14,0;2010,0;2022;2;Pública;EE Donizetti Aparecido Leite Professor;3U;3,0;3,0;0,0;False;Adequado;7,098988888900001;Ametista;8,751;6,111111111;8,13;8,333333333;4,5;7,276666667;10,0;3,0;6,5;4,0;3,0;;;;;;0;2022;False;2
RA-456;2022;Aluno-456;F;12,0;2010,0;2022;0;Pública;;Q;2,0;3,0;-1,0;True;Moderada (1);7,193;Ametista;6,4;8,2;6,3;;7,3;8,389;5,0;6,0;8,7;;3,0;432;65;5;True;False;-1;2022;False;3
RA-456;2023;Aluno-456;F;12,0;2010,0;2022;1;Pública;;2P;2,0;3,0;-1,0;True;Moderada (1);7,518;Ametista;0,0;8,3;4,39;9,583333333;9,9;9,953333333;5,0;9,7;10,0;;3,0;;;;;;-1;2022;False;3
RA-456;2024;Aluno-456;F;13,0;2010,0;2022;2;Pública;EE Donizetti Aparecido Leite Professor;3R;3,0;3,0;0,0;False;Adequado;8,331124561366668;Topázio;7,083;9,382456140333334;7,51;9,166666667;6,5;8,893333333;10,0;9,0;6,0;4,5;3,0;;;;;;0;2022;False;3
RA-457;2022;Aluno-457;F;12,0;2010,0;2022;0;Pública;;Q;2,0;3,0;-1,0;True;Moderada (1);7,68;Ametista;8,0;8,8;7,5;;8,5;7,667;5,0;7,0;10,0;;3,0;240;40;3;False;False;-1;2022;False;3
RA-457;2023;Aluno-457;F;13,0;2010,0;2022;1;Pública;;3N;3,0;3,0;0,0;False;Adequado;8,256833333;Topázio;7,5;8,6;7,52;8,125;8,1;8,045;10,0;6,7;8,5;9,0;4,0;;;;;;0;2022;False;3
RA-457;2024;Aluno-457;F;14,0;2010,0;2022;2;Pública;EE Donizetti Aparecido Leite Professor;4N;4,0;3,0;1,0;False;Adiantado;8,5892756038;Topázio;8,334;8,743961352333335;7,51;9,6875;8,666666666666666;7,77;10,0;8,0;8,0;10,0;5,0;;;;;;1;2022;False;3
RA-458;2022;Aluno-458;M;13,0;2009,0;2019;3;Pública;;Q;2,0;3,0;-1,0;True;Moderada (1);6,512;Ágata;8,0;7,7;7,5;;5,6;5,833;5,0;4,7;6,5;;3,0;642;113;8;False;False;-1;2019;True;3
RA-458;2023;Aluno-458;M;14,0;2009,0;2019;4;Pública;;3P;3,0;4,0;-1,0;True;Moderada (1);6,312083333;Ágata;9,6;6,9;7,52;7,1875;3,8;6,2475;5,0;4,3;4,8;2,2;4,0;;;;;;-1;2019;True;3
RA-458;2024;Aluno-458;M;15,0;2009,0;2019;5;Pública;EE Maria André Schunck Dona;3P;3,0;4,0;-1,0;True;Moderada (1);5,680161507933333;Quartzo;8,751;3,739682539666666;6,88;7,03125;4,0;6,83;5,0;3,0;4,0;5,0;4,0;;;;;;-1;2021;True;3
RA-459;2022;Aluno-459;M;12,0;2010,0;2019;3;Pública;;Q;2,0;3,0;-1,0;True;Moderada (1);7,28;Ametista;7,0;9,1;8,1;;7,3;7,222;5,0;5,3;9,2;;3,0;401;59;4;False;False;-1;2019;True;3
RA-459;2023;Aluno-459;M;13,0;2010,0;2019;4;Pública;;3N;3,0;3,0;0,0;False;Adequado;8,240016667;Topázio;6,7;9,3;7,52;7,1875;8,3;7,88;10,0;8,3;9,2;7,5;4,0;;;;;;0;2019;True;3
RA-459;2024;Aluno-459;M;14,0;2010,0;2019;5;Pública;EE Donizetti Aparecido Leite Professor;4N;4,0;4,0;0,0;False;Adequado;7,233804589400001;Ametista;7,917;8,454106280333333;5,635;7,8125;4,666666666666667;7,366;10,0;0,0;6,0;8,0;5,0;;;;;;0;2021;True;3
RA-46;2022;Aluno-46;F;17,0;2005,0;2022;0;Pública;;A;5,0;7,0;-2,0;True;Alta (2);6,048;Ágata;8,8;8,4;6,3;;2,1;7,083;5,0;2,8;2,8;0,7;3,0;719;46;7;False;False;-2;2022;False;2
RA-46;2023;Aluno-46;F;18,0;2005,0;2022;1;Pública;;5A;5,0;8,0;-3,0;True;Severa (3+);5,545383333;Quartzo;7,1;7,4;2,52;6,5625;4,4;6,6275;2,5;2,8;3,0;7,3;4,0;;;;;;-3;2022;False;2
RA-460;2022;Aluno-460;M;12,0;2010,0;2022;0;Pública;;Q;2,0;3,0;-1,0;True;Moderada (1);5,711;Quartzo;6,8;8,1;7,5;;3,3;5,056;5,0;0,5;6,0;;3,0;758;140;11;False;False;-1;2022;False;1
RA-461;2022;Aluno-461;F;12,0;2010,0;2018;4;Pública;;Q;2,0;3,0;-1,0;True;Moderada (1);5,451;Quartzo;0,0;6,7;7,5;;3,8;7,222;5,0;1,5;6,2;;3,0;792;149;13;False;False;-1;2018;True;3
RA-461;2023;Aluno-461;F;12,0;2010,0;2018;5;Pública;;2P;2,0;3,0;-1,0;True;Moderada (1);7,2379;Ametista;7,3;7,9;3,77;8,541666667;7,4;8,616666667;5,0;5,7;9,0;;3,0;;;;;;-1;2018;True;3
RA-461;2024;Aluno-461;F;13,0;2010,0;2018;6;Pública;EE Donizetti Aparecido Leite Professor;3R;3,0;3,0;0,0;False;Adequado;7,5447559291;Ametista;8,751;9,182446312;7,51;7,708333333;4,5;7,056666667;10,0;3,0;4,5;6,0;3,0;;;;;;0;2021;True;3
RA-462;2022;Aluno-462;M;14,0;2008,0;2022;0;Pública;;Q;2,0;4,0;-2,0;True;Alta (2);6,626;Ágata;10,0;8,5;7,5;;3,6;6,778;5,0;2,0;5,2;;3,0;616;106;7;False;False;-2;2022;False;2
RA-462;2023;Aluno-462;F;15,0;2008,0;2022;1;Pública;;3P;3,0;5,0;-2,0;True;Alta (2);6,2267;Ágata;10,0;8,1;5,0;7,5;2,7;6,5825;5,0;4,0;2,8;1,3;4,0;;;;;;-2;2022;False;2
RA-463;2022;Aluno-463;F;12,0;2010,0;2020;2;Pública;;U;2,0;3,0;-1,0;True;Moderada (1);6,41;Ágata;10,0;7,8;7,5;;2,5;7,389;5,0;2,0;3,0;;3,0;658;119;11;False;False;-1;2020;False;2
RA-463;2023;Aluno-463;F;13,0;2010,0;2020;3;Pública;;3K;3,0;3,0;0,0;False;Adequado;6,382383333;Ágata;9,2;5,4;2,52;7,8125;4,0;7,795;10,0;6,3;4,3;1,3;4,0;;;;;;0;2020;False;2
RA-464;2022;Aluno-464;F;13,0;2009,0;2022;0;Pública;;U;2,0;3,0;-1,0;True;Moderada (1);6,745;Ágata;7,5;8,0;7,5;;4,8;7,722;5,0;2,7;7,0;;3,0;570;91;7;False;False;-1;2022;False;3
RA-464;2023;Aluno-464;F;14,0;2009,0;2022;1;Pública;;3K;3,0;4,0;-1,0;True;Moderada (1);6,081675;Ágata;9,2;7,7;2,52;7,96875;3,0;7,38;5,0;4,8;3,7;0,5;4,0;;;;;;-1;2022;False;3
RA-464;2024;Aluno-464;F;15,0;2009,0;2022;2;Pública;EE Maria André Schunck Dona;3L;3,0;4,0;-1,0;True;Moderada (1);6,872009064333334;Ágata;9,168;7,851461988333334;8,76;7,1875;4,333333333333333;7,1175;5,0;3,0;3,5;6,5;4,0;;;;;;-1;2022;False;3
RA-465;2022;Aluno-465;M;11,0;2011,0;2019;3;Pública;;U;2,0;2,0;0,0;False;Adequado;8,012;Ametista;8,0;7,9;7,5;;7,8;8,444;10,0;9,3;6,3;;3,0;139;18;1;True;False;0;2019;False;2
RA-465;2023;Aluno-465;M;12,0;2011,0;2019;4;Pública;;3K;3,0;3,0;0,0;False;Adequado;8,012875;Topázio;7,5;9,4;2,52;7,96875;8,5;8,17;10,0;8,3;8,2;9,0;4,0;;;;;;0;2019;False;2
RA-466;2022;Aluno-466;M;13,0;2009,0;2022;0;Pública;;U;2,0;3,0;-1,0;True;Moderada (1);6,826;Ágata;8,5;9,7;7,5;;3,3;7,556;5,0;0,5;6,0;;3,0;546;85;6;False;False;-1;2022;False;3
RA-466;2023;Aluno-466;M;14,0;2009,0;2022;1;Pública;;2L;2,0;4,0;-2,0;True;Alta (2);6,595533333;Ágata;9,5;7,6;6,89;6,25;4,5;7,056666667;5,0;2,5;6,5;;3,0;;;;;;-2;2022;False;3
RA-466;2024;Aluno-466;M;15,0;2009,0;2022;2;Pública;EE Maria André Schunck Dona;3L;3,0;4,0;-1,0;True;Moderada (1);6,778749122800001;Ágata;8,751;7,223245614;8,76;7,5;4,0;7,665;5,0;3,0;6,5;2,5;4,0;;;;;;-1;2022;False;3
RA-467;2022;Aluno-467;F;13,0;2009,0;2022;0;Pública;;U;2,0;3,0;-1,0;True;Moderada (1);6,38;Ágata;5,8;8,4;5,0;;5,5;7,111;5,0;5,0;6,0;;3,0;664;121;12;False;False;-1;2022;False;3
RA-467;2023;Aluno-467;F;14,0;2009,0;2022;1;Pública;;3K;3,0;4,0;-1,0;True;Moderada (1);6,552916667;Ágata;6,3;9,2;3,14;7,1875;5,2;7,5425;5,0;6,0;6,0;3,7;4,0;;;;;;-1;2022;False;3
RA-467;2024;Aluno-467;F;15,0;2009,0;2022;2;Pública;EE Maria André Schunck Dona;4L;4,0;4,0;0,0;False;Adequado;7,729811842133333;Ametista;7,917;9,140350877333333;5,01;7,34375;6,833333333333333;7,54;10,0;5,5;9,0;6,0;4,0;;;;;;0;2022;False;3
RA-468;2022;Aluno-468;M;13,0;2009,0;2022;0;Pública;;U;2,0;3,0;-1,0;True;Moderada (1);6,313;Ágata;9,5;6,7;7,5;;4,1;6,722;5,0;4,5;3,7;;3,0;682;125;13;False;False;-1;2022;False;2
RA-468;2023;Aluno-468;M;14,0;2009,0;2022;1;Pública;;3K;3,0;4,0;-1,0;True;Moderada (1);5,911108333;Quartzo;8,3;6,0;6,27;7,34375;3,4;6,715;5,0;4,8;3,0;2,3;4,0;;;;;;-1;2022;False;2
RA-469;2022;Aluno-469;F;11,0;2011,0;2022;0;Pública;;U;2,0;2,0;0,0;False;Adequado;7,624;Ametista;9,0;9,6;5,0;;5,7;7,833;10,0;6,2;5,2;;3,0;263;41;2;False;False;0;2022;False;3
RA-469;2023;Aluno-469;F;12,0;2011,0;2022;1;Pública;;2L;2,0;3,0;-1,0;True;Moderada (1);7,482533333;Ametista;7,5;9,3;2,52;7,916666667;7,8;8,843333333;5,0;6,8;8,8;;3,0;;;;;;-1;2022;False;3
RA-469;2024;Aluno-469;F;13,0;2011,0;2022;2;Pública;EE Maria André Schunck Dona;3K;3,0;3,0;0,0;False;Adequado;7,684639869300001;Ametista;9,168;9,498366013;7,51;7,291666667;5,0;6,94;10,0;6,0;4,0;5,0;3,0;;;;;;0;2022;False;3
RA-47;2022;Aluno-47;F;17,0;2005,0;2022;0;Pública;;A;5,0;7,0;-2,0;True;Alta (2);5,677;Quartzo;7,9;6,3;7,5;;2,1;7,042;5,0;2,5;2,2;1,5;3,0;762;49;8;False;False;-2;2022;False;1
RA-470;2022;Aluno-470;F;13,0;2009,0;2019;3;Pública;;U;2,0;3,0;-1,0;True;Moderada (1);7,378;Ametista;8,0;9,7;7,5;;6,3;7,5;5,0;5,3;7,3;;3,0;369;53;3;False;False;-1;2019;True;3
RA-470;2023;Aluno-470;F;14,0;2009,0;2019;4;Pública;;3K;3,0;4,0;-1,0;True;Moderada (1);6,993766667;Ágata;8,8;9,2;5,0;7,5;4,9;7,71;5,0;6,0;4,3;4,5;4,0;;;;;;-1;2019;True;3
RA-470;2024;Aluno-470;F;15,0;2009,0;2019;5;Pública;EE Maria André Schunck Dona;4L;4,0;4,0;0,0;False;Adequado;6,981130848;Ágata;9,585;8,011695906666667;7,51;7,03125;3,333333333333333;6,4975;10,0;3,5;4,0;2,5;4,0;;;;;;0;2021;True;3
RA-471;2022;Aluno-471;F;13,0;2009,0;2020;2;Pública;;U;2,0;3,0;-1,0;True;Moderada (1);6,535;Ágata;3,5;8,5;5,0;;6,3;8,056;5,0;5,7;6,8;;3,0;639;112;9;False;False;-1;2020;True;3
RA-471;2023;Aluno-471;F;13,0;2009,0;2020;3;Pública;;3L;3,0;3,0;0,0;False;Adequado;6,855541667;Ágata;0,0;9,0;6,27;7,96875;5,0;8,125;10,0;6,3;4,0;4,8;4,0;;;;;;0;2020;True;3
RA-471;2024;Aluno-471;F;14,0;2009,0;2020;4;Pública;EE Maria André Schunck Dona;4M;4,0;4,0;0,0;False;Adequado;6,635847117766667;Ágata;0,0;7,027568922333333;7,51;7,708333333;5,5;8,0425;10,0;4,0;5,5;7,0;4,0;;;;;;0;2021;True;3
RA-472;2022;Aluno-472;F;12,0;2010,0;2022;0;Pública;;U;2,0;3,0;-1,0;True;Moderada (1);5,93;Quartzo;9,0;7,0;7,5;;2,0;7,056;5,0;1,8;2,2;;3,0;735;133;14;False;False;-1;2022;False;3
RA-472;2023;Aluno-472;F;13,0;2010,0;2022;1;Pública;;2L;2,0;3,0;-1,0;True;Moderada (1);6,6858;Ágata;5,1;7,1;7,52;7,708333333;5,5;8,223333333;5,0;3,7;7,2;;3,0;;;;;;-1;2022;False;3
RA-472;2024;Aluno-472;F;14,0;2010,0;2022;2;Pública;EM Cecilia Cristina de Oliveira Rodrigues;2U;2,0;3,0;-1,0;True;Moderada (1);6,6397610766;Ágata;7,502;7,48447205;7,51;6,25;6,25;6,333333333;5,0;4,0;8,5;;3,0;;;;;;-1;2022;False;3
RA-473;2022;Aluno-473;M;12,0;2010,0;2019;3;Pública;;U;2,0;3,0;-1,0;True;Moderada (1);5,915;Quartzo;8,0;6,1;7,5;;4,3;5,889;5,0;4,5;4,0;;3,0;737;134;15;False;False;-1;2019;False;1
RA-474;2022;Aluno-474;M;13,0;2009,0;2019;3;Pública;;U;2,0;3,0;-1,0;True;Moderada (1);6,446;Ágata;9,5;9,1;7,5;;3,0;6,0;5,0;1,3;4,7;;3,0;650;115;10;False;False;-1;2019;True;3
RA-474;2023;Aluno-474;M;14,0;2009,0;2019;4;Pública;;3K;3,0;4,0;-1,0;True;Moderada (1);5,283583333;Quartzo;0,0;7,8;5,0;7,1875;3,3;6,7575;5,0;4,8;3,8;1,2;4,0;;;;;;-1;2019;True;3
RA-474;2024;Aluno-474;M;15,0;2009,0;2019;5;Pública;EE Maria André Schunck Dona;3L;3,0;4,0;-1,0;True;Moderada (1);6,024753703733333;Ágata;9,168;5,818518518666667;7,51;7,1875;3,0;6,8725;5,0;4,0;3,0;2,0;4,0;;;;;;-1;2021;True;3
RA-475;2022;Aluno-475;F;12,0;2010,0;2022;0;Pública;;U;2,0;3,0;-1,0;True;Moderada (1);7,199;Ametista;8,5;9,2;7,5;;5,8;7,667;5,0;3,3;8,3;;3,0;430;63;4;False;False;-1;2022;False;1
RA-476;2022;Aluno-476;F;12,0;2010,0;2019;3;Pública;;U;2,0;3,0;-1,0;True;Moderada (1);6,931;Ágata;9,0;9,3;4,4;;5,5;7,556;5,0;5,0;6,0;;3,0;513;78;5;False;False;-1;2019;True;3
RA-476;2023;Aluno-476;F;13,0;2010,0;2019;4;Pública;;3K;3,0;3,0;0,0;False;Adequado;6,492408333;Ágata;7,9;7,0;2,52;7,34375;4,1;7,505;10,0;5,0;4,5;2,7;4,0;;;;;;0;2019;True;3
RA-476;2024;Aluno-476;F;14,0;2010,0;2019;5;Pública;EE Maria André Schunck Dona;3L;3,0;3,0;0,0;False;Adequado;6,7359982456;Ágata;7,917;6,5964912280000005;7,51;6,25;4,5;6,745;10,0;7,0;4,0;2,5;4,0;;;;;;0;2021;True;3
RA-477;2022;Aluno-477;M;13,0;2009,0;2022;0;Pública;;U;2,0;3,0;-1,0;True;Moderada (1);3,633;Quartzo;0,0;5,0;5,6;;0,7;4,5;5,0;0,3;1,0;;3,0;860;155;16;False;False;-1;2022;False;1
RA-478;2022;Aluno-478;F;12,0;2010,0;2019;3;Pública;;U;2,0;3,0;-1,0;True;Moderada (1);6,709;Ágata;8,5;9,1;5,6;;4,9;7,056;5,0;3,8;6,0;;3,0;588;96;8;False;False;-1;2019;False;2
RA-478;2023;Aluno-478;F;12,0;2010,0;2019;4;Pública;;3K;3,0;3,0;0,0;False;Adequado;6,443616667;Ágata;6,7;7,3;2,52;7,1875;4,4;7,2975;10,0;4,3;4,7;4,3;4,0;;;;;;0;2019;False;2
RA-479;2022;Aluno-479;M;10,0;2012,0;2020;2;Privada - Parceira;;A;1,0;2,0;-1,0;True;Moderada (1);8,465;Topázio;8,0;9,2;7,5;;9,8;9,5;5,0;10,0;9,7;;3,0;40;5;1;True;False;-1;2020;True;3
RA-479;2023;Aluno-479;M;11,0;2012,0;2020;3;Privada - Apadrinhamento;;2A;2,0;2,0;0,0;False;Adequado;8,988866667;Topázio;9,0;10,0;2,52;9,791666667;9,7;9,6375;10,0;9,3;10,0;;3,0;;;;;;0;2020;True;3
RA-479;2024;Aluno-479;M;12,0;2012,0;2020;4;Privada - Apadrinhamento;Colégio Arco Íris Evolução;3C;3,0;2,0;1,0;False;Adiantado;8,901966666666668;Topázio;9,168;9,866666666666667;2,51;9,375;9,666666666666666;9,45;10,0;10,0;9,0;10,0;3,0;;;;;;1;2021;True;3
RA-48;2022;Aluno-48;F;15,0;2007,0;2017;5;Privada - Parceira;;A;5,0;5,0;0,0;False;Adequado;8,006;Ametista;6,7;8,4;7,5;;8,1;8,5;10,0;6,7;8,0;9,5;3,0;140;10;1;True;False;0;2017;True;3
RA-48;2023;Aluno-48;F;16,0;2007,0;2017;6;Privada - Apadrinhamento;;6A;6,0;6,0;0,0;False;Adequado;7,797058333;Ametista;6,7;8,4;6,26;7,65625;7,7;7,6275;10,0;8,3;5,7;9,0;4,0;;;;;;0;2017;True;3
RA-48;2024;Aluno-48;F;17,0;2007,0;2017;7;Privada - Apadrinhamento;Colégio Arco Íris Evolução;7A;7,0;7,0;0,0;False;Adequado;8,402390371800001;Topázio;7,917;8,339076859;9,375;8,59375;7,5;8,23;10,0;6,5;6,0;10,0;3,0;;;;;;0;2021;True;3
RA-480;2022;Aluno-480;F;10,0;2012,0;2021;1;Pública;;A;1,0;2,0;-1,0;True;Moderada (1);7,502;Ametista;9,0;8,8;7,5;;6,3;8,444;5,0;6,8;5,7;;3,0;309;81;6;True;True;-1;2021;False;3
RA-480;2023;Aluno-480;F;11,0;2012,0;2021;2;Pública;;1B;1,0;2,0;-1,0;True;Moderada (1);8,226408333;Topázio;10,0;9,7;7,52;7,96875;7,9;8,336666667;5,0;7,2;8,5;;3,0;;;;;;-1;2021;False;3
RA-480;2024;Aluno-480;F;12,0;2012,0;2021;3;Pública;EE Alexandre Rodrigues Nogueira;2C;2,0;2,0;0,0;False;Adequado;7,260202380900001;Ametista;6,25;8,0714285715;7,51;7,8125;5,0;7,443333333;10,0;2,5;7,5;;3,0;;;;;;0;2021;False;3
RA-481;2022;Aluno-481;M;9,0;2013,0;2021;1;Pública;;A;1,0;1,0;0,0;False;Adequado;7,21;Ametista;9,0;8,0;7,5;;5,2;6,889;10,0;5,7;4,7;;3,0;424;109;9;False;False;0;2021;False;1
RA-482;2022;Aluno-482;M;11,0;2011,0;2021;1;Pública;;A;1,0;2,0;-1,0;True;Moderada (1);6,866;Ágata;10,0;7,9;7,5;;5,5;6,833;5,0;4,3;6,7;;3,0;532;134;10;False;False;-1;2021;False;1
RA-483;2022;Aluno-483;F;11,0;2011,0;2019;3;Pública;;A;1,0;2,0;-1,0;True;Moderada (1);5,263;Quartzo;9,0;4,8;5,0;;2,4;6,833;5,0;2,0;2,8;;3,0;805;185;13;False;False;-1;2019;True;3
RA-483;2023;Aluno-483;F;12,0;2011,0;2019;4;Pública;;1H;1,0;3,0;-2,0;True;Alta (2);6,3972;Ágata;9,0;6,0;2,52;7,916666667;5,6;8,166666667;5,0;5,0;6,2;;3,0;;;;;;-2;2019;True;3
RA-483;2024;Aluno-483;F;13,0;2011,0;2019;5;Pública;EE Mario Francisco de Amorim;2B;2,0;3,0;-1,0;True;Moderada (1);6,578604762;Ágata;8,502;5,6428571430000005;6,26;8,125;5,25;8,056666667;5,0;2,0;8,5;;3,0;;;;;;-1;2021;True;3
RA-484;2022;Aluno-484;M;11,0;2011,0;2022;0;Pública;;A;1,0;2,0;-1,0;True;Moderada (1);6,71;Ágata;9,5;8,7;5,0;;6,5;6,389;5,0;8,0;5,0;;3,0;587;144;11;False;False;-1;2022;False;3
RA-484;2023;Aluno-484;M;12,0;2011,0;2022;1;Pública;;2B;2,0;3,0;-1,0;True;Moderada (1);5,515466667;Quartzo;6,4;7,5;2,52;5,416666667;3,6;6,8;5,0;3,2;4,0;;3,0;;;;;;-1;2022;False;3
RA-484;2024;Aluno-484;M;13,0;2011,0;2022;2;Pública;EE Leonice de Aquino Oliveira;3A;3,0;3,0;0,0;False;Adequado;3,8354776573333336;Quartzo;8,334;3,9141382866666663;2,51;3,4375;0,0;3,1225;10,0;0,0;0,0;0,0;4,0;;;;;;0;2022;False;3
RA-485;2022;Aluno-485;M;10,0;2012,0;2020;2;Pública;;A;1,0;2,0;-1,0;True;Moderada (1);4,742;Quartzo;9,5;4,0;7,5;;1,2;5,444;5,0;1,0;1,3;;3,0;837;191;14;False;False;-1;2020;False;1
RA-486;2022;Aluno-486;F;10,0;2012,0;2020;2;Pública;;A;1,0;2,0;-1,0;True;Moderada (1);7,621;Ametista;10,0;9,9;7,5;;7,3;7,222;5,0;6,7;7,8;;3,0;264;68;4;False;False;-1;2020;False;2
RA-486;2023;Aluno-486;F;11,0;2012,0;2020;3;Privada;;2A;2,0;2,0;0,0;False;Adequado;7,1043;Ametista;8,4;6,4;2,52;7,5;6,2;8,7525;10,0;3,3;9,0;;3,0;;;;;;0;2020;False;2
RA-487;2022;Aluno-487;F;10,0;2012,0;2019;3;Privada - Parceira;;A;1,0;2,0;-1,0;True;Moderada (1);8,417;Topázio;7,5;9,7;7,5;;9,6;9,333;5,0;9,7;9,5;;3,0;45;6;2;True;False;-1;2019;True;3
RA-487;2023;Aluno-487;F;11,0;2012,0;2019;4;Privada - Apadrinhamento;;2A;2,0;2,0;0,0;False;Adequado;8,988866667;Topázio;8,5;9,9;5,0;9,166666667;9,5;9,26;10,0;9,2;9,7;;3,0;;;;;;0;2019;True;3
RA-487;2024;Aluno-487;F;12,0;2012,0;2019;5;Privada - Apadrinhamento;Colégio Arco Íris Evolução;3A;3,0;3,0;0,0;False;Adequado;9,4171373016;Topázio;9,168;9,441269841333334;9,38;9,0625;9,666666666666666;9,1725;10,0;10,0;9,0;10,0;4,0;;;;;;0;2021;True;3
RA-488;2022;Aluno-488;F;10,0;2012,0;2022;0;Pública;;A;1,0;2,0;-1,0;True;Moderada (1);7,413;Ametista;8,5;8,8;7,5;;7,3;7,722;5,0;6,0;8,5;;3,0;351;92;8;False;False;-1;2022;False;1
RA-489;2022;Aluno-489;F;9,0;2013,0;2022;0;Pública;;A;1,0;1,0;0,0;False;Adequado;5,853;Quartzo;9,0;7,2;7,5;;0,0;6,5;10,0;0,0;0,0;;3,0;743;176;12;False;False;0;2022;False;1
RA-49;2022;Aluno-49;F;17,0;2005,0;2022;0;Pública;;A;5,0;7,0;-2,0;True;Alta (2);6,304;Ágata;7,5;7,4;7,5;;3,9;7,042;5,0;1,5;4,2;6,2;3,0;687;42;6;False;False;-2;2022;False;3
RA-49;2023;Aluno-49;F;18,0;2005,0;2022;1;Privada - Bolsa 100%;;8E;8,0;8,0;0,0;False;Adequado;;;;;;;;;10,0;;;;;;;;;;0;2022;False;3
RA-49;2024;Aluno-49;F;19,0;2005,0;2022;2;Privada - Empresa parceira;Faculdade FIAP;8E;8,0;8,0;0,0;False;Adequado;;;;0,0;;;;;10,0;;;;0,0;;;;;;0;2022;False;3
RA-490;2022;Aluno-490;F;10,0;2012,0;2022;0;Pública;;A;1,0;2,0;-1,0;True;Moderada (1);7,576;Ametista;7,9;8,2;7,5;;7,7;8,722;5,0;6,0;9,3;;3,0;283;77;5;True;False;-1;2022;False;3
RA-490;2023;Aluno-490;F;11,0;2012,0;2022;1;Privada;;2A;2,0;2,0;0,0;False;Adequado;7,429466667;Ametista;7,9;7,9;2,52;8,541666667;5,8;9,0075;10,0;2,8;8,7;;3,0;;;;;;0;2022;False;3
RA-490;2024;Aluno-490;F;12,0;2012,0;2022;2;Privada;Rede Decisão - Unidade União;3A;3,0;2,0;1,0;False;Adiantado;7,368084290266667;Ametista;9,168;5,5110047846666665;8,755;7,8125;6,166666666666667;7,295;10,0;5,5;6,0;7,0;4,0;;;;;;1;2022;False;3
RA-491;2022;Aluno-491;M;11,0;2011,0;2022;0;Pública;;A;1,0;2,0;-1,0;True;Moderada (1);7,461;Ametista;7,5;9,7;7,5;;7,0;7,722;5,0;6,0;8,0;;3,0;329;86;7;False;False;-1;2022;False;3
RA-491;2023;Aluno-491;M;11,0;2011,0;2022;1;Pública;;2A;2,0;2,0;0,0;False;Adequado;7,560533333;Ametista;9,5;9,6;2,52;7,708333333;5,0;8,3375;10,0;3,3;6,7;;3,0;;;;;;0;2022;False;3
RA-491;2024;Aluno-491;M;12,0;2011,0;2022;2;Pública;EE Mario Francisco de Amorim;2B;2,0;3,0;-1,0;True;Moderada (1);6,995247619100001;Ágata;7,502;9,011904762;7,51;7,083333333;5,25;7,166666667;5,0;1,5;9,0;;3,0;;;;;;-1;2022;False;3
RA-492;2022;Aluno-492;F;11,0;2011,0;2022;0;Pública;;A;1,0;2,0;-1,0;True;Moderada (1);7,678;Ametista;10,0;8,8;7,5;;7,1;8,278;5,0;8,2;6,0;;3,0;242;63;3;False;False;-1;2022;False;1
RA-493;2022;Aluno-493;F;9,0;2013,0;2020;2;Pública;;B;1,0;1,0;0,0;False;Adequado;8,306;Topázio;10,0;9,4;7,5;;7,2;8,278;10,0;7,3;7,0;;3,0;61;12;1;False;False;0;2020;True;3
RA-493;2023;Aluno-493;F;10,0;2013,0;2020;3;Pública;;2A;2,0;2,0;0,0;False;Adequado;7,934366667;Ametista;9,5;9,6;2,52;8,541666667;6,0;8,84;10,0;4,7;7,2;;3,0;;;;;;0;2020;True;3
RA-493;2024;Aluno-493;F;11,0;2013,0;2020;4;Pública;EE Mario Francisco de Amorim;3B;3,0;2,0;1,0;False;Adiantado;7,464325;Ametista;10,002;8,933333333333334;10,0;7,03125;3,1666666666666665;6,705;10,0;3,0;4,0;2,5;4,0;;;;;;1;2021;True;3
RA-494;2022;Aluno-494;F;11,0;2011,0;2022;0;Pública;;B;1,0;2,0;-1,0;True;Moderada (1);6,407;Ágata;6,4;8,3;5,0;;5,8;6,944;5,0;6,3;5,2;;3,0;661;159;13;False;False;-1;2022;False;3
RA-494;2023;Aluno-494;F;12,0;2011,0;2022;1;Privada;;2A;2,0;3,0;-1,0;True;Moderada (1);7,116633333;Ametista;6,9;9,0;2,52;7,708333333;6,8;8,71;5,0;6,3;7,3;;3,0;;;;;;-1;2022;False;3
RA-494;2024;Aluno-494;F;13,0;2011,0;2022;2;Privada;Rede Decisão - Unidade União;3A;3,0;3,0;0,0;False;Adequado;7,922281328333334;Ametista;7,5;7,329323308333333;8,755;7,8125;6,333333333333333;8,915;10,0;6,0;5,5;7,5;4,0;;;;;;0;2022;False;3
RA-495;2022;Aluno-495;M;11,0;2011,0;2022;0;Pública;;B;1,0;2,0;-1,0;True;Moderada (1);7,857;Ametista;9,0;8,9;7,5;;8,4;8,056;5,0;8,0;8,8;;3,0;184;42;6;False;False;-1;2022;False;2
RA-495;2023;Aluno-495;M;12,0;2011,0;2022;1;Privada;;2B;2,0;3,0;-1,0;True;Moderada (1);7,417366667;Ametista;9,0;8,4;2,52;8,541666667;7,4;8,755;5,0;6,0;8,8;;3,0;;;;;;-1;2022;False;2
RA-496;2022;Aluno-496;M;11,0;2011,0;2018;4;Pública;;B;1,0;2,0;-1,0;True;Moderada (1);6,683;Ágata;8,5;6,8;7,5;;5,7;7,556;5,0;5,8;5,5;;3,0;595;145;12;False;False;-1;2018;True;3
RA-496;2023;Aluno-496;M;12,0;2011,0;2018;5;Privada;;2A;2,0;3,0;-1,0;True;Moderada (1);6,603666667;Ágata;0,0;7,1;5,0;7,916666667;8,3;8,71;5,0;7,5;9,0;;3,0;;;;;;-1;2018;True;3
RA-496;2024;Aluno-496;M;13,0;2011,0;2018;6;Privada;Recanto Betânia Centro Educacional;3A;3,0;3,0;0,0;False;Adequado;6,726607507733334;Ágata;10,002;5,315995871999999;6,255;6,71875;5,666666666666667;6,1625;10,0;5,0;4,5;7,5;4,0;;;;;;0;2021;True;3
RA-497;2022;Aluno-497;F;13,0;2009,0;2016;6;Privada - Parceira;;B;1,0;3,0;-2,0;True;Alta (2);6,323;Ágata;6,9;9,2;5,0;;5,1;5,833;5,0;4,2;6,0;;3,0;678;163;14;False;False;-2;2016;True;3
RA-497;2023;Aluno-497;F;14,0;2009,0;2016;7;Privada - Apadrinhamento;;2A;2,0;4,0;-2,0;True;Alta (2);5,7191;Quartzo;5,3;8,7;2,52;6,25;3,5;6,885;5,0;1,7;5,3;;3,0;;;;;;-2;2016;True;3
RA-497;2024;Aluno-497;F;15,0;2009,0;2016;8;Privada - Apadrinhamento;EE Mario Francisco de Amorim;2B;2,0;3,0;-1,0;True;Moderada (1);4,4960809524;Quartzo;7,502;6,095238095;5,63;5,625;1,0;3,506666667;5,0;0,0;2,0;;3,0;;;;;;-1;2021;True;3
RA-498;2022;Aluno-498;F;11,0;2011,0;2018;4;Pública;;B;1,0;2,0;-1,0;True;Moderada (1);7,7;Ametista;8,5;8,8;7,5;;8,8;7,556;5,0;8,0;9,5;;3,0;234;61;9;False;False;-1;2018;False;1
RA-499;2022;Aluno-499;M;10,0;2012,0;2020;2;Pública;;B;1,0;2,0;-1,0;True;Moderada (1);7,826;Ametista;8,5;10,0;7,5;;8,2;7,444;5,0;8,2;8,2;;3,0;196;46;7;False;False;-1;2020;True;3
RA-499;2023;Aluno-499;M;11,0;2012,0;2020;3;Pública;;2C;2,0;2,0;0,0;False;Adequado;7,8883;Ametista;7,9;10,0;2,52;8,75;6,6;8,2975;10,0;5,3;7,8;;3,0;;;;;;0;2020;True;3
RA-499;2024;Aluno-499;M;12,0;2012,0;2020;4;Pública;EE Leonice de Aquino Oliveira;2C;2,0;2,0;0,0;False;Adequado;7,5794738095;Ametista;8,502;9,0476190475;7,51;7,1875;4,75;7,5;10,0;2,0;7,5;;3,0;;;;;;0;2021;True;3
RA-5;2022;Aluno-5;F;17,0;2005,0;2016;6;Privada - Parceira;;A;7,0;7,0;0,0;False;Adequado;7,427;Ametista;7,9;8,6;5,6;;5,2;7,389;10,0;7,0;2,9;5,7;4,0;344;6;2;False;False;0;2016;False;2
RA-5;2023;Aluno-5;F;18,0;2005,0;2016;7;Privada - Bolsa 100%;;8E;8,0;8,0;0,0;False;Adequado;;;;;;;;;10,0;;;;;;;;;;0;2016;False;2
RA-50;2022;Aluno-50;F;18,0;2004,0;2022;0;Pública;;A;5,0;8,0;-3,0;True;Severa (3+);7,138;Ametista;7,5;8,4;7,5;;7,8;7,542;2,5;6,5;7,3;9,7;3,0;445;28;4;False;False;-3;2022;False;1
RA-500;2022;Aluno-500;F;10,0;2012,0;2020;2;Pública;;B;1,0;2,0;-1,0;True;Moderada (1);8,232;Topázio;9,0;10,0;7,5;;9,5;7,889;5,0;9,5;9,5;;3,0;75;16;3;False;True;-1;2020;True;3
RA-500;2023;Aluno-500;F;11,0;2012,0;2020;3;Pública;;2C;2,0;2,0;0,0;False;Adequado;8,427533333;Topázio;9,5;10,0;2,52;8,958333333;7,9;8,7975;10,0;8,5;7,2;;3,0;;;;;;0;2020;True;3
RA-500;2024;Aluno-500;F;12,0;2012,0;2020;4;Privada - Apadrinhamento;Colégio Arco Íris Evolução;3D;3,0;3,0;0,0;False;Adequado;8,077708333333334;Topázio;9,585;10,0;2,51;8,59375;6,666666666666667;8,3775;10,0;6,0;6,0;8,0;4,0;;;;;;0;2021;True;3
RA-501;2022;Aluno-501;M;9,0;2013,0;2021;1;Pública;;B;1,0;1,0;0,0;False;Adequado;7,794;Ametista;8,5;8,8;7,5;;6,8;7,333;10,0;8,0;5,7;;3,0;201;48;8;False;False;0;2021;False;3
RA-501;2023;Aluno-501;M;10,0;2013,0;2021;2;Pública;;1C;1,0;2,0;-1,0;True;Moderada (1);8,1357;Topázio;7,0;8,4;7,52;8,541666667;8,9;9,396666667;5,0;9,2;8,5;;3,0;;;;;;-1;2021;False;3
RA-501;2024;Aluno-501;M;11,0;2013,0;2021;3;Privada;João Friaza Colégio;2D;2,0;2,0;0,0;False;Adequado;8,2779474937;Topázio;7,002;7,9949874685;7,51;8,4375;8,75;8,17;10,0;8,5;9,0;;3,0;;;;;;0;2021;False;3
RA-502;2022;Aluno-502;F;8,0;2014,0;2021;1;Privada - Parceira;;B;1,0;0,0;1,0;False;Adiantado;8,287;Topázio;9,5;9,7;7,5;;7,4;7,778;10,0;6,7;8,2;;3,0;62;13;2;False;False;1;2021;False;3
RA-502;2023;Aluno-502;F;9,0;2014,0;2021;2;Privada - Apadrinhamento;;1B;1,0;1,0;0,0;False;Adequado;8,749075;Topázio;8,5;9,8;7,52;7,96875;8,0;8,95;10,0;6,7;9,3;;3,0;;;;;;0;2021;False;3
RA-502;2024;Aluno-502;F;10,0;2014,0;2021;3;Privada - Apadrinhamento;Colégio Arco Íris Evolução;2D;2,0;2,0;0,0;False;Adequado;8,5023309524;Topázio;9,002;9,761904762;3,755;9,0625;8,0;8,84;10,0;6,0;10,0;;3,0;;;;;;0;2021;False;3
RA-503;2022;Aluno-503;M;10,0;2012,0;2020;2;Pública;;B;1,0;2,0;-1,0;True;Moderada (1);7,95;Ametista;8,5;10,0;7,5;;8,8;7,5;5,0;8,7;9,0;;3,0;155;38;5;False;False;-1;2020;True;3
RA-503;2023;Aluno-503;M;11,0;2012,0;2020;3;Pública;;2C;2,0;2,0;0,0;False;Adequado;8,4682;Topázio;9,5;10,0;2,52;8,75;8,7;8,255;10,0;8,7;8,7;;3,0;;;;;;0;2020;True;3
RA-503;2024;Aluno-503;M;12,0;2012,0;2020;4;Pública;EE Leonice de Aquino Oliveira;3D;3,0;2,0;1,0;False;Adiantado;8,547495614066667;Topázio;9,585;9,824561403666666;7,51;7,8125;7,666666666666667;7,7925;10,0;6,0;8,0;9,0;4,0;;;;;;1;2021;True;3
RA-504;2022;Aluno-504;F;9,0;2013,0;2021;1;Pública;;B;1,0;1,0;0,0;False;Adequado;8,072;Topázio;8,5;8,9;7,5;;8,0;7,556;10,0;7,8;8,2;;3,0;124;29;4;False;False;0;2021;False;2
RA-504;2023;Aluno-504;F;9,0;2013,0;2021;2;Pública;;1B;1,0;1,0;0,0;False;Adequado;8,299533333;Topázio;8,0;8,3;7,52;7,5;7,9;8,836666667;10,0;6,5;9,2;;3,0;;;;;;0;2021;False;2
RA-505;2022;Aluno-505;F;11,0;2011,0;2019;3;Pública;;B;1,0;2,0;-1,0;True;Moderada (1);7,591;Ametista;9,5;8,0;7,5;;8,4;7,556;5,0;8,2;8,7;;3,0;276;73;10;False;False;-1;2019;False;1
RA-506;2022;Aluno-506;M;12,0;2010,0;2020;2;Pública;;B;1,0;3,0;-2,0;True;Alta (2);7,132;Ametista;9,5;7,3;7,5;;7,2;7,278;5,0;8,3;6,0;;3,0;446;113;11;False;False;-2;2020;False;2
RA-506;2023;Aluno-506;M;13,0;2010,0;2020;3;Pública;;2D;2,0;3,0;-1,0;True;Moderada (1);7,750033333;Ametista;9,5;8,1;5,0;8,958333333;8,5;7,92;5,0;7,3;9,7;;3,0;;;;;;-1;2020;False;2
RA-507;2022;Aluno-507;F;11,0;2011,0;2021;1;Pública;;C;1,0;2,0;-1,0;True;Moderada (1);7,653;Ametista;8,5;10,0;7,5;;7,4;7,222;5,0;7,3;7,5;;3,0;254;66;4;False;False;-1;2021;False;1
RA-508;2022;Aluno-508;M;10,0;2012,0;2022;0;Pública;;C;1,0;2,0;-1,0;True;Moderada (1);6,575;Ágata;8,0;7,4;7,5;;4,5;7,556;5,0;0,0;9,0;;3,0;636;155;10;False;False;-1;2022;False;3
RA-508;2023;Aluno-508;M;10,0;2012,0;2022;1;Pública;;2B;2,0;2,0;0,0;False;Adequado;7,671633333;Ametista;6,4;8,6;2,52;8,333333333;7,5;8,6725;10,0;6,2;8,7;;3,0;;;;;;0;2022;False;3
RA-508;2024;Aluno-508;M;12,0;2012,0;2022;2;Pública;EE Alexandre Rodrigues Nogueira;3D;3,0;2,0;1,0;False;Adiantado;6,771708625733333;Ágata;7,083;5,567251461999999;7,51;7,65625;4,666666666666667;7,5;10,0;0,0;7,0;7,0;4,0;;;;;;1;2022;False;3
RA-509;2022;Aluno-509;F;12,0;2010,0;2018;4;Pública;;C;1,0;3,0;-2,0;True;Alta (2);7,808;Ametista;9,0;8,2;7,5;;9,2;7,833;5,0;9,3;9,0;;3,0;199;47;3;False;True;-2;2018;True;3
RA-509;2023;Aluno-509;F;12,0;2010,0;2018;5;Pública;;2C;2,0;3,0;-1,0;True;Moderada (1);7,606033333;Ametista;8,5;8,1;2,52;8,958333333;8,6;8,84;5,0;8,2;9,0;;3,0;;;;;;-1;2018;True;3
RA-509;2024;Aluno-509;F;13,0;2010,0;2018;6;Pública;EE Leonice de Aquino Oliveira;3D;3,0;3,0;0,0;False;Adequado;6,918152272733334;Ágata;9,168;6,363636363666667;2,51;8,28125;6,0;7,2475;10,0;6,0;4,5;7,5;4,0;;;;;;0;2021;True;3
RA-51;2022;Aluno-51;F;17,0;2005,0;2022;0;Pública;;B;5,0;7,0;-2,0;True;Alta (2);6,488;Ágata;8,8;7,6;7,5;;5,0;6,5;5,0;4,5;4,5;6,0;3,0;645;39;13;False;False;-2;2022;False;1
RA-510;2022;Aluno-510;M;12,0;2010,0;2022;0;Pública;;C;1,0;3,0;-2,0;True;Alta (2);7,336;Ametista;8,0;9,3;7,5;;7,1;7,056;5,0;5,8;8,3;;3,0;379;98;6;False;False;-2;2022;False;1
RA-511;2022;Aluno-511;F;10,0;2012,0;2022;0;Pública;;C;1,0;2,0;-1,0;True;Moderada (1);7,094;Ametista;8,0;10,0;7,5;;5,3;7,056;5,0;2,0;8,5;;3,0;458;117;7;False;False;-1;2022;False;1
RA-512;2022;Aluno-512;F;10,0;2012,0;2022;0;Pública;;C;1,0;2,0;-1,0;True;Moderada (1);7,365;Ametista;9,0;9,3;7,5;;6,2;7,722;5,0;5,3;7,0;;3,0;374;97;5;False;False;-1;2022;False;1
RA-513;2022;Aluno-513;M;9,0;2013,0;2021;1;Pública;;C;1,0;1,0;0,0;False;Adequado;8,229;Topázio;9,0;9,6;5,6;;8,3;7,778;10,0;8,2;8,5;;3,0;77;17;2;False;False;0;2021;False;3
RA-513;2023;Aluno-513;M;10,0;2013,0;2021;2;Privada;;2A;2,0;2,0;0,0;False;Adequado;8,297866667;Topázio;9,5;9,7;2,52;8,541666667;7,5;9,0075;10,0;7,2;7,8;;3,0;;;;;;0;2021;False;3
RA-513;2024;Aluno-513;M;11,0;2013,0;2021;3;Privada;Escola João Paulo II;3B;3,0;2,0;1,0;False;Adiantado;8,728632539666668;Topázio;10,002;8,831746031666666;8,135;9,0625;7,666666666666667;8,545;10,0;9,0;5,5;8,5;4,0;;;;;;1;2021;False;3
RA-514;2022;Aluno-514;F;9,0;2013,0;2022;0;Pública;;C;1,0;1,0;0,0;False;Adequado;7,039;Ametista;8,0;9,7;7,5;;4,8;5,889;10,0;2,0;7,5;;3,0;476;123;8;False;False;0;2022;False;3
RA-514;2023;Aluno-514;F;10,0;2013,0;2022;1;Pública;;1A;1,0;2,0;-1,0;True;Moderada (1);5,823133333;Quartzo;7,9;7,5;2,52;5,0;5,5;5,896666667;5,0;4,2;6,8;;3,0;;;;;;-1;2022;False;3
RA-514;2024;Aluno-514;F;11,0;2013,0;2022;2;Pública;EE Paschoal Carlos Magno;2C;2,0;2,0;0,0;False;Adequado;6,219580952400001;Ágata;9,002;7,595238095;4,385;5,625;3,0;5,996666667;10,0;3,0;3,0;;3,0;;;;;;0;2022;False;3
RA-515;2022;Aluno-515;M;12,0;2010,0;2022;0;Pública;;C;1,0;3,0;-2,0;True;Alta (2);6,582;Ágata;8,0;6,3;7,5;;5,8;7,556;5,0;8,5;3,2;;3,0;631;154;9;False;False;-2;2022;False;1
RA-516;2022;Aluno-516;M;9,0;2013,0;2019;3;Privada - Parceira;;C;1,0;1,0;0,0;False;Adequado;8,903;Topázio;10,0;9,7;7,5;;9,9;8,056;10,0;10,0;9,8;;3,0;8;2;1;False;False;0;2019;True;3
RA-516;2023;Aluno-516;M;10,0;2013,0;2019;4;Privada - Apadrinhamento;;2B;2,0;2,0;0,0;False;Adequado;8,6807;Topázio;10,0;9,8;2,52;8,75;9,3;8,7175;10,0;9,0;9,5;;3,0;;;;;;0;2019;True;3
RA-516;2024;Aluno-516;M;11,0;2013,0;2019;5;Privada - Apadrinhamento;Colégio Arco Íris Evolução;3C;3,0;2,0;1,0;False;Adiantado;8,384033333366668;Topázio;10,002;10,0;2,51;8,541666667;8,833333333333334;7,56;10,0;8,0;8,5;10,0;3,0;;;;;;1;2021;True;3
RA-517;2022;Aluno-517;F;12,0;2010,0;2017;5;Pública;;D;1,0;3,0;-2,0;True;Alta (2);7,604;Ametista;6,9;9,5;7,5;;7,7;7,833;5,0;7,8;7,5;;3,0;271;70;8;False;False;-2;2017;True;3
RA-517;2023;Aluno-517;F;13,0;2010,0;2017;6;Pública;;2D;2,0;3,0;-1,0;True;Moderada (1);6,3104;Ágata;4,1;9,0;2,52;6,875;6,6;6,7125;5,0;4,5;8,7;;3,0;;;;;;-1;2017;True;3
RA-517;2024;Aluno-517;F;14,0;2010,0;2017;7;Pública;EE Paschoal Carlos Magno;3C;3,0;3,0;0,0;False;Adequado;5,880466583166668;Quartzo;7,5;5,266499582333334;2,51;6,041666667;5,0;6,11;10,0;4,5;4,0;6,5;3,0;;;;;;0;2021;True;3
RA-518;2022;Aluno-518;M;10,0;2012,0;2022;0;Pública;;D;1,0;2,0;-1,0;True;Moderada (1);7,661;Ametista;9,0;9,4;7,5;;7,5;7,5;5,0;6,0;9,0;;3,0;251;65;7;False;False;-1;2022;False;3
RA-518;2023;Aluno-518;M;11,0;2012,0;2022;1;Pública;;2D;2,0;2,0;0,0;False;Adequado;7,5762;Ametista;8,5;8,5;5,0;8,125;6,7;6,9175;10,0;5,5;7,8;;3,0;;;;;;0;2022;False;3
RA-518;2024;Aluno-518;M;12,0;2012,0;2022;2;Pública;EE Paschoal Carlos Magno;3C;3,0;3,0;0,0;False;Adequado;6,3467483709;Ágata;8,334;6,830075188;2,51;7,083333333;4,0;6,94;10,0;7,5;3,5;1,0;3,0;;;;;;0;2022;False;3
RA-519;2022;Aluno-519;M;9,0;2013,0;2022;0;Pública;;D;1,0;1,0;0,0;False;Adequado;8,0;Ametista;7,4;9,6;7,5;;7,5;7,333;10,0;7,0;8,0;;3,0;144;36;5;False;False;0;2022;False;2
RA-519;2023;Aluno-519;M;10,0;2013,0;2022;1;Pública;;1G;1,0;2,0;-1,0;True;Moderada (1);8,0177;Topázio;9,0;9,9;7,52;7,708333333;7,4;8,223333333;5,0;7,5;7,2;;3,0;;;;;;-1;2022;False;2
RA-52;2022;Aluno-52;M;13,0;2009,0;2018;4;Privada - Parceira;;B;5,0;3,0;2,0;False;Adiantado;7,861;Ametista;9,6;8,9;7,5;;6,2;7,5;10,0;3,3;6,3;8,8;3,0;183;12;5;False;False;2;2018;True;3
RA-52;2023;Aluno-52;M;14,0;2009,0;2018;5;Privada - Apadrinhamento;;5B;5,0;4,0;1,0;False;Adiantado;7,9642;Ametista;10,0;9,8;2,52;8,125;6,4;8,2975;10,0;7,7;4,8;6,7;4,0;;;;;;1;2018;True;3
RA-52;2024;Aluno-52;M;15,0;2009,0;2018;6;Privada - Bolsa 100%;FIAP School - SP;7E;7,0;5,0;2,0;False;Adiantado;8,144466666733333;Topázio;8,751;9,437666667;6,885;7,5;7,216666666666666;7,5;10,0;6,8;8,85;6,0;0,0;;;;;;2;2021;True;3
RA-520;2022;Aluno-520;F;11,0;2011,0;2022;0;Pública;;D;1,0;2,0;-1,0;True;Moderada (1);7,035;Ametista;10,0;6,8;7,5;;6,8;7,278;5,0;5,0;8,5;;3,0;478;125;10;False;False;-1;2022;False;1
RA-521;2022;Aluno-521;M;9,0;2013,0;2022;0;Pública;;D;1,0;1,0;0,0;False;Adequado;7,725;Ametista;9,0;10,0;5,0;;6,0;7,5;10,0;5,0;7,0;;3,0;228;59;6;False;False;0;2022;False;3
RA-521;2023;Aluno-521;M;10,0;2013,0;2022;1;Pública;;1G;1,0;2,0;-1,0;True;Moderada (1);6,768666667;Ágata;0,0;9,9;3,77;7,083333333;7,9;8,166666667;5,0;7,0;8,7;;3,0;;;;;;-1;2022;False;3
RA-521;2024;Aluno-521;M;11,0;2013,0;2022;2;Privada;Colégio Nogueira e Sonho de Criança;2A;2,0;2,0;0,0;False;Adequado;7,479842857199999;Ametista;8,002;9,0357142855;5,005;6,666666667;6,25;7,276666667;10,0;7,0;5,5;;3,0;;;;;;0;2022;False;3
RA-522;2022;Aluno-522;M;9,0;2013,0;2021;1;Pública;;D;1,0;1,0;0,0;False;Adequado;8,306;Topázio;9,5;9,1;7,5;;7,5;8,167;10,0;7,0;8,0;;3,0;60;11;1;False;False;0;2021;False;3
RA-522;2023;Aluno-522;M;10,0;2013,0;2021;2;Pública;;1C;1,0;2,0;-1,0;True;Moderada (1);7,890533333;Ametista;7,5;9,2;7,52;7,083333333;8,3;8,45;5,0;8,3;8,2;;3,0;;;;;;-1;2021;False;3
RA-522;2024;Aluno-522;M;11,0;2013,0;2021;3;Pública;EE Joaquim Mendes Feliz;2D;2,0;2,0;0,0;False;Adequado;8,6777119048;Topázio;8,002;9,523809524;7,51;8,4375;9,0;7,89;10,0;9,5;8,5;;3,0;;;;;;0;2021;False;3
RA-523;2022;Aluno-523;F;11,0;2011,0;2022;0;Pública;;D;1,0;2,0;-1,0;True;Moderada (1);7,591;Ametista;10,0;9,5;7,5;;6,5;7,556;5,0;5,0;8,0;;3,0;278;74;9;False;False;-1;2022;False;1
RA-524;2022;Aluno-524;M;11,0;2011,0;2019;3;Pública;;D;1,0;2,0;-1,0;True;Moderada (1);6,947;Ágata;0,0;9,4;5,0;;9,1;8,056;5,0;9,0;9,2;;3,0;507;132;11;False;True;-1;2019;True;3
RA-524;2023;Aluno-524;M;12,0;2011,0;2019;4;Pública;;2D;2,0;3,0;-1,0;True;Moderada (1);7,331133333;Ametista;6,4;9,2;2,52;8,333333333;8,9;7,42;5,0;9,0;8,8;;3,0;;;;;;-1;2019;True;3
RA-524;2024;Aluno-524;M;13,0;2011,0;2019;5;Pública;EE Paschoal Carlos Magno;3C;3,0;3,0;0,0;False;Adequado;7,026322556366667;Ametista;7,083;5,111779448666667;2,51;8,333333333;8,666666666666666;7,39;10,0;8,5;7,5;10,0;3,0;;;;;;0;2021;True;3
RA-525;2022;Aluno-525;F;11,0;2011,0;2021;1;Pública;;D;1,0;2,0;-1,0;True;Moderada (1);8,013;Ametista;9,0;9,3;7,5;;8,6;8,167;5,0;8,3;8,8;;3,0;138;35;4;False;False;-1;2021;False;2
RA-525;2023;Aluno-525;F;12,0;2011,0;2021;2;Pública;;2I;2,0;3,0;-1,0;True;Moderada (1);7,911366667;Ametista;8,0;8,6;2,52;8,958333333;9,2;9,566666667;5,0;8,8;9,5;;3,0;;;;;;-1;2021;False;2
RA-526;2022;Aluno-526;M;12,0;2010,0;2022;0;Pública;;D;1,0;3,0;-2,0;True;Alta (2);8,079;Topázio;10,0;9,9;7,5;;8,0;8,167;5,0;7,7;8,3;;3,0;123;28;2;False;False;-2;2022;False;3
RA-526;2023;Aluno-526;M;13,0;2010,0;2022;1;Pública;;2D;2,0;3,0;-1,0;True;Moderada (1);8,0957;Topázio;9,5;9,8;5,0;8,75;8,8;7,7525;5,0;8,3;9,3;;3,0;;;;;;-1;2022;False;3
RA-526;2024;Aluno-526;M;14,0;2010,0;2022;2;Pública;EE Paschoal Carlos Magno;3C;3,0;4,0;-1,0;True;Moderada (1);7,843157894833334;Ametista;9,585;9,382456140333334;8,13;7,291666667;7,333333333333333;7,496666667;5,0;8,5;3,5;10,0;3,0;;;;;;-1;2022;False;3
RA-527;2022;Aluno-527;F;9,0;2013,0;2022;0;Pública;;D;1,0;1,0;0,0;False;Adequado;8,025;Ametista;8,5;10,0;7,5;;6,5;7,5;10,0;5,0;8,0;;3,0;135;33;3;False;False;0;2022;False;3
RA-527;2023;Aluno-527;F;10,0;2013,0;2022;1;Pública;;1C;1,0;2,0;-1,0;True;Moderada (1);7,5682;Ametista;9,0;9,1;7,52;7,5;6,5;7,78;5,0;5,7;7,2;;3,0;;;;;;-1;2022;False;3
RA-527;2024;Aluno-527;F;11,0;2013,0;2022;2;Pública;EE Joaquim Mendes Feliz;2D;2,0;2,0;0,0;False;Adequado;8,1403666666;Topázio;9,002;10,0;7,51;8,125;6,0;7,383333333;10,0;6,5;5,5;;3,0;;;;;;0;2022;False;3
RA-528;2022;Aluno-528;M;11,0;2011,0;2021;1;Pública;;D;1,0;2,0;-1,0;True;Moderada (1);5,335;Quartzo;0,0;6,2;7,5;;4,0;6,944;5,0;5,3;2,7;;3,0;798;183;13;False;False;-1;2021;False;3
RA-528;2023;Aluno-528;M;12,0;2011,0;2021;2;Pública;;2D;2,0;3,0;-1,0;True;Moderada (1);7,6892;Ametista;9,0;8,5;5,0;8,75;8,2;7,92;5,0;7,5;8,8;;3,0;;;;;;-1;2021;False;3
RA-528;2024;Aluno-528;M;13,0;2011,0;2021;3;Pública;EE Joaquim Mendes Feliz;3C;3,0;3,0;0,0;False;Adequado;7,276330075300001;Ametista;9,168;5,793483709333334;7,51;7,291666667;6,666666666666667;6,936666667;10,0;8,5;4,5;7,0;3,0;;;;;;0;2021;False;3
RA-529;2022;Aluno-529;M;12,0;2010,0;2020;2;Pública;;D;1,0;3,0;-2,0;True;Alta (2);6,51;Ágata;8,5;8,9;5,0;;5,2;6,556;5,0;3,3;7,0;;3,0;643;156;12;False;False;-2;2020;True;3
RA-529;2023;Aluno-529;M;13,0;2010,0;2020;3;Pública;;1B;1,0;3,0;-2,0;True;Alta (2);7,278991667;Ametista;8,0;9,6;7,52;5,78125;6,8;6,893333333;5,0;4,8;8,7;;3,0;;;;;;-2;2020;True;3
RA-529;2024;Aluno-529;M;14,0;2010,0;2020;4;Pública;EE Leonice de Aquino Oliveira;2A;2,0;3,0;-1,0;True;Moderada (1);5,2661285715;Quartzo;7,002;6,607142857;4,38;4,791666667;4,25;4,886666667;5,0;2,5;6,0;;3,0;;;;;;-1;2021;True;3
RA-53;2022;Aluno-53;M;17,0;2005,0;2022;0;Pública;;B;5,0;7,0;-2,0;True;Alta (2);6,725;Ágata;9,2;7,0;7,5;;7,0;6,458;5,0;6,0;8,0;;3,0;579;32;11;False;False;-2;2022;False;2
RA-53;2023;Aluno-53;M;18,0;2005,0;2022;1;Concluiu o 3º EM;;6A;6,0;8,0;-2,0;True;Alta (2);7,600633333;Ametista;9,2;9,1;5,63;7,5;7,7;7,5875;5,0;7,3;6,5;9,2;4,0;;;;;;-2;2022;False;2
RA-530;2022;Aluno-530;M;10,0;2012,0;2019;3;Pública;;E;1,0;2,0;-1,0;True;Moderada (1);8,338;Topázio;10,0;9,0;7,5;;8,9;9,056;5,0;9,0;8,8;;3,0;56;9;1;True;True;-1;2019;True;3
RA-530;2023;Aluno-530;M;11,0;2012,0;2019;4;Pública;;2D;2,0;2,0;0,0;False;Adequado;7,653033333;Ametista;10,0;8,8;5,0;7,708333333;5,7;7,46;10,0;5,8;5,5;;3,0;;;;;;0;2019;True;3
RA-530;2024;Aluno-530;M;12,0;2012,0;2019;5;Pública;EE Joaquim Mendes Feliz;3C;3,0;3,0;0,0;False;Adequado;7,214534419433333;Ametista;8,751;6,468838763666667;9,38;7,083333333;4,5;7,496666667;10,0;4,0;6,0;3,5;3,0;;;;;;0;2021;True;3
RA-531;2022;Aluno-531;M;10,0;2012,0;2022;0;Pública;;E;1,0;2,0;-1,0;True;Moderada (1);8,057;Ametista;9,5;9,8;7,5;;7,8;8,167;5,0;8,7;7,0;;3,0;132;31;2;False;True;-1;2022;False;3
RA-531;2023;Aluno-531;M;11,0;2012,0;2022;1;Pública;;2B;2,0;2,0;0,0;False;Adequado;8,3252;Topázio;9,5;10,0;2,52;8,75;7,7;8,59;10,0;6,3;9,0;;3,0;;;;;;0;2022;False;3
RA-531;2024;Aluno-531;M;12,0;2012,0;2022;2;Pública;EE Leonice de Aquino Oliveira;3B;3,0;3,0;0,0;False;Adequado;7,912792647066666;Ametista;9,168;9,803921568666668;4,38;7,96875;6,666666666666667;7,335;10,0;6,5;4,5;9,0;4,0;;;;;;0;2022;False;3
RA-532;2022;Aluno-532;F;9,0;2013,0;2022;0;Pública;;E;1,0;1,0;0,0;False;Adequado;7,792;Ametista;9,5;9,7;7,5;;5,5;7,167;10,0;4,0;7,0;;3,0;203;49;3;False;False;0;2022;False;1
RA-533;2022;Aluno-533;M;10,0;2012,0;2022;0;Pública;;E;1,0;2,0;-1,0;True;Moderada (1);6,962;Ágata;8,5;8,8;5,6;;6,0;7,333;5,0;5,0;7,0;;3,0;499;130;5;False;False;-1;2022;False;2
RA-533;2023;Aluno-533;M;11,0;2012,0;2022;1;Pública;;1B;1,0;2,0;-1,0;True;Moderada (1);7,434866667;Ametista;9,0;9,3;7,52;7,5;5,8;7,613333333;5,0;4,8;6,7;;3,0;;;;;;-1;2022;False;2
RA-534;2022;Aluno-534;F;12,0;2010,0;2021;1;Pública;;E;1,0;3,0;-2,0;True;Alta (2);7,131;Ametista;9,0;7,4;7,5;;7,1;7,333;5,0;6,5;7,7;;3,0;447;114;4;False;False;-2;2021;False;3
RA-534;2023;Aluno-534;M;13,0;2010,0;2021;2;Pública;;2D;2,0;3,0;-1,0;True;Moderada (1);5,8385;Quartzo;0,0;8,1;2,52;8,125;5,4;7,92;5,0;3,7;7,0;;3,0;;;;;;-1;2021;False;3
RA-534;2024;Aluno-534;M;14,0;2010,0;2021;3;Pública;EE Paschoal Carlos Magno;3C;3,0;3,0;0,0;False;Adequado;7,088855054266667;Ametista;9,585;6,043441938333333;7,51;7,5;5,0;7,103333333;10,0;4,0;4,0;7,0;3,0;;;;;;0;2021;False;3
RA-535;2022;Aluno-535;F;10,0;2012,0;2019;3;Pública;;F;1,0;2,0;-1,0;True;Moderada (1);6,953;Ágata;9,0;9,2;7,5;;5,1;6,917;5,0;4,7;5,5;;2,0;504;131;6;False;False;-1;2019;True;3
RA-535;2023;Aluno-535;F;11,0;2012,0;2019;4;Pública;;2G;2,0;2,0;0,0;False;Adequado;8,0027;Topázio;9,0;9,4;5,0;8,125;5,6;8,95;10,0;4,7;6,5;;3,0;;;;;;0;2019;True;3
RA-535;2024;Aluno-535;F;12,0;2012,0;2019;5;Pública;EE João Ortiz Rodrigues;3H;3,0;3,0;0,0;False;Adequado;7,659555952400001;Ametista;9,168;7,161904762;8,135;7,96875;6,0;7,5;10,0;7,0;5,5;5,5;5,0;;;;;;0;2021;True;3
RA-536;2022;Aluno-536;F;10,0;2012,0;2020;2;Pública;;F;1,0;2,0;-1,0;True;Moderada (1);7,106;Ametista;9,5;8,9;5,6;;6,0;7,75;5,0;6,3;5,7;;2,0;454;116;4;False;False;-1;2020;True;3
RA-536;2023;Aluno-536;F;10,0;2012,0;2020;3;Pública;;2A;2,0;2,0;0,0;False;Adequado;7,759533333;Ametista;8,0;9,3;2,52;8,333333333;5,9;9,17;10,0;5,0;6,8;;3,0;;;;;;0;2020;True;3
RA-536;2024;Aluno-536;F;11,0;2012,0;2020;4;Pública;EE Leonice de Aquino Oliveira;3B;3,0;2,0;1,0;False;Adiantado;7,7704681818;Ametista;8,334;9,109090909;8,135;7,1875;5,5;7,415;10,0;6,5;4,5;5,5;4,0;;;;;;1;2021;True;3
RA-537;2022;Aluno-537;M;10,0;2012,0;2022;0;Pública;;F;1,0;2,0;-1,0;True;Moderada (1);6,641;Ágata;9,5;9,0;4,4;;4,8;7,167;5,0;2,5;7,0;;2,0;612;147;7;False;False;-1;2022;False;1
RA-538;2022;Aluno-538;M;13,0;2009,0;2022;0;Pública;;F;1,0;3,0;-2,0;True;Alta (2);6,309;Ágata;8,5;7,5;5,6;;6,8;5,583;5,0;4,5;9,0;;2,0;684;164;8;False;False;-2;2022;False;3
RA-538;2023;Aluno-538;M;13,0;2009,0;2022;1;Pública;;2G;2,0;3,0;-1,0;True;Moderada (1);6,413466667;Ágata;7,4;8,6;2,52;7,916666667;4,7;7,39;5,0;3,5;5,8;;3,0;;;;;;-1;2022;False;3
RA-538;2024;Aluno-538;M;14,0;2009,0;2022;2;Pública;EE Mario Francisco de Amorim;3H;3,0;4,0;-1,0;True;Moderada (1);6,514094017066666;Ágata;8,751;7,668803418666666;7,51;5,625;6,166666666666667;5,292;5,0;10,0;4,5;4,0;5,0;;;;;;-1;2022;False;3
RA-539;2022;Aluno-539;F;11,0;2011,0;2022;0;Pública;;F;1,0;2,0;-1,0;True;Moderada (1);7,665;Ametista;8,5;9,3;6,9;;7,5;8,417;5,0;6,8;8,2;;2,0;249;64;1;True;False;-1;2022;False;3
RA-539;2023;Aluno-539;F;12,0;2011,0;2022;1;Pública;;2F;2,0;3,0;-1,0;True;Moderada (1);7,796866667;Ametista;9,5;8,6;2,52;9,166666667;8,5;8,84;5,0;7,2;9,7;;3,0;;;;;;-1;2022;False;3
RA-539;2024;Aluno-539;F;13,0;2011,0;2022;2;Privada - Apadrinhamento;Colégio Arco Íris Evolução;3G;3,0;3,0;0,0;False;Adequado;8,465533333333335;Topázio;10,002;9,233333333333333;7,51;8,75;5,833333333333333;9,13;10,0;5,0;3,5;9,0;4,0;;;;;;0;2022;False;3
RA-54;2022;Aluno-54;F;16,0;2006,0;2022;0;Pública;;B;5,0;6,0;-1,0;True;Moderada (1);6,058;Ágata;7,9;6,9;7,5;;4,8;6,125;5,0;3,0;6,5;;3,0;716;45;14;False;False;-1;2022;False;1
RA-540;2022;Aluno-540;F;10,0;2012,0;2019;3;Pública;;F;1,0;2,0;-1,0;True;Moderada (1);7,303;Ametista;8,5;9,5;5,6;;7,0;7,5;5,0;6,8;7,2;;2,0;390;101;2;False;False;-1;2019;False;2
RA-540;2023;Aluno-540;F;11,0;2012,0;2019;4;Pública;;2F;2,0;2,0;0,0;False;Adequado;8,216033333;Topázio;8,5;8,8;5,0;8,958333333;7,1;8,95;10,0;6,5;7,7;;3,0;;;;;;0;2019;False;2
RA-541;2022;Aluno-541;M;14,0;2008,0;2022;0;Pública;;F;1,0;4,0;-3,0;True;Severa (3+);5,427;Quartzo;10,0;7,8;6,9;;2,5;5,0;2,5;0,0;5,0;;2,0;793;182;10;False;False;-3;2022;False;1
RA-542;2022;Aluno-542;F;11,0;2011,0;2019;3;Pública;;F;1,0;2,0;-1,0;True;Moderada (1);7,221;Ametista;8,0;9,8;6,3;;6,5;7,417;5,0;5,3;7,7;;2,0;419;107;3;False;False;-1;2019;True;3
RA-542;2023;Aluno-542;F;12,0;2011,0;2019;4;Pública;;2H;2,0;3,0;-1,0;True;Moderada (1);7,816533333;Ametista;9,5;9,7;5,0;8,75;6,3;9,006666667;5,0;5,2;7,3;;3,0;;;;;;-1;2019;True;3
RA-542;2024;Aluno-542;F;13,0;2011,0;2019;5;Pública;EE João Ortiz Rodrigues;3F;3,0;3,0;0,0;False;Adequado;6,7205649586;Ágata;8,751;6,481366459666667;8,13;7,03125;3,9333333333333336;6,232;10,0;1,5;5,0;5,3;5,0;;;;;;0;2021;True;3
RA-543;2022;Aluno-543;F;10,0;2012,0;2022;0;Pública;;F;1,0;2,0;-1,0;True;Moderada (1);7,05;Ametista;8,5;9,8;4,4;;6,5;7,167;5,0;5,0;8,0;;2,0;471;121;5;False;False;-1;2022;False;3
RA-543;2023;Aluno-543;F;11,0;2012,0;2022;1;Pública;;2H;2,0;2,0;0,0;False;Adequado;7,971833333;Ametista;7,8;9,8;2,52;8,75;6,5;9,006666667;10,0;5,5;7,5;;3,0;;;;;;0;2022;False;3
RA-543;2024;Aluno-543;F;12,0;2012,0;2022;2;Pública;EE João Ortiz Rodrigues;3F;3,0;2,0;1,0;False;Adiantado;8,0467871118;Topázio;8,751;9,616977225666666;2,51;8,90625;6,833333333333333;8,7;10,0;7,0;6,5;7,0;5,0;;;;;;1;2022;False;3
RA-544;2022;Aluno-544;M;10,0;2012,0;2022;0;Pública;;F;1,0;2,0;-1,0;True;Moderada (1);6,307;Ágata;9,5;9,7;5,6;;3,3;6,0;5,0;1,0;5,5;;2,0;686;165;9;False;False;-1;2022;False;1
RA-545;2022;Aluno-545;M;13,0;2009,0;2018;4;Pública;;G;1,0;3,0;-2,0;True;Alta (2);6,723;Ágata;9,5;6,6;7,5;;5,5;7,5;5,0;4,3;6,7;;2,0;580;142;6;False;False;-2;2018;False;1
RA-546;2022;Aluno-546;F;11,0;2011,0;2021;1;Pública;;G;1,0;2,0;-1,0;True;Moderada (1);6,77;Ágata;9,0;7,9;5,0;;5,6;7,917;5,0;3,3;7,8;;2,0;564;138;5;False;False;-1;2021;False;3
RA-546;2023;Aluno-546;F;12,0;2011,0;2021;2;Pública;;2H;2,0;3,0;-1,0;True;Moderada (1);6,031666667;Ágata;0,0;7,2;2,52;8,75;5,7;9,173333333;5,0;3,5;7,8;;3,0;;;;;;-1;2021;False;3
RA-546;2024;Aluno-546;F;13,0;2011,0;2021;3;Pública;EE Alexandre Rodrigues Nogueira;3B;3,0;3,0;0,0;False;Adequado;5,702426010066667;Quartzo;5,832;3,783838383666666;8,135;5,15625;4,666666666666667;5,5;10,0;0,0;4,0;10,0;4,0;;;;;;0;2021;False;3
RA-547;2022;Aluno-547;F;11,0;2011,0;2019;3;Pública;;G;1,0;2,0;-1,0;True;Moderada (1);7,745;Ametista;9,5;9,7;5,0;;7,6;8,833;5,0;7,3;7,8;;2,0;218;56;1;True;False;-1;2019;True;3
RA-547;2023;Aluno-547;F;12,0;2011,0;2019;4;Pública;;2G;2,0;3,0;-1,0;True;Moderada (1);6,467;Ágata;0,0;9,1;2,52;8,75;6,2;8,95;5,0;5,0;7,3;;3,0;;;;;;-1;2019;True;3
RA-547;2024;Aluno-547;F;13,0;2011,0;2019;5;Pública;EE João Ortiz Rodrigues;3H;3,0;3,0;0,0;False;Adequado;7,210290672333333;Ametista;8,751;7,030620028333334;8,135;5,625;6,833333333333333;5,932;10,0;9,0;4,5;7,0;5,0;;;;;;0;2021;True;3
RA-548;2022;Aluno-548;M;12,0;2010,0;2019;3;Pública;;G;1,0;3,0;-2,0;True;Alta (2);7,292;Ametista;8,0;9,1;6,9;;7,2;7,583;5,0;5,7;8,7;;2,0;396;104;2;False;False;-2;2019;True;3
RA-548;2023;Aluno-548;M;12,0;2010,0;2019;4;Pública;;2G;2,0;3,0;-1,0;True;Moderada (1);7,4322;Ametista;9,0;9,1;2,52;8,333333333;7,4;8,283333333;5,0;6,2;8,5;;3,0;;;;;;-1;2019;True;3
RA-548;2024;Aluno-548;M;13,0;2010,0;2019;5;Pública;EE João Ortiz Rodrigues;3H;3,0;3,0;0,0;False;Adequado;7,240168803466668;Ametista;9,168;7,600427350666667;7,51;5,9375;6,666666666666667;5,626;10,0;9,0;5,0;6,0;5,0;;;;;;0;2021;True;3
RA-549;2022;Aluno-549;M;10,0;2012,0;2021;1;Pública;;G;1,0;2,0;-1,0;True;Moderada (1);6,301;Ágata;10,0;7,9;6,9;;4,2;6,167;5,0;2,2;6,2;;2,0;688;166;9;False;False;-1;2021;False;3
RA-549;2023;Aluno-549;M;11,0;2012,0;2021;2;Pública;;1J;1,0;2,0;-1,0;True;Moderada (1);7,0297;Ametista;9,5;8,1;5,02;6,875;6,4;7,5;5,0;5,5;7,2;;3,0;;;;;;-1;2021;False;3
RA-549;2024;Aluno-549;M;12,0;2012,0;2021;3;Pública;EE Alexandre Rodrigues Nogueira;2G;2,0;3,0;-1,0;True;Moderada (1);6,5398187888;Ágata;10,002;7,204968943999999;6,255;6,40625;5,75;5,9125;5,0;5,0;6,5;;4,0;;;;;;-1;2021;False;3
RA-55;2022;Aluno-55;F;16,0;2006,0;2017;5;Pública;;B;5,0;6,0;-1,0;True;Moderada (1);6,576;Ágata;7,1;7,6;5,6;;7,5;6,5;5,0;6,7;7,8;7,9;3,0;634;38;12;False;False;-1;2017;False;2
RA-55;2023;Aluno-55;F;17,0;2006,0;2017;6;Pública;;6A;6,0;7,0;-1,0;True;Moderada (1);6,898033333;Ágata;7,9;8,1;3,14;7,5;7,1;7,545;5,0;8,7;6,5;6,0;4,0;;;;;;-1;2017;False;2
RA-550;2022;Aluno-550;F;12,0;2010,0;2022;0;Pública;;G;1,0;3,0;-2,0;True;Alta (2);6,026;Ágata;9,0;9,0;6,9;;1,9;6,25;5,0;2,0;1,8;;2,0;724;172;10;False;False;-2;2022;False;1
RA-551;2022;Aluno-551;F;12,0;2010,0;2018;4;Pública;;G;1,0;3,0;-2,0;True;Alta (2);6,853;Ágata;8,5;7,3;6,9;;6,6;7,333;5,0;5,0;8,2;;2,0;539;136;4;False;False;-2;2018;False;2
RA-551;2023;Aluno-551;F;12,0;2010,0;2018;5;Pública;;2G;2,0;3,0;-1,0;True;Moderada (1);7,075033333;Ametista;10,0;8,6;2,52;8,541666667;5,4;8,393333333;5,0;4,5;6,2;;3,0;;;;;;-1;2018;False;2
RA-552;2022;Aluno-552;M;11,0;2011,0;2022;0;Pública;;G;1,0;2,0;-1,0;True;Moderada (1);6,625;Ágata;9,5;8,8;5,0;;5,5;7,167;5,0;6,0;5,0;;2,0;617;149;7;False;False;-1;2022;False;2
RA-552;2023;Aluno-552;M;12,0;2011,0;2022;1;Pública;;1J;1,0;3,0;-2,0;True;Alta (2);5,248666667;Quartzo;0,0;5,6;3,14;6,666666667;6,4;6,89;5,0;6,5;6,2;;3,0;;;;;;-2;2022;False;2
RA-553;2022;Aluno-553;F;11,0;2011,0;2019;3;Pública;;G;1,0;2,0;-1,0;True;Moderada (1);6,39;Ágata;9,5;6,9;6,9;;3,3;8,167;5,0;1,0;5,7;;2,0;663;160;8;False;False;-1;2019;False;1
RA-554;2022;Aluno-554;M;12,0;2010,0;2017;5;Pública;;G;1,0;3,0;-2,0;True;Alta (2);5,588;Quartzo;7,9;6,0;6,9;;4,0;5,75;5,0;1,7;6,3;;2,0;776;180;12;False;False;-2;2017;False;1
RA-555;2022;Aluno-555;M;12,0;2010,0;2019;3;Pública;;G;1,0;3,0;-2,0;True;Alta (2);5,949;Quartzo;9,5;8,1;5,0;;4,4;5,167;5,0;1,8;7,0;;2,0;732;174;11;False;False;-2;2019;True;3
RA-555;2023;Aluno-555;M;13,0;2010,0;2019;4;Pública;;2G;2,0;3,0;-1,0;True;Moderada (1);5,898133333;Quartzo;7,4;8,1;2,52;6,25;3,9;6,946666667;5,0;1,5;6,2;;3,0;;;;;;-1;2019;True;3
RA-555;2024;Aluno-555;M;14,0;2010,0;2019;5;Pública;EE Leonice de Aquino Oliveira;3F;3,0;4,0;-1,0;True;Moderada (1);5,111470186333333;Quartzo;10,002;2,750517598333333;6,885;5,0;4,333333333333333;5,03;5,0;5,0;4,0;4,0;5,0;;;;;;-1;2021;True;3
RA-556;2022;Aluno-556;F;11,0;2011,0;2018;4;Pública;;G;1,0;2,0;-1,0;True;Moderada (1);7,181;Ametista;9,0;8,8;5,0;;6,4;8,25;5,0;4,8;8,0;;2,0;436;111;3;False;False;-1;2018;True;3
RA-556;2023;Aluno-556;F;12,0;2011,0;2018;5;Pública;;2H;2,0;3,0;-1,0;True;Moderada (1);7,7482;Ametista;8,5;9,6;2,52;9,166666667;7,2;9,396666667;5,0;6,5;7,8;;3,0;;;;;;-1;2018;True;3
RA-556;2024;Aluno-556;F;13,0;2011,0;2018;6;Pública;EE João Ortiz Rodrigues;3G;3,0;3,0;0,0;False;Adequado;5,833377380933333;Quartzo;7,083;6,171428571333333;2,51;6,40625;3,8333333333333335;6,1625;10,0;1,5;4,5;5,5;4,0;;;;;;0;2021;True;3
RA-557;2022;Aluno-557;M;10,0;2012,0;2019;3;Pública;;H;1,0;2,0;-1,0;True;Moderada (1);8,334;Topázio;10,0;8,4;7,5;;9,4;9,333;5,0;10,0;8,8;;2,0;57;10;1;True;True;-1;2019;True;3
RA-557;2023;Aluno-557;M;11,0;2012,0;2019;4;Pública;;2H;2,0;2,0;0,0;False;Adequado;8,7717;Topázio;10,0;8,2;5,0;9,375;8,9;9,62;10,0;8,0;9,7;;3,0;;;;;;0;2019;True;3
RA-557;2024;Aluno-557;M;12,0;2012,0;2019;5;Privada - Apadrinhamento;Colégio Arco Íris Evolução;3H;3,0;3,0;0,0;False;Adequado;9,350986466133334;Topázio;10,002;8,756265663999999;7,51;10,0;9,666666666666666;9,576;10,0;10,0;9,0;10,0;5,0;;;;;;0;2021;True;3
RA-558;2022;Aluno-558;M;14,0;2008,0;2022;0;Pública;;H;1,0;4,0;-3,0;True;Severa (3+);5,539;Quartzo;9,0;8,5;5,0;;4,3;4,5;2,5;0,5;8,0;;2,0;786;181;8;False;False;-3;2022;False;3
RA-558;2023;Aluno-558;M;15,0;2008,0;2022;1;Pública;;2H;2,0;5,0;-3,0;True;Severa (3+);6,615333333;Ágata;7,8;9,4;5,0;6,458333333;6,0;6,78;2,5;5,7;6,3;;3,0;;;;;;-3;2022;False;3
RA-558;2024;Aluno-558;M;16,0;2008,0;2022;2;Pública;EE Alexandre Rodrigues Nogueira;3F;3,0;5,0;-2,0;True;Alta (2);5,048054503133334;Quartzo;9,168;3,7763975156666674;8,13;6,09375;3,0;4,268;5,0;2,5;4,0;2,5;5,0;;;;;;-2;2022;False;3
RA-559;2022;Aluno-559;M;11,0;2011,0;2021;1;Pública;;H;1,0;2,0;-1,0;True;Moderada (1);7,634;Ametista;9,5;9,2;7,5;;7,1;8,083;5,0;7,2;7,0;;2,0;260;67;6;False;False;-1;2021;False;3
RA-559;2023;Aluno-559;M;12,0;2011,0;2021;2;Pública;;2G;2,0;3,0;-1,0;True;Moderada (1);7,947366667;Ametista;10,0;9,4;5,0;8,958333333;7,4;8,506666667;5,0;6,5;8,2;;3,0;;;;;;-1;2021;False;3
RA-559;2024;Aluno-559;M;13,0;2011,0;2021;3;Pública;EE João Ortiz Rodrigues;3F;3,0;3,0;0,0;False;Adequado;6,158158974333333;Ágata;10,002;5,705128205;8,13;6,25;3,1666666666666665;4,728;10,0;1,0;2,5;6,0;5,0;;;;;;0;2021;False;3
RA-56;2022;Aluno-56;F;15,0;2007,0;2019;3;Privada - Parceira;;B;5,0;5,0;0,0;False;Adequado;8,404;Topázio;10,0;10,0;7,5;;7,0;8,25;10,0;4,5;6,5;10,0;3,0;46;7;1;False;False;0;2019;True;3
RA-56;2023;Aluno-56;F;16,0;2007,0;2019;4;Privada - Apadrinhamento;;6A;6,0;6,0;0,0;False;Adequado;8,284333333;Topázio;9,6;9,5;5,0;8,125;7,8;7,8;10,0;7,8;5,5;10,0;4,0;;;;;;0;2019;True;3
RA-56;2024;Aluno-56;F;17,0;2007,0;2019;5;Privada - Apadrinhamento;Colégio Arco Íris Evolução;7A;7,0;7,0;0,0;False;Adequado;9,0770201754;Topázio;10,002;9,265350877333333;10,0;8,4375;7,666666666666667;9,233333333;10,0;8,0;6,0;9,0;3,0;;;;;;0;2021;True;3
RA-560;2022;Aluno-560;M;11,0;2011,0;2020;2;Pública;;H;1,0;2,0;-1,0;True;Moderada (1);4,949;Quartzo;6,9;7,2;5,0;;3,8;3,75;5,0;3,2;4,3;;2,0;826;189;11;False;False;-1;2020;False;2
RA-560;2023;Aluno-560;M;12,0;2011,0;2020;3;Pública;;2H;2,0;3,0;-1,0;True;Moderada (1);4,932;Quartzo;0,0;8,4;2,52;5,0;4,0;6,0;5,0;2,3;5,7;;3,0;;;;;;-1;2020;False;2
RA-561;2022;Aluno-561;M;11,0;2011,0;2022;0;Pública;;H;1,0;2,0;-1,0;True;Moderada (1);7,856;Ametista;9,0;9,0;7,5;;7,4;8,833;5,0;9,5;5,3;;2,0;185;43;3;True;True;-1;2022;False;1
RA-562;2022;Aluno-562;F;11,0;2011,0;2021;1;Pública;;H;1,0;2,0;-1,0;True;Moderada (1);7,855;Ametista;8,0;9,0;7,5;;8,0;8,75;5,0;8,3;7,7;;2,0;186;44;4;True;False;-1;2021;False;3
RA-562;2023;Aluno-562;F;12,0;2011,0;2021;2;Pública;;2I;2,0;3,0;-1,0;True;Moderada (1);6,824833333;Ágata;0,0;8,5;2,52;8,541666667;8,7;8,893333333;5,0;7,7;9,7;;3,0;;;;;;-1;2021;False;3
RA-562;2024;Aluno-562;F;13,0;2011,0;2021;3;Pública;EE Joaquim Mendes Feliz;3I;3,0;3,0;0,0;False;Adequado;8,392733333333334;Topázio;8,334;9,833333333333334;8,135;7,625;7,833333333333333;7,25;10,0;7,5;7,5;8,5;4,0;;;;;;0;2021;False;3
RA-563;2022;Aluno-563;F;11,0;2011,0;2020;2;Pública;;H;1,0;2,0;-1,0;True;Moderada (1);8,22;Topázio;10,0;9,2;7,5;;8,5;8,833;5,0;9,0;8,0;;2,0;81;18;2;True;True;-1;2020;True;3
RA-563;2023;Aluno-563;F;11,0;2011,0;2020;3;Pública;;2G;2,0;2,0;0,0;False;Adequado;7,684133333;Ametista;6,4;9,7;2,52;8,75;6,2;8,726666667;10,0;6,0;6,3;;3,0;;;;;;0;2020;True;3
RA-563;2024;Aluno-563;F;12,0;2011,0;2020;4;Pública;EE João Ortiz Rodrigues;3H;3,0;3,0;0,0;False;Adequado;8,595447619066668;Topázio;9,168;9,461904762;8,135;8,125;8,333333333333334;7,468;10,0;10,0;9,0;6,0;5,0;;;;;;0;2021;True;3
RA-564;2022;Aluno-564;M;13,0;2009,0;2019;3;Pública;;H;1,0;3,0;-2,0;True;Alta (2);4,972;Quartzo;9,5;3,8;5,0;;2,3;6,833;5,0;2,5;2,0;;2,0;822;188;10;False;False;-2;2019;False;1
RA-565;2022;Aluno-565;M;13,0;2009,0;2022;0;Pública;;H;1,0;3,0;-2,0;True;Alta (2);5,233;Quartzo;9,0;4,1;7,5;;2,9;5,917;5,0;4,0;1,8;;2,0;809;186;9;False;False;-2;2022;False;1
RA-566;2022;Aluno-566;F;12,0;2010,0;2022;0;Pública;;H;1,0;3,0;-2,0;True;Alta (2);7,729;Ametista;9,5;8,4;7,5;;8,5;7,917;5,0;9,5;7,5;;2,0;226;58;5;False;False;-2;2022;False;2
RA-566;2023;Aluno-566;F;12,0;2010,0;2022;1;Pública;;2G;2,0;3,0;-1,0;True;Moderada (1);7,7227;Ametista;9,0;8,8;2,52;8,958333333;8,4;8,673333333;5,0;8,8;8,0;;3,0;;;;;;-1;2022;False;2
RA-567;2022;Aluno-567;M;11,0;2011,0;2019;3;Pública;;H;1,0;2,0;-1,0;True;Moderada (1);6,281;Ágata;9,5;6,0;7,5;;4,8;6,833;5,0;4,3;5,2;;2,0;691;167;7;False;False;-1;2019;False;1
RA-568;2022;Aluno-568;M;14,0;2008,0;2018;4;Pública;;J;1,0;4,0;-3,0;True;Severa (3+);7,306;Ametista;8,0;8,6;6,9;;8,3;7,944;2,5;8,0;8,5;;3,0;385;100;8;False;False;-3;2018;True;3
RA-568;2023;Aluno-568;M;15,0;2008,0;2018;5;Pública;;2I;2,0;5,0;-3,0;True;Severa (3+);6,9647;Ágata;7,0;7,9;5,0;8,125;7,6;8,01;2,5;8,5;6,7;;3,0;;;;;;-3;2018;True;3
RA-568;2024;Aluno-568;M;16,0;2008,0;2018;6;Pública;EE Joaquim Mendes Feliz;3F;3,0;5,0;-2,0;True;Alta (2);5,545864285733334;Quartzo;7,917;3,2619047620000003;8,13;6,5625;5,166666666666667;5,496;5,0;5,0;5,5;5,0;5,0;;;;;;-2;2021;True;3
RA-569;2022;Aluno-569;F;12,0;2010,0;2020;2;Pública;;J;1,0;3,0;-2,0;True;Alta (2);7,074;Ametista;9,5;8,7;5,0;;6,8;7,333;5,0;6,3;7,3;;3,0;464;118;9;False;False;-2;2020;False;1
RA-57;2022;Aluno-57;M;16,0;2006,0;2017;5;Privada - Parceira;;B;5,0;6,0;-1,0;True;Moderada (1);7,305;Ametista;7,1;8,1;5,6;;8,4;7,875;5,0;9,0;7,0;9,3;3,0;388;25;10;False;False;-1;2017;True;3
RA-57;2023;Aluno-57;M;17,0;2006,0;2017;6;Privada - Apadrinhamento;;6A;6,0;7,0;-1,0;True;Moderada (1);6,450875;Ágata;0,0;8,0;5,63;7,96875;7,2;7,755;5,0;7,8;6,8;7,0;4,0;;;;;;-1;2017;True;3
RA-57;2024;Aluno-57;M;18,0;2006,0;2017;7;Privada - Apadrinhamento;Colégio Arco Íris Evolução;7A;7,0;7,0;0,0;False;Adequado;7,419380430199999;Ametista;9,585;6,010860484333333;6,88;8,59375;6,166666666666667;7,39;10,0;6,0;6,5;6,0;3,0;;;;;;0;2021;True;3
RA-570;2022;Aluno-570;F;10,0;2012,0;2019;3;Pública;;J;1,0;2,0;-1,0;True;Moderada (1);5,722;Quartzo;9,0;7,0;7,5;;1,3;6,778;5,0;0,7;2,0;;3,0;755;179;17;False;False;-1;2019;True;3
RA-570;2023;Aluno-570;F;11,0;2012,0;2019;4;Pública;;1H;1,0;2,0;-1,0;True;Moderada (1);6,781033333;Ágata;8,5;7,3;3,77;8,125;5,9;8,056666667;5,0;5,7;6,0;;3,0;;;;;;-1;2019;True;3
RA-570;2024;Aluno-570;F;12,0;2012,0;2019;5;Pública;EE João Ortiz Rodrigues;2H;2,0;3,0;-1,0;True;Moderada (1);6,8133640787;Ágata;8,002;8,0020703935;5,625;7,1875;6,75;6,4075;5,0;6,0;7,5;;4,0;;;;;;-1;2021;True;3
RA-571;2022;Aluno-571;F;11,0;2011,0;2019;3;Pública;;J;1,0;2,0;-1,0;True;Moderada (1);6,589;Ágata;8,5;8,8;7,5;;3,7;6,944;5,0;3,3;4,0;;3,0;630;153;13;False;False;-1;2019;True;3
RA-571;2023;Aluno-571;F;12,0;2011,0;2019;4;Privada;;1J;1,0;3,0;-2,0;True;Alta (2);6,6097;Ágata;9,0;7,9;3,77;7,291666667;5,0;7,616666667;5,0;3,8;6,2;;3,0;;;;;;-2;2019;True;3
RA-571;2024;Aluno-571;F;13,0;2011,0;2019;5;Pública;EE João Ortiz Rodrigues;2G;2,0;3,0;-1,0;True;Moderada (1);6,2964554348;Ágata;7,002;8,695652174;4,375;7,03125;5,25;5,8325;5,0;5,0;5,5;;4,0;;;;;;-1;2021;True;3
RA-572;2022;Aluno-572;M;9,0;2013,0;2022;0;Pública;;J;1,0;1,0;0,0;False;Adequado;7,48;Ametista;8,5;8,0;7,5;;6,8;6,833;10,0;4,5;9,0;;3,0;322;83;6;False;False;0;2022;False;1
RA-573;2022;Aluno-573;M;11,0;2011,0;2020;2;Pública;;J;1,0;2,0;-1,0;True;Moderada (1);8,261;Topázio;9,5;9,9;7,5;;8,2;8,944;5,0;8,3;8,0;;3,0;70;15;2;True;True;-1;2020;True;3
RA-573;2023;Aluno-573;M;12,0;2011,0;2020;3;Pública;;2G;2,0;3,0;-1,0;True;Moderada (1);7,774366667;Ametista;9,5;9,8;5,0;8,541666667;6,6;8,45;5,0;5,7;7,5;;3,0;;;;;;-1;2020;True;3
RA-573;2024;Aluno-573;M;13,0;2011,0;2020;4;Pública;EE João Ortiz Rodrigues;3G;3,0;3,0;0,0;False;Adequado;7,839050000000001;Ametista;9,168;9,5;8,755;7,8125;5,0;6,8275;10,0;6,0;3,5;5,5;4,0;;;;;;0;2021;True;3
RA-574;2022;Aluno-574;M;10,0;2012,0;2022;0;Pública;;J;1,0;2,0;-1,0;True;Moderada (1);6,86;Ágata;9,5;7,2;5,0;;7,5;6,944;5,0;5,5;9,5;;3,0;534;135;11;False;False;-1;2022;False;2
RA-574;2023;Aluno-574;M;11,0;2012,0;2022;1;Pública;;2F;2,0;2,0;0,0;False;Adequado;7,878133333;Ametista;6,9;8,2;5,0;7,916666667;8,1;8,173333333;10,0;7,7;8,5;;3,0;;;;;;0;2022;False;2
RA-575;2022;Aluno-575;M;12,0;2010,0;2019;3;Pública;;J;1,0;3,0;-2,0;True;Alta (2);5,889;Quartzo;8,0;6,1;7,5;;2,8;7,0;5,0;2,7;3,0;;3,0;739;175;16;False;False;-2;2019;False;1
RA-576;2022;Aluno-576;F;10,0;2012,0;2022;0;Pública;;J;1,0;2,0;-1,0;True;Moderada (1);7,59;Ametista;9,5;9,1;7,5;;7,8;7,111;5,0;7,5;8,0;;3,0;279;75;4;False;False;-1;2022;False;3
RA-576;2023;Aluno-576;F;11,0;2012,0;2022;1;Pública;;1F;1,0;2,0;-1,0;True;Moderada (1);7,984741667;Ametista;9,0;9,3;5,02;9,21875;8,0;8,503333333;5,0;6,5;9,5;;3,0;;;;;;-1;2022;False;3
RA-576;2024;Aluno-576;F;12,0;2012,0;2022;2;Pública;EE João Ortiz Rodrigues;2H;2,0;2,0;0,0;False;Adequado;8,93195;Topázio;8,502;10,0;7,51;7,8125;9,25;8,4975;10,0;9,0;9,5;;4,0;;;;;;0;2022;False;3
RA-577;2022;Aluno-577;F;10,0;2012,0;2022;0;Pública;;J;1,0;2,0;-1,0;True;Moderada (1);7,862;Ametista;9,5;9,3;7,5;;9,0;7,111;5,0;8,3;9,7;;3,0;182;41;3;False;False;-1;2022;False;3
RA-577;2023;Aluno-577;F;11,0;2012,0;2022;1;Pública;;1J;1,0;2,0;-1,0;True;Moderada (1);7,219366667;Ametista;10,0;8,2;3,77;6,875;7,4;7,673333333;5,0;6,5;8,3;;3,0;;;;;;-1;2022;False;3
RA-577;2024;Aluno-577;F;12,0;2012,0;2022;2;Pública;EE João Ortiz Rodrigues;2H;2,0;3,0;-1,0;True;Moderada (1);6,629159109700001;Ágata;8,502;5,7660455485;5,625;6,5625;8,0;6,535;5,0;7,0;9,0;;4,0;;;;;;-1;2022;False;3
RA-578;2022;Aluno-578;M;10,0;2012,0;2019;3;Pública;;J;1,0;2,0;-1,0;True;Moderada (1);8,814;Topázio;9,5;10,0;8,8;;9,5;9,611;5,0;9,3;9,7;;3,0;11;3;1;True;True;-1;2019;True;3
RA-578;2023;Aluno-578;M;11,0;2012,0;2019;4;Privada - Apadrinhamento;;2A;2,0;2,0;0,0;False;Adequado;9,013866667;Topázio;9,0;10,0;2,52;9,791666667;9,7;9,7625;10,0;9,8;9,5;;3,0;;;;;;0;2019;True;3
RA-578;2024;Aluno-578;M;12,0;2012,0;2019;5;Privada - Apadrinhamento;Colégio Arco Íris Evolução;3C;3,0;2,0;1,0;False;Adiantado;9,066199999966669;Topázio;10,002;10,0;2,51;9,583333333;9,833333333333334;9,45;10,0;10,0;9,5;10,0;3,0;;;;;;1;2021;True;3
RA-579;2022;Aluno-579;F;10,0;2012,0;2022;0;Pública;;J;1,0;2,0;-1,0;True;Moderada (1);6,067;Ágata;8,5;5,8;7,5;;3,8;7,222;5,0;0,0;7,5;;3,0;715;171;15;False;False;-1;2022;False;1
RA-58;2022;Aluno-58;M;15,0;2007,0;2017;5;Privada - Parceira;;B;5,0;5,0;0,0;False;Adequado;8,136;Topázio;9,6;9,2;6,3;;7,2;8,125;10,0;4,5;8,0;9,0;3,0;103;9;3;False;False;0;2017;True;3
RA-58;2023;Aluno-58;M;16,0;2007,0;2017;6;Privada - Apadrinhamento;;6A;6,0;6,0;0,0;False;Adequado;7,70625;Ametista;0,0;9,7;6,26;8,4375;8,1;8,3825;10,0;7,8;6,5;10,0;4,0;;;;;;0;2017;True;3
RA-58;2024;Aluno-58;M;17,0;2007,0;2017;7;Privada - Apadrinhamento;Colégio Arco Íris Evolução;7A;7,0;7,0;0,0;False;Adequado;8,7713289474;Topázio;9,585;9,824561403666666;7,51;9,0625;7,333333333333333;8,62;10,0;8,0;6,5;7,5;3,0;;;;;;0;2021;True;3
RA-580;2022;Aluno-580;F;10,0;2012,0;2020;2;Pública;;J;1,0;2,0;-1,0;True;Moderada (1);7,525;Ametista;8,0;9,6;7,5;;7,6;7,167;5,0;6,3;8,8;;3,0;299;78;5;False;False;-1;2020;True;3
RA-580;2023;Aluno-580;F;11,0;2012,0;2020;3;Pública;;1H;1,0;2,0;-1,0;True;Moderada (1);8,4712;Topázio;8,5;9,8;7,52;8,75;9,0;8,67;5,0;8,7;9,3;;3,0;;;;;;-1;2020;True;3
RA-580;2024;Aluno-580;F;12,0;2012,0;2020;4;Pública;EE João Ortiz Rodrigues;2H;2,0;3,0;-1,0;True;Moderada (1);7,9281521222;Ametista;9,002;8,871635610999999;7,51;7,03125;9,25;7,2475;5,0;10,0;8,5;;4,0;;;;;;-1;2021;True;3
RA-581;2022;Aluno-581;M;10,0;2012,0;2019;3;Pública;;J;1,0;2,0;-1,0;True;Moderada (1);6,464;Ágata;7,5;8,9;7,5;;5,0;5,889;5,0;5,3;4,7;;3,0;648;157;14;False;False;-1;2019;True;3
RA-581;2023;Aluno-581;M;11,0;2012,0;2019;4;Pública;;1H;1,0;2,0;-1,0;True;Moderada (1);7,7167;Ametista;8,0;9,8;7,52;6,458333333;7,9;7,393333333;5,0;7,0;8,8;;3,0;;;;;;-1;2019;True;3
RA-581;2024;Aluno-581;M;12,0;2012,0;2019;5;Pública;EE João Ortiz Rodrigues;2H;2,0;3,0;-1,0;True;Moderada (1);7,0833015528;Ametista;7,418;8,198757764;5,625;6,5625;8,75;6,165;5,0;8,0;9,5;;4,0;;;;;;-1;2021;True;3
RA-582;2022;Aluno-582;F;10,0;2012,0;2022;0;Pública;;J;1,0;2,0;-1,0;True;Moderada (1);7,064;Ametista;10,0;9,0;7,5;;4,9;7,222;5,0;4,3;5,5;;3,0;466;119;10;False;False;-1;2022;False;1
RA-583;2022;Aluno-583;F;12,0;2010,0;2019;3;Pública;;J;1,0;3,0;-2,0;True;Alta (2);7,456;Ametista;8,5;9,4;7,5;;7,1;7,333;5,0;6,2;8,0;;3,0;333;87;7;False;False;-2;2019;True;3
RA-583;2023;Aluno-583;F;13,0;2010,0;2019;4;Pública;;2I;2,0;3,0;-1,0;True;Moderada (1);7,838866667;Ametista;9,0;9,4;7,52;8,333333333;6,3;8,616666667;5,0;5,5;7,0;;3,0;;;;;;-1;2019;True;3
RA-583;2024;Aluno-583;F;14,0;2010,0;2019;5;Pública;EE Joaquim Mendes Feliz;3I;3,0;3,0;0,0;False;Adequado;7,447591035933334;Ametista;7,917;8,904455179666668;8,135;6,875;5,0;6,87;10,0;6,5;4,5;4,0;4,0;;;;;;0;2021;True;3
RA-584;2022;Aluno-584;F;10,0;2012,0;2019;3;Pública;;J;1,0;2,0;-1,0;True;Moderada (1);6,714;Ágata;8,0;8,5;7,5;;4,6;7,333;5,0;4,5;4,7;;3,0;585;143;12;False;False;-1;2019;True;3
RA-584;2023;Aluno-584;F;11,0;2012,0;2019;4;Pública;;2I;2,0;2,0;0,0;False;Adequado;7,697533333;Ametista;9,5;9,0;2,52;8,333333333;5,8;8,56;10,0;5,0;6,5;;3,0;;;;;;0;2019;True;3
RA-584;2024;Aluno-584;F;12,0;2012,0;2019;5;Pública;EE João Ortiz Rodrigues;3G;3,0;3,0;0,0;False;Adequado;6,752914393933334;Ágata;8,751;5,636363636333333;8,755;7,34375;4,333333333333333;6,37;10,0;2,0;5,0;6,0;4,0;;;;;;0;2021;True;3
RA-585;2022;Aluno-585;F;9,0;2013,0;2020;2;Pública;;K;1,0;1,0;0,0;False;Adequado;7,398;Ametista;8,5;9,1;7,5;;5,0;6,889;10,0;3,7;6,3;;3,0;362;94;7;False;False;0;2020;False;1
RA-586;2022;Aluno-586;F;10,0;2012,0;2021;1;Privada - Parceira;;K;1,0;2,0;-1,0;True;Moderada (1);7,988;Ametista;10,0;9,6;5,6;;8,2;8,778;5,0;8,2;8,2;;3,0;146;37;3;True;False;-1;2021;False;3
RA-586;2023;Aluno-586;F;10,0;2012,0;2021;2;Privada - Apadrinhamento;;2K;2,0;2,0;0,0;False;Adequado;8,4242;Topázio;8,0;10,0;2,52;8,333333333;8,4;9,343333333;10,0;7,5;9,2;;3,0;;;;;;0;2021;False;3
RA-586;2024;Aluno-586;F;11,0;2012,0;2021;3;Privada - Apadrinhamento;Colégio Arco Íris Evolução;3U;3,0;2,0;1,0;False;Adiantado;8,702387301666668;Topázio;9,168;9,241269841333333;7,51;8,75;8,5;8,056666667;10,0;7,5;8,0;10,0;3,0;;;;;;1;2021;False;3
RA-587;2022;Aluno-587;M;10,0;2012,0;2022;0;Pública;;K;1,0;2,0;-1,0;True;Moderada (1);6,632;Ágata;9,5;9,3;7,5;;3,8;6,167;5,0;1,0;6,5;;3,0;615;148;10;False;False;-1;2022;False;3
RA-587;2023;Aluno-587;M;11,0;2012,0;2022;1;Pública;;1L;1,0;2,0;-1,0;True;Moderada (1);6,032033333;Ágata;8,5;7,0;7,52;6,458333333;2,7;6,72;5,0;2,2;3,2;;3,0;;;;;;-1;2022;False;3
RA-587;2024;Aluno-587;M;12,0;2012,0;2022;2;Pública;EM Cecilia Cristina de Oliveira Rodrigues;1L;1,0;3,0;-2,0;True;Alta (2);6,817057142900001;Ágata;9,002;7,380952381;7,51;7,916666667;6,25;5,74;5,0;6,5;6,0;;2,0;;;;;;-2;2022;False;3
RA-588;2022;Aluno-588;F;9,0;2013,0;2021;1;Privada - Parceira;;K;1,0;1,0;0,0;False;Adequado;8,622;Topázio;9,5;10,0;5,6;;9,3;8,278;10,0;9,3;9,2;;3,0;26;4;2;False;False;0;2021;False;3
RA-588;2023;Aluno-588;F;10,0;2013,0;2021;2;Privada - Apadrinhamento;;2U;2,0;2,0;0,0;False;Adequado;8,3527;Topázio;8,0;9,6;2,52;8,958333333;7,8;9,673333333;10,0;7,5;8,0;;3,0;;;;;;0;2021;False;3
RA-588;2024;Aluno-588;F;11,0;2013,0;2021;3;Privada - Apadrinhamento;Colégio Arco Íris Evolução;3U;3,0;2,0;1,0;False;Adiantado;8,676133333333334;Topázio;9,168;9,833333333333334;7,51;8,75;7,833333333333333;8,0;10,0;8,5;8,0;7,0;3,0;;;;;;1;2021;False;3
RA-589;2022;Aluno-589;F;9,0;2013,0;2022;0;Pública;;K;1,0;1,0;0,0;False;Adequado;7,744;Ametista;9,5;9,4;7,5;;5,8;7,056;10,0;3,0;8,5;;3,0;219;57;4;False;False;0;2022;False;1
RA-59;2022;Aluno-59;M;17,0;2005,0;2022;0;Pública;;B;5,0;7,0;-2,0;True;Alta (2);7,642;Ametista;9,2;9,3;7,5;;7,2;7,917;5,0;7,0;5,7;8,8;3,0;257;15;7;False;False;-2;2022;False;3
RA-59;2023;Aluno-59;M;18,0;2005,0;2022;1;Privada - Apadrinhamento;;6A;6,0;8,0;-2,0;True;Alta (2);7,692291667;Ametista;7,5;9,6;5,63;8,28125;7,2;8,4225;5,0;7,7;6,8;7,2;4,0;;;;;;-2;2022;False;3
RA-59;2024;Aluno-59;M;19,0;2005,0;2022;2;Privada - Bolsa 100%;Faculdade FIAP;8F;8,0;8,0;0,0;False;Adequado;;;;0,0;;;;;10,0;;;;0,0;;;;;;0;2022;False;3
RA-590;2022;Aluno-590;F;10,0;2012,0;2020;2;Pública;;K;1,0;2,0;-1,0;True;Moderada (1);7,435;Ametista;8,5;8,6;7,5;;7,4;7,611;5,0;5,7;9,2;;3,0;341;90;6;False;False;-1;2020;True;3
RA-590;2023;Aluno-590;F;11,0;2012,0;2020;3;Privada;;2L;2,0;2,0;0,0;False;Adequado;7,647666667;Ametista;6,3;9,7;3,77;7,291666667;6,5;8,34;10,0;5,7;7,3;;3,0;;;;;;0;2020;True;3
RA-590;2024;Aluno-590;F;12,0;2012,0;2020;4;Privada;Colégio Nogueira e Sonho de Criança;2U;2,0;3,0;-1,0;True;Moderada (1);6,712378053800001;Ágata;8,002;8,457556936;6,26;7,5;4,0;7,723333333;5,0;8,0;0,0;;3,0;;;;;;-1;2021;True;3
RA-591;2022;Aluno-591;M;11,0;2011,0;2021;1;Pública;;K;1,0;2,0;-1,0;True;Moderada (1);7,507;Ametista;9,5;9,3;7,5;;7,1;7,389;5,0;7,8;6,3;;3,0;305;80;5;False;False;-1;2021;False;3
RA-591;2023;Aluno-591;M;12,0;2011,0;2021;2;Pública;;2U;2,0;3,0;-1,0;True;Moderada (1);7,1472;Ametista;9,0;8,5;6,27;5,833333333;6,9;7,333333333;5,0;6,2;7,5;;3,0;;;;;;-1;2021;False;3
RA-591;2024;Aluno-591;M;13,0;2011,0;2021;3;Pública;EM Cecilia Cristina de Oliveira Rodrigues;2K;2,0;3,0;-1,0;True;Moderada (1);6,8360336957;Ágata;7,418;7,913043478500001;6,255;5,78125;7,5;6,54;5,0;6,0;9,0;;4,0;;;;;;-1;2021;False;3
RA-592;2022;Aluno-592;F;10,0;2012,0;2020;2;Pública;;K;1,0;2,0;-1,0;True;Moderada (1);7,381;Ametista;8,0;8,5;5,6;;8,4;7,778;5,0;7,2;9,7;;3,0;368;96;9;False;False;-1;2020;True;3
RA-592;2023;Aluno-592;F;11,0;2012,0;2020;3;Privada;;2U;2,0;2,0;0,0;False;Adequado;7,935466667;Ametista;6,2;9,2;3,77;7,916666667;7,6;8,95;10,0;5,5;9,7;;3,0;;;;;;0;2020;True;3
RA-592;2024;Aluno-592;F;12,0;2012,0;2020;4;Privada;Escola João Paulo II;3L;3,0;2,0;1,0;False;Adiantado;7,121622213600001;Ametista;7,917;6,108152734666667;2,51;7,65625;7,833333333333333;7,625;10,0;7,0;8,0;8,5;4,0;;;;;;1;2021;True;3
RA-593;2022;Aluno-593;F;10,0;2012,0;2021;1;Pública;;K;1,0;2,0;-1,0;True;Moderada (1);6,254;Ágata;7,5;7,4;7,5;;4,6;6,278;5,0;3,0;6,2;;3,0;694;168;11;False;False;-1;2021;False;1
RA-594;2022;Aluno-594;M;10,0;2012,0;2022;0;Pública;;K;1,0;2,0;-1,0;True;Moderada (1);7,392;Ametista;8,0;9,4;7,5;;7,8;6,889;5,0;6,0;9,5;;3,0;364;95;8;False;False;-1;2022;False;3
RA-594;2023;Aluno-594;M;11,0;2012,0;2022;1;Pública;;1L;1,0;2,0;-1,0;True;Moderada (1);6,702033333;Ágata;8,5;7,1;6,27;6,875;5,8;7,336666667;5,0;6,2;5,3;;3,0;;;;;;-1;2022;False;3
RA-594;2024;Aluno-594;M;12,0;2012,0;2022;2;Pública;EE Donizetti Aparecido Leite Professor;2M;2,0;2,0;0,0;False;Adequado;6,890966666600001;Ágata;6,918;5,75;6,26;8,125;7,0;6,053333333;10,0;6,5;7,5;;3,0;;;;;;0;2022;False;3
RA-595;2022;Aluno-595;M;12,0;2010,0;2018;4;Pública;;K;1,0;3,0;-2,0;True;Alta (2);5,18;Quartzo;8,5;5,5;7,5;;1,0;6,0;5,0;2,0;0,0;;3,0;813;187;12;False;False;-2;2018;False;2
RA-595;2023;Aluno-595;M;13,0;2010,0;2018;5;Pública;;2U;2,0;3,0;-1,0;True;Moderada (1);5,078666667;Quartzo;0,0;7,0;7,52;6,666666667;3,3;5,55;5,0;3,2;3,3;;3,0;;;;;;-1;2018;False;2
RA-596;2022;Aluno-596;F;9,0;2013,0;2021;1;Pública;;K;1,0;1,0;0,0;False;Adequado;8,971;Topázio;9,5;10,0;7,5;;9,3;9,0;10,0;8,8;9,8;;3,0;4;1;1;True;True;0;2021;False;1
RA-597;2022;Aluno-597;M;9,0;2013,0;2022;0;Pública;;L;1,0;1,0;0,0;False;Adequado;8,265;Topázio;9,0;10,0;7,5;;8,0;7,056;10,0;6,5;9,5;;3,0;67;14;1;False;False;0;2022;False;3
RA-597;2023;Aluno-597;M;10,0;2013,0;2022;1;Pública;;1K;1,0;2,0;-1,0;True;Moderada (1);8,49045;Topázio;10,0;9,6;7,52;9,0625;8,5;8,56;5,0;7,8;9,2;;3,0;;;;;;-1;2022;False;3
RA-597;2024;Aluno-597;M;11,0;2013,0;2022;2;Pública;EE Maria André Schunck Dona;2L;2,0;2,0;0,0;False;Adequado;7,843291097300001;Ametista;9,002;9,3271221535;7,51;7,5;6,0;6,883333333;10,0;5,0;7,0;;3,0;;;;;;0;2022;False;3
RA-598;2022;Aluno-598;F;11,0;2011,0;2022;0;Pública;;L;1,0;2,0;-1,0;True;Moderada (1);6,35;Ágata;9,5;7,2;7,5;;3,7;6,944;5,0;4,7;2,7;;3,0;669;162;13;False;False;-1;2022;False;1
RA-599;2022;Aluno-599;M;10,0;2012,0;2022;0;Pública;;L;1,0;2,0;-1,0;True;Moderada (1);8,2;Topázio;9,5;9,2;7,5;;9,1;8,556;5,0;8,3;9,8;;3,0;85;19;2;True;True;-1;2022;False;3
RA-599;2023;Aluno-599;M;10,0;2012,0;2022;1;Pública;;2K;2,0;2,0;0,0;False;Adequado;8,532866667;Topázio;10,0;9,5;2,52;8,333333333;8,5;9,286666667;10,0;8,2;8,7;;3,0;;;;;;0;2022;False;3
RA-599;2024;Aluno-599;M;12,0;2012,0;2022;2;Pública;EE Maria André Schunck Dona;3K;3,0;2,0;1,0;False;Adiantado;8,3569352941;Topázio;10,002;8,607843137333333;9,375;7,083333333;7,666666666666667;7,28;10,0;8,0;7,0;8,0;3,0;;;;;;1;2022;False;3
RA-6;2022;Aluno-6;F;18,0;2004,0;2021;1;Pública;;A;7,0;8,0;-1,0;True;Moderada (1);5,848;Quartzo;7,9;4,5;7,5;;3,3;7,222;5,0;2,3;5,3;2,3;4,0;745;16;8;False;True;-1;2021;False;3
RA-6;2023;Aluno-6;F;19,0;2004,0;2021;2;Privada - Empresa parceira;;8E;8,0;8,0;0,0;False;Adequado;;;;;;;;;10,0;;;;;;;;;;0;2021;False;3
RA-6;2024;Aluno-6;F;20,0;2004,0;2021;3;Privada - Bolsa 100%;Faculdade FIAP;8E;8,0;8,0;0,0;False;Adequado;;;;0,0;;;;;10,0;;;;0,0;;;;;;0;2021;False;3
RA-60;2022;Aluno-60;F;18,0;2004,0;2021;1;Pública;;B;5,0;8,0;-3,0;True;Severa (3+);5,537;Quartzo;6,7;6,0;7,5;;4,9;6,167;2,5;5,0;6,2;3,5;3,0;787;53;16;False;False;-3;2021;False;1
RA-600;2022;Aluno-600;F;9,0;2013,0;2021;1;Pública;;L;1,0;1,0;0,0;False;Adequado;7,011;Ágata;8,5;8,4;7,5;;3,9;6,833;10,0;2,8;5,0;;3,0;483;126;10;False;False;0;2021;False;3
RA-600;2023;Aluno-600;F;10,0;2013,0;2021;2;Pública;;1K;1,0;2,0;-1,0;True;Moderada (1);7,651658333;Ametista;8,5;8,4;7,52;8,28125;7,2;8,056666667;5,0;6,5;7,8;;3,0;;;;;;-1;2021;False;3
RA-600;2024;Aluno-600;F;11,0;2013,0;2021;3;Pública;EM Cecilia Cristina de Oliveira Rodrigues;2L;2,0;2,0;0,0;False;Adequado;7,847373913;Ametista;8,002;8,010869565;7,51;7,5;7,5;7,22;10,0;8,0;7,0;;3,0;;;;;;0;2021;False;3
RA-601;2022;Aluno-601;M;8,0;2014,0;2021;1;Pública;;L;1,0;0,0;1,0;False;Adiantado;7,713;Ametista;9,0;9,7;7,5;;5,7;7,167;10,0;5,3;6,0;;3,0;231;60;7;False;False;1;2021;False;3
RA-601;2023;Aluno-601;M;9,0;2014,0;2021;2;Pública;;1K;1,0;1,0;0,0;False;Adequado;8,955783333;Topázio;9,0;10,0;7,52;9,0625;8,7;8,336666667;10,0;8,0;9,3;;3,0;;;;;;0;2021;False;3
RA-601;2024;Aluno-601;M;10,0;2014,0;2021;3;Pública;EE Helio Luiz Dobrochinski Prof;1K;1,0;2,0;-1,0;True;Moderada (1);8,5107;Topázio;9,502;10,0;7,505;8,75;8,75;8,425;5,0;9,5;8,0;;2,0;;;;;;-1;2021;False;3
RA-602;2022;Aluno-602;M;11,0;2011,0;2019;3;Pública;;L;1,0;2,0;-1,0;True;Moderada (1);8,041;Ametista;10,0;9,7;7,5;;8,6;7,667;5,0;8,3;8,8;;3,0;134;32;4;False;True;-1;2019;True;3
RA-602;2023;Aluno-602;M;12,0;2011,0;2019;4;Pública;;2U;2,0;3,0;-1,0;True;Moderada (1);8,5592;Topázio;10,0;9,6;7,52;8,75;8,1;9,51;5,0;7,3;8,8;;3,0;;;;;;-1;2019;True;3
RA-602;2024;Aluno-602;M;13,0;2011,0;2019;5;Pública;EE Maria André Schunck Dona;3L;3,0;3,0;0,0;False;Adequado;8,647409313733334;Topázio;9,585;9,670588235333334;7,51;8,28125;7,333333333333333;8,545;10,0;9,0;5,0;8,0;4,0;;;;;;0;2021;True;3
RA-603;2022;Aluno-603;F;11,0;2011,0;2022;0;Pública;;L;1,0;2,0;-1,0;True;Moderada (1);7,78;Ametista;9,0;9,5;7,5;;7,5;8,0;5,0;6,7;8,3;;3,0;209;52;6;False;False;-1;2022;False;3
RA-603;2023;Aluno-603;M;11,0;2011,0;2022;1;Pública;;2M;2,0;2,0;0,0;False;Adequado;6,748833333;Ágata;0,0;8,9;2,52;7,708333333;7,0;7,78;10,0;5,7;8,2;;3,0;;;;;;0;2022;False;3
RA-603;2024;Aluno-603;M;12,0;2011,0;2022;2;Pública;EE Donizetti Aparecido Leite Professor;3U;3,0;3,0;0,0;False;Adequado;6,942277777866667;Ágata;9,585;7,155555555666666;6,885;6,875;4,666666666666667;6,216666667;10,0;4,5;5,5;4,0;3,0;;;;;;0;2022;False;3
RA-604;2022;Aluno-604;F;10,0;2012,0;2021;1;Pública;;L;1,0;2,0;-1,0;True;Moderada (1);8,018;Ametista;9,0;9,0;7,5;;8,8;8,333;5,0;8,0;9,7;;3,0;136;34;5;False;True;-1;2021;False;3
RA-604;2023;Aluno-604;F;11,0;2012,0;2021;2;Pública;;2K;2,0;2,0;0,0;False;Adequado;8,548033333;Topázio;9,0;9,3;7,52;8,125;7,5;8,616666667;10,0;6,0;9,0;;3,0;;;;;;0;2021;False;3
RA-604;2024;Aluno-604;F;12,0;2012,0;2021;3;Pública;EE Maria André Schunck Dona;3L;3,0;2,0;1,0;False;Adiantado;7,429623555266667;Ametista;8,334;7,502992776333333;8,13;6,40625;7,0;6,21;10,0;8,0;5,5;7,5;4,0;;;;;;1;2021;False;3
RA-605;2022;Aluno-605;F;12,0;2010,0;2021;1;Pública;;L;1,0;3,0;-2,0;True;Alta (2);7,276;Ametista;6,9;9,3;6,9;;7,1;7,556;5,0;6,2;8,0;;3,0;406;106;8;False;False;-2;2021;False;3
RA-605;2023;Aluno-605;F;12,0;2010,0;2021;2;Pública;;2K;2,0;3,0;-1,0;True;Moderada (1);7,709366667;Ametista;9,0;9,5;7,52;7,291666667;6,8;7,84;5,0;4,8;8,8;;3,0;;;;;;-1;2021;False;3
RA-605;2024;Aluno-605;F;13,0;2010,0;2021;3;Pública;EM Cecilia Cristina de Oliveira Rodrigues;3M;3,0;3,0;0,0;False;Adequado;6,0175222222;Ágata;7,5;6,194444444333333;6,885;7,0;2,6666666666666665;5,534;10,0;1,5;3,5;3,0;5,0;;;;;;0;2021;False;3
RA-606;2022;Aluno-606;M;10,0;2012,0;2022;0;Pública;;L;1,0;2,0;-1,0;True;Moderada (1);6,127;Ágata;9,5;9,0;7,5;;1,8;6,111;5,0;2,0;1,5;;3,0;704;169;14;False;False;-1;2022;False;3
RA-606;2023;Aluno-606;M;10,0;2012,0;2022;1;Pública;;1K;1,0;2,0;-1,0;True;Moderada (1);7,402491667;Ametista;8,5;8,5;7,52;7,65625;6,0;8,223333333;5,0;4,7;7,2;;3,0;;;;;;-1;2022;False;3
RA-606;2024;Aluno-606;M;11,0;2012,0;2022;2;Pública;EE Donizetti Aparecido Leite Professor;2M;2,0;2,0;0,0;False;Adequado;6,645260606100001;Ágata;8,502;7,613636363499999;6,885;8,125;3,25;5,606666667;10,0;3,5;3,0;;3,0;;;;;;0;2022;False;3
RA-607;2022;Aluno-607;M;10,0;2012,0;2022;0;Pública;;L;1,0;2,0;-1,0;True;Moderada (1);6,44;Ágata;6,8;8,1;7,5;;4,0;7,444;5,0;3,0;5,0;;3,0;652;158;12;False;False;-1;2022;False;3
RA-607;2023;Aluno-607;M;11,0;2012,0;2022;1;Pública;;1K;1,0;2,0;-1,0;True;Moderada (1);7,333075;Ametista;8,0;7,5;7,52;7,96875;6,8;8,17;5,0;4,8;8,7;;3,0;;;;;;-1;2022;False;3
RA-607;2024;Aluno-607;M;12,0;2012,0;2022;2;Pública;EE Helio Luiz Dobrochinski Prof;2K;2,0;2,0;0,0;False;Adequado;7,6486021739;Ametista;8,502;7,4782608695;7,51;7,1875;7,0;7,165;10,0;7,0;7,0;;4,0;;;;;;0;2022;False;3
RA-608;2022;Aluno-608;M;10,0;2012,0;2022;0;Pública;;L;1,0;2,0;-1,0;True;Moderada (1);7,216;Ametista;7,8;9,6;7,5;;6,3;7,222;5,0;3,0;9,5;;3,0;422;108;9;False;False;-1;2022;False;3
RA-608;2023;Aluno-608;M;10,0;2012,0;2022;1;Pública;;1K;1,0;2,0;-1,0;True;Moderada (1);7,401741667;Ametista;10,0;7,5;7,52;7,96875;6,2;8,113333333;5,0;6,0;6,3;;3,0;;;;;;-1;2022;False;3
RA-608;2024;Aluno-608;M;11,0;2012,0;2022;2;Pública;EE Donizetti Aparecido Leite Professor;2N;2,0;2,0;0,0;False;Adequado;5,778986231800001;Quartzo;9,002;3,054347826;6,885;7,1875;4,25;5,053333333;10,0;5,0;3,5;;3,0;;;;;;0;2022;False;3
RA-609;2022;Aluno-609;M;11,0;2011,0;2019;3;Pública;;L;1,0;2,0;-1,0;True;Moderada (1);6,794;Ágata;8,5;7,6;7,5;;6,0;7,056;5,0;6,5;5,5;;3,0;557;137;11;False;False;-1;2019;False;2
RA-609;2023;Aluno-609;M;12,0;2011,0;2019;4;Pública;;2U;2,0;3,0;-1,0;True;Moderada (1);6,463033333;Ágata;9,5;6,4;7,52;6,875;5,3;6,216666667;5,0;3,2;7,3;;3,0;;;;;;-1;2019;False;2
RA-61;2022;Aluno-61;M;15,0;2007,0;2021;1;Pública;;B;5,0;5,0;0,0;False;Adequado;7,533;Ametista;9,2;7,4;7,5;;5,8;7,875;10,0;1,7;6,3;9,3;3,0;298;20;8;False;True;0;2021;False;2
RA-61;2023;Aluno-61;M;16,0;2007,0;2021;2;Pública;;6A;6,0;6,0;0,0;False;Adequado;7,382108333;Ametista;8,3;7,0;6,26;7,96875;6,2;7,4625;10,0;6,7;4,3;7,5;4,0;;;;;;0;2021;False;2
RA-610;2022;Aluno-610;F;9,0;2013,0;2022;0;Pública;;L;1,0;1,0;0,0;False;Adequado;8,18;Topázio;9,0;9,6;7,5;;6,5;8,5;10,0;6,0;7,0;;3,0;91;21;3;True;False;0;2022;False;3
RA-610;2023;Aluno-610;F;10,0;2013,0;2022;1;Pública;;2K;2,0;2,0;0,0;False;Adequado;8,2857;Topázio;10,0;10,0;2,52;8,541666667;7,0;8,896666667;10,0;6,3;7,7;;3,0;;;;;;0;2022;False;3
RA-610;2024;Aluno-610;F;11,0;2013,0;2022;2;Pública;EE Maria André Schunck Dona;3K;3,0;2,0;1,0;False;Adiantado;7,894888888933334;Ametista;9,585;9,694444444333334;3,76;6,875;6,333333333333333;8,336666667;10,0;8,0;5,0;6,0;3,0;;;;;;1;2022;False;3
RA-611;2022;Aluno-611;M;12,0;2010,0;2021;1;Pública;;M;1,0;3,0;-2,0;True;Alta (2);7,756;Ametista;9,5;7,6;7,5;;9,5;7,556;5,0;10,0;9,0;;3,0;214;54;4;False;True;-2;2021;False;1
RA-612;2022;Aluno-612;F;10,0;2012,0;2021;1;Pública;;M;1,0;2,0;-1,0;True;Moderada (1);7,594;Ametista;9,0;9,2;7,5;;7,9;7,167;5,0;9,7;6,2;;3,0;273;71;6;False;False;-1;2021;False;3
RA-612;2023;Aluno-612;F;11,0;2012,0;2021;2;Privada - Apadrinhamento;;1M;1,0;2,0;-1,0;True;Moderada (1);8,410783333;Topázio;9,0;9,7;3,77;9,0625;9,7;9,286666667;5,0;9,3;10,0;;3,0;;;;;;-1;2021;False;3
RA-612;2024;Aluno-612;F;12,0;2012,0;2021;3;Privada - Apadrinhamento;Colégio Arco Íris Evolução;2M;2,0;2,0;0,0;False;Adequado;9,1340409091;Topázio;8,002;9,5454545455;6,26;9,6875;9,75;9,4;10,0;9,5;10,0;;3,0;;;;;;0;2021;False;3
RA-613;2022;Aluno-613;M;13,0;2009,0;2020;2;Pública;;M;1,0;3,0;-2,0;True;Alta (2);8,121;Topázio;9,0;9,2;7,5;;9,2;8,556;5,0;9,2;9,2;;3,0;108;23;2;True;True;-2;2020;True;3
RA-613;2023;Aluno-613;M;14,0;2009,0;2020;3;Pública;;3N;3,0;4,0;-1,0;True;Moderada (1);6,864508333;Ágata;9,2;9,4;5,0;6,71875;4,8;7,2125;5,0;4,3;6,2;3,8;4,0;;;;;;-1;2020;True;3
RA-613;2024;Aluno-613;M;15,0;2009,0;2020;4;Pública;EE Donizetti Aparecido Leite Professor;3N;3,0;4,0;-1,0;True;Moderada (1);7,4019;Ametista;8,334;9,566666666666666;7,51;6,875;7,333333333333333;6,25;5,0;8,0;6,0;8,0;2,0;;;;;;-1;2021;True;3
RA-614;2022;Aluno-614;M;12,0;2010,0;2021;1;Pública;;M;1,0;3,0;-2,0;True;Alta (2);8,339;Topázio;9,5;9,7;7,5;;9,6;8,278;5,0;9,8;9,3;;3,0;55;8;1;False;True;-2;2021;False;3
RA-614;2023;Aluno-614;M;13,0;2010,0;2021;2;Pública;;2M;2,0;3,0;-1,0;True;Moderada (1);8,2282;Topázio;9,0;9,1;7,52;8,333333333;8,6;8,563333333;5,0;8,8;8,3;;3,0;;;;;;-1;2021;False;3
RA-614;2024;Aluno-614;M;14,0;2010,0;2021;3;Pública;EE Paschoal Carlos Magno;3U;3,0;4,0;-1,0;True;Moderada (1);7,8284999999666685;Ametista;9,585;9,7;7,51;7,916666667;6,833333333333333;7,603333333;5,0;8,0;4,5;8,0;3,0;;;;;;-1;2021;False;3
RA-615;2022;Aluno-615;F;9,0;2013,0;2020;2;Pública;;M;1,0;1,0;0,0;False;Adequado;8,086;Topázio;9,5;9,7;7,5;;7,3;6,889;10,0;7,8;6,7;;3,0;120;27;3;False;False;0;2020;False;2
RA-615;2023;Aluno-615;F;10,0;2013,0;2020;3;Pública;;1M;1,0;2,0;-1,0;True;Moderada (1);7,815658333;Ametista;10,0;9,7;3,14;8,28125;7,6;8,616666667;5,0;6,8;8,3;;3,0;;;;;;-1;2020;False;2
RA-616;2022;Aluno-616;M;12,0;2010,0;2019;3;Pública;;M;1,0;3,0;-2,0;True;Alta (2);7,303;Ametista;7,4;7,4;7,5;;8,8;7,278;5,0;9,2;8,5;;3,0;391;102;8;False;False;-2;2019;True;3
RA-616;2023;Aluno-616;M;13,0;2010,0;2019;4;Pública;;2M;2,0;3,0;-1,0;True;Moderada (1);5,612;Quartzo;0,0;6,6;5,02;5,833333333;6,8;6,783333333;5,0;5,5;8,0;;3,0;;;;;;-1;2019;True;3
RA-616;2024;Aluno-616;M;14,0;2010,0;2019;5;Pública;EE Donizetti Aparecido Leite Professor;3U;3,0;3,0;0,0;False;Adequado;5,457877193033333;Quartzo;7,5;3,087719298333333;6,885;6,458333333;3,8333333333333335;4,946666667;10,0;3,0;3,5;5,0;3,0;;;;;;0;2021;True;3
RA-617;2022;Aluno-617;F;11,0;2011,0;2021;1;Pública;;M;1,0;2,0;-1,0;True;Moderada (1);7,107;Ametista;8,5;8,9;7,5;;6,3;6,778;5,0;4,5;8,0;;3,0;453;115;10;False;False;-1;2021;False;2
RA-617;2023;Aluno-617;F;11,0;2011,0;2021;2;Pública;;1L;1,0;2,0;-1,0;True;Moderada (1);6,816166667;Ágata;0,0;9,0;7,52;7,708333333;6,9;8,116666667;5,0;5,5;8,2;;3,0;;;;;;-1;2021;False;2
RA-618;2022;Aluno-618;M;13,0;2009,0;2020;2;Pública;;M;1,0;3,0;-2,0;True;Alta (2);7,18;Ametista;8,9;8,3;7,5;;6,7;7,333;5,0;6,8;6,5;;3,0;438;112;9;False;False;-2;2020;True;3
RA-618;2023;Aluno-618;M;14,0;2009,0;2020;3;Pública;;2N;2,0;4,0;-2,0;True;Alta (2);6,4745;Ágata;0,0;9,2;5,02;8,125;6,2;7,95;5,0;4,5;7,8;;3,0;;;;;;-2;2020;True;3
RA-618;2024;Aluno-618;M;15,0;2009,0;2020;4;Pública;EE Donizetti Aparecido Leite Professor;3K;3,0;5,0;-2,0;True;Alta (2);6,718348148233334;Ágata;10,002;8,324074074;6,88;6,666666667;4,166666666666667;6,826666667;5,0;5,0;4,5;3,0;3,0;;;;;;-2;2021;True;3
RA-619;2022;Aluno-619;F;11,0;2011,0;2021;1;Pública;;M;1,0;2,0;-1,0;True;Moderada (1);7,693;Ametista;9,5;8,0;7,5;;9,0;7,333;5,0;9,2;8,8;;3,0;236;62;5;False;False;-1;2021;False;2
RA-619;2023;Aluno-619;F;11,0;2011,0;2021;2;Pública;;2M;2,0;2,0;0,0;False;Adequado;7,891366667;Ametista;9,0;7,1;3,77;7,708333333;9,0;8,116666667;10,0;8,5;9,5;;3,0;;;;;;0;2021;False;2
RA-62;2022;Aluno-62;M;17,0;2005,0;2022;0;Pública;;B;5,0;7,0;-2,0;True;Alta (2);7,891;Ametista;8,8;9,4;7,5;;9,3;7,25;5,0;8,5;10,0;;3,0;173;11;4;False;True;-2;2022;False;3
RA-62;2023;Aluno-62;F;17,0;2005,0;2022;1;Pública;;7A;7,0;7,0;0,0;False;Adequado;7,610333333;Ametista;0,0;9,8;6,89;8,25;7,5;8,215;10,0;9,3;6,8;6,3;4,0;;;;;;0;2022;False;3
RA-62;2024;Aluno-62;F;18,0;2005,0;2022;2;Privada - Bolsa 100%;Universidade Estácio de Sá;8F;8,0;8,0;0,0;False;Adequado;;;;0,0;;;;;10,0;;;;0,0;;;;;;0;2022;False;3
RA-620;2022;Aluno-620;M;12,0;2010,0;2021;1;Pública;;M;1,0;3,0;-2,0;True;Alta (2);6,018;Ágata;0,0;7,5;7,5;;6,8;6,833;5,0;8,5;5,0;;3,0;726;173;11;False;False;-2;2021;False;3
RA-620;2023;Aluno-620;M;13,0;2010,0;2021;2;Pública;;2M;2,0;3,0;-1,0;True;Moderada (1);7,043666667;Ametista;6,8;8,4;7,52;6,875;6,2;7,503333333;5,0;5,2;7,2;;3,0;;;;;;-1;2021;False;3
RA-620;2024;Aluno-620;M;14,0;2010,0;2021;3;Pública;EE Donizetti Aparecido Leite Professor;3U;3,0;3,0;0,0;False;Adequado;5,766892063566667;Quartzo;8,334;3,984126984333333;7,51;7,083333333;2,5;5,886666667;10,0;3,5;2,5;1,5;3,0;;;;;;0;2021;False;3
RA-621;2022;Aluno-621;M;10,0;2012,0;2020;2;Pública;;M;1,0;2,0;-1,0;True;Moderada (1);7,448;Ametista;9,5;7,7;7,5;;7,5;8,222;5,0;6,8;8,2;;3,0;337;89;7;False;False;-1;2020;False;1
RA-622;2022;Aluno-622;F;12,0;2010,0;2019;3;Pública;;N;1,0;3,0;-2,0;True;Alta (2);4,934;Quartzo;3,5;3,8;7,5;;3,8;6,0;5,0;4,8;2,7;;3,0;828;190;10;False;False;-2;2019;False;1
RA-623;2022;Aluno-623;M;13,0;2009,0;2022;0;Pública;;N;1,0;3,0;-2,0;True;Alta (2);7,524;Ametista;7,5;9,0;7,5;;8,3;7,389;5,0;9,3;7,2;;3,0;300;79;4;False;False;-2;2022;False;3
RA-623;2023;Aluno-623;M;14,0;2009,0;2022;1;Pública;;2M;2,0;4,0;-2,0;True;Alta (2);7,8307;Ametista;10,0;9,5;7,52;7,291666667;7,3;7,446666667;5,0;5,8;8,8;;3,0;;;;;;-2;2022;False;3
RA-623;2024;Aluno-623;M;15,0;2009,0;2022;2;Pública;EE Donizetti Aparecido Leite Professor;3U;3,0;4,0;-1,0;True;Moderada (1);6,357733333300001;Ágata;8,334;7,399999999999999;6,885;6,458333333;4,0;7,05;5,0;3,5;2,5;6,0;3,0;;;;;;-1;2022;False;3
RA-624;2022;Aluno-624;M;10,0;2012,0;2022;0;Pública;;N;1,0;2,0;-1,0;True;Moderada (1);7,425;Ametista;9,0;8,9;7,5;;6,8;7,722;5,0;8,0;5,5;;3,0;346;91;6;False;False;-1;2022;False;3
RA-624;2023;Aluno-624;M;11,0;2012,0;2022;1;Pública;;1K;1,0;2,0;-1,0;True;Moderada (1);8,270825;Topázio;9,0;9,2;7,52;8,90625;8,6;8,39;5,0;8,3;8,8;;3,0;;;;;;-1;2022;False;3
RA-624;2024;Aluno-624;M;12,0;2012,0;2022;2;Pública;EM Cecilia Cristina de Oliveira Rodrigues;2L;2,0;2,0;0,0;False;Adequado;7,229425672900001;Ametista;8,002;8,219461698;7,51;7,916666667;4,0;7,213333333;10,0;8,0;0,0;;3,0;;;;;;0;2022;False;3
RA-625;2022;Aluno-625;M;11,0;2011,0;2022;0;Pública;;N;1,0;2,0;-1,0;True;Moderada (1);7,483;Ametista;8,0;9,2;7,5;;7,8;7,333;5,0;8,5;7,0;;3,0;319;82;5;False;False;-1;2022;False;1
RA-626;2022;Aluno-626;M;11,0;2011,0;2021;1;Pública;;N;1,0;2,0;-1,0;True;Moderada (1);5,818;Quartzo;7,4;7,6;7,5;;1,3;7,278;5,0;2,5;0,0;;3,0;748;178;9;False;False;-1;2021;False;3
RA-626;2023;Aluno-626;M;12,0;2011,0;2021;2;Pública;;2M;2,0;3,0;-1,0;True;Moderada (1);7,231033333;Ametista;9,0;9,2;4,39;7,291666667;6,5;7,613333333;5,0;4,7;8,3;;3,0;;;;;;-1;2021;False;3
RA-626;2024;Aluno-626;M;13,0;2011,0;2021;3;Pública;EE Donizetti Aparecido Leite Professor;3U;3,0;3,0;0,0;False;Adequado;6,407590225500001;Ágata;9,585;3,380451127666667;6,885;7,291666667;5,333333333333333;6,443333333;10,0;5,5;3,5;7,0;3,0;;;;;;0;2021;False;3
RA-627;2022;Aluno-627;F;10,0;2012,0;2022;0;Pública;;N;1,0;2,0;-1,0;True;Moderada (1);6,621;Ágata;7,0;6,7;7,5;;6,5;7,0;5,0;6,2;6,8;;3,0;619;150;8;False;False;-1;2022;False;1
RA-628;2022;Aluno-628;M;11,0;2011,0;2022;0;Pública;;N;1,0;2,0;-1,0;True;Moderada (1);7,577;Ametista;9,5;7,6;7,5;;9,2;7,333;5,0;9,3;9,0;;3,0;282;76;3;False;False;-1;2022;False;3
RA-628;2023;Aluno-628;M;12,0;2011,0;2022;1;Pública;;1K;1,0;3,0;-2,0;True;Alta (2);8,370325;Topázio;9,5;8,9;7,52;8,28125;9,4;8,45;5,0;9,0;9,7;;3,0;;;;;;-2;2022;False;3
RA-628;2024;Aluno-628;M;13,0;2011,0;2022;2;Pública;EM Alfredo Schunk;2U;2,0;3,0;-1,0;True;Moderada (1);8,2366166666;Topázio;9,002;10,0;7,51;7,1875;9,0;7,833333333;5,0;8,0;10,0;;3,0;;;;;;-1;2022;False;3
RA-629;2022;Aluno-629;M;9,0;2013,0;2022;0;Pública;;N;1,0;1,0;0,0;False;Adequado;8,11;Topázio;9,0;10,0;7,5;;7,0;7,278;10,0;5,0;9,0;;3,0;112;24;1;False;False;0;2022;False;3
RA-629;2023;Aluno-629;F;10,0;2013,0;2022;1;Pública;;1L;1,0;2,0;-1,0;True;Moderada (1);8,013866667;Topázio;10,0;9,4;7,52;7,916666667;7,5;7,95;5,0;7,0;8,0;;3,0;;;;;;-1;2022;False;3
RA-629;2024;Aluno-629;F;11,0;2013,0;2022;2;Pública;EM Cecilia Cristina de Oliveira Rodrigues;2U;2,0;2,0;0,0;False;Adequado;8,061295238200001;Topázio;10,002;9,523809524;7,51;7,5;6,0;7,276666667;10,0;6,0;6,0;;3,0;;;;;;0;2022;False;3
RA-63;2022;Aluno-63;M;16,0;2006,0;2018;4;Privada - Parceira;;B;5,0;6,0;-1,0;True;Moderada (1);8,282;Topázio;8,3;9,1;8,8;;8,7;9,417;5,0;8,2;8,2;9,7;3,0;64;8;2;True;False;-1;2018;False;2
RA-63;2023;Aluno-63;M;17,0;2006,0;2018;5;Pública;;6A;6,0;7,0;-1,0;True;Moderada (1);8,0641;Topázio;6,7;9,0;6,89;8,75;8,7;8,9675;5,0;9,3;7,3;9,5;4,0;;;;;;-1;2018;False;2
RA-630;2022;Aluno-630;M;9,0;2013,0;2022;0;Pública;;N;1,0;1,0;0,0;False;Adequado;8,064;Topázio;9,5;9,2;7,5;;7,3;7,278;10,0;6,5;8,0;;3,0;127;30;2;False;False;0;2022;False;3
RA-630;2023;Aluno-630;M;10,0;2013,0;2022;1;Pública;;1M;1,0;2,0;-1,0;True;Moderada (1);7,199991667;Ametista;9,0;8,6;3,77;8,28125;5,7;8,673333333;5,0;4,2;7,2;;3,0;;;;;;-1;2022;False;3
RA-630;2024;Aluno-630;M;11,0;2013,0;2022;2;Pública;EE Maria André Schunck Dona;2L;2,0;2,0;0,0;False;Adequado;6,879985507300001;Ágata;0,0;8,4782608695;7,51;7,5;5,75;7,666666667;10,0;6,0;5,5;;3,0;;;;;;0;2022;False;3
RA-631;2022;Aluno-631;M;12,0;2010,0;2022;0;Pública;;N;1,0;3,0;-2,0;True;Alta (2);6,928;Ágata;8,5;6,8;7,5;;7,0;7,222;5,0;7,3;6,7;;3,0;515;133;7;False;False;-2;2022;False;3
RA-631;2023;Aluno-631;M;13,0;2010,0;2022;1;Pública;;2N;2,0;3,0;-1,0;True;Moderada (1);5,954666667;Quartzo;0,0;6,4;6,27;7,916666667;7,0;6,78;5,0;6,0;8,0;;3,0;;;;;;-1;2022;False;3
RA-631;2024;Aluno-631;M;14,0;2010,0;2022;2;Pública;EE Maria André Schunck Dona;3L;3,0;3,0;0,0;False;Adequado;6,795673420466667;Ágata;8,334;7,212200435666666;8,75;5,625;4,166666666666667;6,245;10,0;7,0;3,5;2,0;4,0;;;;;;0;2022;False;3
RA-632;2022;Aluno-632;F;10,0;2012,0;2022;0;Pública;;P;1,0;2,0;-1,0;True;Moderada (1);6,996;Ágata;8,5;9,3;6,9;;6,3;6,722;5,0;5,5;7,2;;3,0;489;129;9;False;False;-1;2022;False;3
RA-632;2023;Aluno-632;F;11,0;2012,0;2022;1;Pública;;2R;2,0;2,0;0,0;False;Adequado;7,8768;Ametista;4,7;9,1;5,64;8,333333333;7,4;8,563333333;10,0;6,8;8,0;;3,0;;;;;;0;2022;False;3
RA-632;2024;Aluno-632;F;12,0;2012,0;2022;2;Pública;EE Maria André Schunck Dona;3P;3,0;3,0;0,0;False;Adequado;7,515491249000001;Ametista;7,917;8,999164578333334;6,875;8,28125;4,166666666666667;7,875;10,0;0,0;6,0;6,5;4,0;;;;;;0;2022;False;3
RA-633;2022;Aluno-633;F;11,0;2011,0;2020;2;Pública;;P;1,0;2,0;-1,0;True;Moderada (1);7,476;Ametista;7,3;8,9;7,5;;7,7;7,833;5,0;6,8;8,5;;3,0;325;84;5;False;False;-1;2020;True;3
RA-633;2023;Aluno-633;F;12,0;2011,0;2020;3;Pública;;2R;2,0;3,0;-1,0;True;Moderada (1);6,6552;Ágata;1,7;8,1;6,27;8,541666667;7,2;7,286666667;5,0;5,3;9,0;;3,0;;;;;;-1;2020;True;3
RA-633;2024;Aluno-633;F;13,0;2011,0;2020;4;Pública;EE Maria André Schunck Dona;3P;3,0;3,0;0,0;False;Adequado;5,228470175466667;Quartzo;4,584;4,707017544;2,51;6,875;3,333333333333333;6,1175;10,0;4,0;6,0;0,0;4,0;;;;;;0;2021;True;3
RA-634;2022;Aluno-634;F;11,0;2011,0;2022;0;Pública;;P;1,0;2,0;-1,0;True;Moderada (1);7,619;Ametista;9,5;9,4;7,5;;6,5;8,222;5,0;8,0;5,0;;3,0;267;69;4;False;False;-1;2022;False;1
RA-635;2022;Aluno-635;M;10,0;2012,0;2022;0;Pública;;P;1,0;2,0;-1,0;True;Moderada (1);5,313;Quartzo;10,0;4,9;6,9;;1,5;6,444;5,0;0,5;2,5;;3,0;802;184;14;False;False;-1;2022;False;1
RA-636;2022;Aluno-636;M;10,0;2012,0;2022;0;Pública;;P;1,0;2,0;-1,0;True;Moderada (1);7,189;Ametista;8,5;8,0;6,9;;7,3;7,389;5,0;7,3;7,3;;3,0;434;110;6;False;True;-1;2022;False;3
RA-636;2023;Aluno-636;M;11,0;2012,0;2022;1;Pública;;1R;1,0;2,0;-1,0;True;Moderada (1);6,836666667;Ágata;0,0;8,3;5,64;8,333333333;9,0;7,446666667;5,0;9,2;8,7;;3,0;;;;;;-1;2022;False;3
RA-636;2024;Aluno-636;M;12,0;2012,0;2022;2;Pública;EE Donizetti Aparecido Leite Professor;2P;2,0;2,0;0,0;False;Adequado;6,3802279106;Ágata;8,002;4,9043062200000005;7,51;6,875;5,25;5,553333333;10,0;4,0;6,5;;3,0;;;;;;0;2022;False;3
RA-637;2022;Aluno-637;F;10,0;2012,0;2021;1;Pública;;P;1,0;2,0;-1,0;True;Moderada (1);7,039;Ametista;8,5;9,0;7,5;;5,8;7,0;5,0;4,8;6,8;;3,0;477;124;8;False;False;-1;2021;False;3
RA-637;2023;Aluno-637;F;11,0;2012,0;2021;2;Pública;;1R;1,0;2,0;-1,0;True;Moderada (1);8,109533333;Topázio;8,0;9,5;7,52;8,333333333;8,5;8,17;5,0;8,7;8,2;;3,0;;;;;;-1;2021;False;3
RA-637;2024;Aluno-637;F;12,0;2012,0;2021;3;Pública;EE Donizetti Aparecido Leite Professor;2P;2,0;2,0;0,0;False;Adequado;7,6853212122;Ametista;7,502;6,2272727275;7,51;8,333333333;7,75;7,776666667;10,0;6,5;9,0;;3,0;;;;;;0;2021;False;3
RA-638;2022;Aluno-638;F;9,0;2013,0;2020;2;Pública;;P;1,0;1,0;0,0;False;Adequado;7,059;Ametista;8,5;9,3;7,5;;3,9;6,278;10,0;2,0;5,8;;3,0;467;120;7;False;False;0;2020;True;3
RA-638;2023;Aluno-638;F;10,0;2013,0;2020;3;Pública;;1R;1,0;2,0;-1,0;True;Moderada (1);7,754866667;Ametista;9,0;9,4;7,52;8,333333333;6,5;7,946666667;5,0;6,8;6,2;;3,0;;;;;;-1;2020;True;3
RA-638;2024;Aluno-638;F;11,0;2013,0;2020;4;Pública;EE Donizetti Aparecido Leite Professor;2P;2,0;2,0;0,0;False;Adequado;6,7464878789;Ágata;8,502;5,7272727275;7,51;8,125;5,0;5,936666667;10,0;4,0;6,0;;3,0;;;;;;0;2021;True;3
RA-639;2022;Aluno-639;F;10,0;2012,0;2021;1;Pública;;P;1,0;2,0;-1,0;True;Moderada (1);6,613;Ágata;8,5;7,4;7,5;;5,5;6,611;5,0;3,2;7,8;;3,0;622;151;12;False;False;-1;2021;False;3
RA-639;2023;Aluno-639;F;11,0;2012,0;2021;2;Pública;;2R;2,0;2,0;0,0;False;Adequado;7,5853;Ametista;7,4;8,1;6,27;8,125;6,3;7,62;10,0;4,8;7,8;;3,0;;;;;;0;2021;False;3
RA-639;2024;Aluno-639;F;12,0;2012,0;2021;3;Pública;EE Maria André Schunck Dona;3P;3,0;3,0;0,0;False;Adequado;5,7693807644;Quartzo;7,917;5,278195488666667;2,51;6,71875;3,8333333333333335;6,1625;10,0;1,0;4,5;6,0;4,0;;;;;;0;2021;False;3
RA-64;2022;Aluno-64;M;16,0;2006,0;2019;3;Pública;;B;5,0;6,0;-1,0;True;Moderada (1);7,368;Ametista;7,1;8,1;8,1;;7,5;8,25;5,0;4,8;8,2;9,4;3,0;372;23;9;False;True;-1;2019;True;3
RA-64;2023;Aluno-64;F;17,0;2006,0;2019;4;Privada - Apadrinhamento;;6A;6,0;7,0;-1,0;True;Moderada (1);7,452541667;Ametista;7,5;9,2;6,89;7,34375;6,7;7,9625;5,0;7,0;6,0;7,2;4,0;;;;;;-1;2019;True;3
RA-64;2024;Aluno-64;F;18,0;2006,0;2019;5;Privada - Apadrinhamento;Colégio Arco Íris Evolução;7A;7,0;7,0;0,0;False;Adequado;8,743607059266667;Topázio;10,002;8,980785296666667;8,135;8,4375;8,166666666666666;8,283333333;10,0;8,0;6,5;10,0;3,0;;;;;;0;2021;True;3
RA-640;2022;Aluno-640;F;11,0;2011,0;2022;0;Pública;;P;1,0;2,0;-1,0;True;Moderada (1);6,73;Ágata;9,0;8,4;7,5;;4,8;6,778;5,0;2,5;7,0;;3,0;577;141;11;False;False;-1;2022;False;2
RA-640;2023;Aluno-640;F;12,0;2011,0;2022;1;Pública;;1P;1,0;3,0;-2,0;True;Alta (2);6,1105;Ágata;0,0;7,3;7,52;7,291666667;4,9;8,446666667;5,0;4,0;5,8;;3,0;;;;;;-2;2022;False;2
RA-641;2022;Aluno-641;F;9,0;2013,0;2022;0;Pública;;P;1,0;1,0;0,0;False;Adequado;7,776;Ametista;9,0;9,3;7,5;;6,5;6,778;10,0;4,5;8,5;;3,0;210;53;2;False;False;0;2022;False;1
RA-642;2022;Aluno-642;F;10,0;2012,0;2021;1;Pública;;P;1,0;2,0;-1,0;True;Moderada (1);7,75;Ametista;10,0;9,7;6,9;;7,3;7,778;5,0;7,0;7,7;;3,0;216;55;3;False;False;-1;2021;False;3
RA-642;2023;Aluno-642;F;11,0;2012,0;2021;2;Pública;;2R;2,0;2,0;0,0;False;Adequado;8,416866667;Topázio;9,5;9,2;6,27;8,75;6,5;9,173333333;10,0;5,7;7,2;;3,0;;;;;;0;2021;False;3
RA-642;2024;Aluno-642;F;12,0;2012,0;2021;3;Pública;EE Maria André Schunck Dona;3P;3,0;3,0;0,0;False;Adequado;7,082591269866667;Ametista;9,585;9,149206349333332;3,76;7,1875;4,0;6,9975;10,0;2,0;5,0;5,0;4,0;;;;;;0;2021;False;3
RA-643;2022;Aluno-643;M;10,0;2012,0;2022;0;Pública;;P;1,0;2,0;-1,0;True;Moderada (1);6,763;Ágata;9,0;8,0;7,5;;6,2;6,722;5,0;6,3;6,0;;3,0;565;139;10;False;False;-1;2022;False;3
RA-643;2023;Aluno-643;M;11,0;2012,0;2022;1;Pública;;1P;1,0;2,0;-1,0;True;Moderada (1);7,389033333;Ametista;9,5;8,2;7,52;6,041666667;7,1;7,613333333;5,0;7,0;7,2;;3,0;;;;;;-1;2022;False;3
RA-643;2024;Aluno-643;M;12,0;2012,0;2022;2;Pública;EE Donizetti Aparecido Leite Professor;2P;2,0;3,0;-1,0;True;Moderada (1);6,402239075100001;Ágata;9,002;6,8660287085;7,51;8,125;4,5;5,826666667;5,0;3,0;6,0;;3,0;;;;;;-1;2022;False;3
RA-644;2022;Aluno-644;F;11,0;2011,0;2021;1;Pública;;P;1,0;2,0;-1,0;True;Moderada (1);7,83;Ametista;9,5;8,0;7,5;;8,8;8,278;5,0;9,7;8,0;;3,0;195;45;1;False;True;-1;2021;False;2
RA-644;2023;Aluno-644;F;12,0;2011,0;2021;2;Pública;;2P;2,0;3,0;-1,0;True;Moderada (1);6,897033333;Ágata;10,0;5,6;7,52;8,541666667;5,9;7,503333333;5,0;4,0;7,7;;3,0;;;;;;-1;2021;False;2
RA-645;2022;Aluno-645;F;10,0;2012,0;2022;0;Pública;;P;1,0;2,0;-1,0;True;Moderada (1);6,086;Ágata;8,5;8,1;7,5;;2,0;6,833;5,0;4,0;0,0;;3,0;711;170;13;False;False;-1;2022;False;3
RA-645;2023;Aluno-645;F;11,0;2012,0;2022;1;Pública;;1R;1,0;2,0;-1,0;True;Moderada (1);7,613033333;Ametista;9,0;8,5;6,27;8,125;7,3;8,116666667;5,0;6,5;8,0;;3,0;;;;;;-1;2022;False;3
RA-645;2024;Aluno-645;F;12,0;2012,0;2022;2;Pública;EE Donizetti Aparecido Leite Professor;2P;2,0;2,0;0,0;False;Adequado;7,502239394;Ametista;7,418;8,3863636365;7,51;7,708333333;5,25;7,556666667;10,0;3,0;7,5;;3,0;;;;;;0;2022;False;3
RA-646;2022;Aluno-646;M;13,0;2009,0;2019;3;Pública;;R;1,0;3,0;-2,0;True;Alta (2);8,181;Topázio;8,5;9,8;8,1;;8,4;8,389;5,0;8,8;8,0;;3,0;90;20;1;True;True;-2;2019;True;3
RA-646;2023;Aluno-646;M;13,0;2009,0;2019;4;Pública;;2P;2,0;3,0;-1,0;True;Moderada (1);8,3547;Topázio;10,0;8,9;7,52;8,958333333;8,4;8,783333333;5,0;8,2;8,5;;3,0;;;;;;-1;2019;True;3
RA-646;2024;Aluno-646;M;14,0;2009,0;2019;5;Pública;EE Donizetti Aparecido Leite Professor;3P;3,0;4,0;-1,0;True;Moderada (1);7,715491666666668;Ametista;10,002;9,266666666666667;7,51;8,28125;6,166666666666667;7,7475;5,0;9,0;4,5;5,0;4,0;;;;;;-1;2021;True;3
RA-647;2022;Aluno-647;M;10,0;2012,0;2022;0;Pública;;R;1,0;2,0;-1,0;True;Moderada (1);6,606;Ágata;9,5;8,6;7,5;;3,3;7,278;5,0;1,5;5,2;;3,0;624;152;12;False;False;-1;2022;False;2
RA-647;2023;Aluno-647;F;10,0;2012,0;2022;1;Privada - Apadrinhamento;;1P;1,0;2,0;-1,0;True;Moderada (1);7,100566667;Ametista;7,3;8,7;6,27;7,708333333;5,2;8,446666667;5,0;4,7;5,7;;3,0;;;;;;-1;2022;False;2
RA-648;2022;Aluno-648;M;12,0;2010,0;2019;3;Pública;;R;1,0;3,0;-2,0;True;Alta (2);6,736;Ágata;9,0;7,5;6,9;;5,3;7,5;5,0;5,0;5,5;;3,0;574;140;10;False;False;-2;2019;False;1
RA-649;2022;Aluno-649;F;12,0;2010,0;2019;3;Pública;;R;1,0;3,0;-2,0;True;Alta (2);7,302;Ametista;8,5;8,9;5,6;;7,4;7,611;5,0;6,3;8,5;;3,0;393;103;8;False;False;-2;2019;True;3
RA-649;2023;Aluno-649;F;13,0;2010,0;2019;4;Pública;;2P;2,0;3,0;-1,0;True;Moderada (1);7,579533333;Ametista;9,0;9,3;3,77;8,75;6,5;8,836666667;5,0;3,8;9,2;;3,0;;;;;;-1;2019;True;3
RA-649;2024;Aluno-649;F;14,0;2010,0;2019;5;Pública;EE Paschoal Carlos Magno;3R;3,0;3,0;0,0;False;Adequado;6,985329691766667;Ágata;8,751;6,004481792666667;8,76;8,333333333;3,6666666666666665;7,333333333;10,0;5,5;4,0;1,5;3,0;;;;;;0;2021;True;3
RA-65;2022;Aluno-65;F;17,0;2005,0;2022;0;Pública;;B;5,0;7,0;-2,0;True;Alta (2);7,712;Ametista;8,3;7,7;7,5;;9,3;7,875;5,0;9,0;9,5;9,5;3,0;232;13;6;False;True;-2;2022;False;1
RA-650;2022;Aluno-650;F;11,0;2011,0;2021;1;Pública;;R;1,0;2,0;-1,0;True;Moderada (1);7,004;Ágata;6,9;8,7;5,6;;6,9;7,5;5,0;5,5;8,3;;3,0;486;127;9;False;False;-1;2021;False;1
RA-651;2022;Aluno-651;F;10,0;2012,0;2022;0;Pública;;R;1,0;2,0;-1,0;True;Moderada (1);7,866;Ametista;8,5;9,3;7,5;;7,8;8,333;5,0;7,7;7,8;;3,0;180;40;5;False;True;-1;2022;False;3
RA-651;2023;Aluno-651;F;11,0;2012,0;2022;1;Pública;;2P;2,0;2,0;0,0;False;Adequado;7,332;Ametista;0,0;8,2;3,77;8,75;9,3;7,95;10,0;9,8;8,7;;3,0;;;;;;0;2022;False;3
RA-651;2024;Aluno-651;F;12,0;2012,0;2022;2;Pública;EE Mario Francisco de Amorim;3K;3,0;2,0;1,0;False;Adiantado;8,689300000100001;Topázio;9,168;10,0;7,51;8,541666667;7,5;8,336666667;10,0;10,0;6,0;6,5;3,0;;;;;;1;2022;False;3
RA-652;2022;Aluno-652;F;9,0;2013,0;2022;0;Pública;;R;1,0;1,0;0,0;False;Adequado;8,151;Topázio;8,0;9,6;7,5;;7,8;7,5;10,0;7,0;8,5;;3,0;98;22;2;False;False;0;2022;False;3
RA-652;2023;Aluno-652;F;10,0;2013,0;2022;1;Pública;;1P;1,0;2,0;-1,0;True;Moderada (1);7,871033333;Ametista;9,0;9,4;6,89;8,125;7,0;8,446666667;5,0;6,2;7,8;;3,0;;;;;;-1;2022;False;3
RA-652;2024;Aluno-652;F;11,0;2013,0;2022;2;Pública;EE Donizetti Aparecido Leite Professor;2P;2,0;2,0;0,0;False;Adequado;7,361896969700001;Ametista;8,002;6,931818182000001;7,51;7,916666667;5,5;7,663333333;10,0;4,5;6,5;;3,0;;;;;;0;2022;False;3
RA-653;2022;Aluno-653;F;11,0;2011,0;2022;0;Pública;;R;1,0;2,0;-1,0;True;Moderada (1);8,101;Topázio;9,5;9,6;7,5;;9,3;7,5;5,0;9,5;9,0;;3,0;115;25;3;False;False;-1;2022;False;3
RA-653;2023;Aluno-653;F;12,0;2011,0;2022;1;Pública;;2P;2,0;3,0;-1,0;True;Moderada (1);7,385666667;Ametista;0,0;9,8;6,27;9,166666667;7,9;9,06;5,0;7,7;8,0;;3,0;;;;;;-1;2022;False;3
RA-653;2024;Aluno-653;F;13,0;2011,0;2022;2;Pública;EE Donizetti Aparecido Leite Professor;3R;3,0;3,0;0,0;False;Adequado;8,103217647033333;Topázio;8,751;9,537254902;8,76;8,333333333;5,166666666666667;7,89;10,0;6,5;4,5;4,5;3,0;;;;;;0;2022;False;3
RA-654;2022;Aluno-654;F;12,0;2010,0;2022;0;Pública;;R;1,0;3,0;-2,0;True;Alta (2);7,308;Ametista;8,5;8,6;7,5;;6,8;7,556;5,0;5,5;8,0;;3,0;384;99;7;False;False;-2;2022;False;1
RA-655;2022;Aluno-655;F;12,0;2010,0;2019;3;Pública;;R;1,0;3,0;-2,0;True;Alta (2);7,785;Ametista;7,5;9,2;7,5;;8,3;8,389;5,0;8,3;8,2;;3,0;206;50;6;True;True;-2;2019;True;3
RA-655;2023;Aluno-655;F;13,0;2010,0;2019;4;Pública;;2P;2,0;3,0;-1,0;True;Moderada (1);8,3198;Topázio;7,4;9,9;7,52;9,166666667;8,3;8,896666667;5,0;7,2;9,3;;3,0;;;;;;-1;2019;True;3
RA-655;2024;Aluno-655;F;14,0;2010,0;2019;5;Pública;EE Donizetti Aparecido Leite Professor;3R;3,0;3,0;0,0;False;Adequado;8,238600000066668;Topázio;7,501;10,0;8,76;8,125;6,833333333333333;7,166666667;10,0;8,0;4,0;8,5;3,0;;;;;;0;2021;True;3
RA-656;2022;Aluno-656;F;11,0;2011,0;2020;2;Pública;;R;1,0;2,0;-1,0;True;Moderada (1);6,652;Ágata;7,4;7,5;5,6;;6,3;7,5;5,0;5,0;7,5;;3,0;606;146;11;False;False;-1;2020;True;3
RA-656;2023;Aluno-656;F;12,0;2011,0;2020;3;Pública;;2P;2,0;3,0;-1,0;True;Moderada (1);6,780833333;Ágata;0,0;8,9;7,52;8,541666667;7,3;7,173333333;5,0;5,8;8,8;;3,0;;;;;;-1;2020;True;3
RA-656;2024;Aluno-656;F;13,0;2011,0;2020;4;Pública;EE Donizetti Aparecido Leite Professor;3R;3,0;3,0;0,0;False;Adequado;6,668152941266667;Ágata;9,168;5,978431372666667;7,51;7,5;4,166666666666667;6,106666667;10,0;5,0;3,5;4,0;3,0;;;;;;0;2021;True;3
RA-657;2022;Aluno-657;F;12,0;2010,0;2021;1;Pública;;R;1,0;3,0;-2,0;True;Alta (2);8,093;Topázio;9,5;9,8;7,5;;9,0;7,5;5,0;9,0;9,0;;3,0;117;26;4;False;False;-2;2021;False;3
RA-657;2023;Aluno-657;F;12,0;2010,0;2021;2;Pública;;2P;2,0;3,0;-1,0;True;Moderada (1);8,3532;Topázio;8,5;10,0;7,52;8,75;8,2;8,73;5,0;7,0;9,3;;3,0;;;;;;-1;2021;False;3
RA-657;2024;Aluno-657;F;13,0;2010,0;2021;3;Pública;EE Donizetti Aparecido Leite Professor;3R;3,0;3,0;0,0;False;Adequado;8,207433333400001;Topázio;8,751;9,6;6,885;8,125;7,5;7,056666667;10,0;8,0;4,5;10,0;3,0;;;;;;0;2021;False;3
RA-658;2022;Aluno-658;F;10,0;2012,0;2022;0;Pública;;U;1,0;2,0;-1,0;True;Moderada (1);7,407;Ametista;10,0;9,3;7,5;;5,6;7,917;5,0;4,7;6,5;;2,0;357;93;7;False;False;-1;2022;False;3
RA-658;2023;Aluno-658;F;10,0;2012,0;2022;1;Pública;;2U;2,0;2,0;0,0;False;Adequado;8,438533333;Topázio;9,5;9,5;7,52;7,916666667;6,1;9,173333333;10,0;5,3;6,8;;3,0;;;;;;0;2022;False;3
RA-658;2024;Aluno-658;F;12,0;2012,0;2022;2;Pública;EM Cecilia Cristina de Oliveira Rodrigues;3M;3,0;2,0;1,0;False;Adiantado;7,507033333333333;Ametista;8,751;10,0;8,135;7,375;3,6666666666666665;6,738;10,0;5,5;2,5;3,0;5,0;;;;;;1;2022;False;3
RA-659;2022;Aluno-659;F;10,0;2012,0;2022;0;Pública;;U;1,0;2,0;-1,0;True;Moderada (1);7,783;Ametista;8,0;7,8;7,5;;9,3;8,333;5,0;9,5;9,0;;2,0;208;51;3;False;False;-1;2022;False;1
RA-66;2022;Aluno-66;F;17,0;2005,0;2022;0;Pública;;B;5,0;7,0;-2,0;True;Alta (2);5,665;Quartzo;7,5;5,6;7,5;;4,5;5,917;5,0;3,0;6,0;;3,0;768;50;15;False;False;-2;2022;False;1
RA-660;2022;Aluno-660;F;9,0;2013,0;2021;1;Pública;;U;1,0;1,0;0,0;False;Adequado;8,363;Topázio;9,5;9,0;7,5;;6,9;9,083;10,0;5,8;8,0;;2,0;50;7;1;True;False;0;2021;False;1
RA-661;2022;Aluno-661;M;11,0;2011,0;2022;0;Pública;;U;1,0;2,0;-1,0;True;Moderada (1);7,593;Ametista;9,0;8,3;7,5;;7,8;7,917;5,0;8,3;7,3;;2,0;274;72;4;False;False;-1;2022;False;2
RA-661;2023;Aluno-661;M;11,0;2011,0;2022;1;Pública;;2M;2,0;2,0;0,0;False;Adequado;6,846333333;Ágata;0,0;7,7;6,89;7,5;6,5;7,836666667;10,0;4,3;8,7;;3,0;;;;;;0;2022;False;2
RA-662;2022;Aluno-662;F;11,0;2011,0;2022;0;Pública;;U;1,0;2,0;-1,0;True;Moderada (1);7,044;Ametista;9,0;8,8;7,5;;6,8;6,083;5,0;5,7;7,8;;2,0;473;122;9;False;False;-1;2022;False;3
RA-662;2023;Aluno-662;F;12,0;2011,0;2022;1;Pública;;2U;2,0;3,0;-1,0;True;Moderada (1);6,733566667;Ágata;6,8;7,6;6,27;7,291666667;6,7;6,72;5,0;4,3;9,0;;3,0;;;;;;-1;2022;False;3
RA-662;2024;Aluno-662;F;13,0;2011,0;2022;2;Pública;EM Cecilia Cristina de Oliveira Rodrigues;3M;3,0;3,0;0,0;False;Adequado;7,107477855466668;Ametista;7,917;7,610722610666666;7,51;7,625;4,166666666666667;7,234;10,0;4,5;5,0;3,0;5,0;;;;;;0;2022;False;3
RA-663;2022;Aluno-663;M;10,0;2012,0;2022;0;Pública;;U;1,0;2,0;-1,0;True;Moderada (1);6,376;Ágata;6,9;8,7;7,5;;5,8;5,25;5,0;5,0;6,5;;2,0;665;161;11;False;False;-1;2022;False;3
RA-663;2023;Aluno-663;M;11,0;2012,0;2022;1;Pública;;1L;1,0;2,0;-1,0;True;Moderada (1);6,969133333;Ágata;6,9;7,4;7,52;6,666666667;7,0;7,393333333;5,0;6,7;7,3;;3,0;;;;;;-1;2022;False;3
RA-663;2024;Aluno-663;M;12,0;2012,0;2022;2;Pública;EE Maria André Schunck Dona;2L;2,0;3,0;-1,0;True;Moderada (1);6,696419461700001;Ágata;8,502;7,0910973085;5,625;6,875;6,5;6,89;5,0;6,0;7,0;;3,0;;;;;;-1;2022;False;3
RA-664;2022;Aluno-664;F;10,0;2012,0;2022;0;Pública;;U;1,0;2,0;-1,0;True;Moderada (1);7,277;Ametista;9,5;8,8;7,5;;6,3;7,167;5,0;5,0;7,5;;2,0;405;105;8;False;False;-1;2022;False;3
RA-664;2023;Aluno-664;F;11,0;2012,0;2022;1;Pública;;1L;1,0;2,0;-1,0;True;Moderada (1);8,0872;Topázio;9,0;9,6;7,52;7,916666667;8,0;8,116666667;5,0;8,0;8,0;;3,0;;;;;;-1;2022;False;3
RA-664;2024;Aluno-664;F;12,0;2012,0;2022;2;Pública;EE Donizetti Aparecido Leite Professor;2N;2,0;2,0;0,0;False;Adequado;7,5017244089;Ametista;9,002;6,7734553775;7,51;8,125;5,75;7,666666667;10,0;3,0;8,5;;3,0;;;;;;0;2022;False;3
RA-665;2022;Aluno-665;F;11,0;2011,0;2022;0;Pública;;U;1,0;2,0;-1,0;True;Moderada (1);6,996;Ágata;9,0;7,4;7,5;;6,8;7,25;5,0;6,5;7,0;;2,0;488;128;10;False;False;-1;2022;False;3
RA-665;2023;Aluno-665;F;11,0;2011,0;2022;1;Pública;;1M;1,0;2,0;-1,0;True;Moderada (1);6,185658333;Ágata;9,5;4,9;2,52;8,28125;5,2;8,226666667;5,0;5,0;5,3;;3,0;;;;;;-1;2022;False;3
RA-665;2024;Aluno-665;F;12,0;2011,0;2022;2;Pública;EE Donizetti Aparecido Leite Professor;2M;2,0;3,0;-1,0;True;Moderada (1);5,698703030200001;Quartzo;8,334;5,068181818;5,63;7,5;4,75;5,443333333;5,0;3,0;6,5;;3,0;;;;;;-1;2022;False;3
RA-666;2022;Aluno-666;M;10,0;2012,0;2022;0;Pública;;U;1,0;2,0;-1,0;True;Moderada (1);7,929;Ametista;9,5;9,1;7,5;;7,8;8,833;5,0;8,0;7,5;;2,0;160;39;2;True;False;-1;2022;False;3
RA-666;2023;Aluno-666;M;11,0;2012,0;2022;1;Pública;;2U;2,0;2,0;0,0;False;Adequado;8,720366667;Topázio;9,5;9,1;7,52;8,541666667;7,1;9,62;10,0;6,7;7,5;;3,0;;;;;;0;2022;False;3
RA-666;2024;Aluno-666;M;12,0;2012,0;2022;2;Pública;EE Maria André Schunck Dona;3L;3,0;3,0;0,0;False;Adequado;8,185838802933334;Topázio;10,002;7,881527348;7,51;7,5;7,166666666666667;8,375;10,0;10,0;5,5;6,0;4,0;;;;;;0;2022;False;3
RA-667;2022;Aluno-667;M;11,0;2011,0;2021;1;Pública;;U;1,0;2,0;-1,0;True;Moderada (1);5,844;Quartzo;8,5;5,6;7,5;;4,5;5,833;5,0;3,7;5,3;;2,0;747;177;12;False;False;-1;2021;False;3
RA-667;2023;Aluno-667;M;12,0;2011,0;2021;2;Pública;;2U;2,0;3,0;-1,0;True;Moderada (1);6,774866667;Ágata;9,0;6,9;6,89;7,083333333;5,2;7,836666667;5,0;3,0;7,3;;3,0;;;;;;-1;2021;False;3
RA-667;2024;Aluno-667;M;13,0;2011,0;2021;3;Pública;EM Cecilia Cristina de Oliveira Rodrigues;3M;3,0;3,0;0,0;False;Adequado;7,177130604266668;Ametista;9,168;7,038986354666666;7,51;7,75;4,666666666666667;6,966;10,0;5,5;4,5;4,0;5,0;;;;;;0;2021;False;3
RA-668;2022;Aluno-668;M;11,0;2011,0;2022;0;Pública;;U;1,0;2,0;-1,0;True;Moderada (1);4,365;Quartzo;6,9;3,3;7,5;;2,8;3,75;5,0;2,8;2,8;;2,0;845;192;13;False;False;-1;2022;False;2
RA-668;2023;Aluno-668;M;12,0;2011,0;2022;1;Pública;;2K;2,0;3,0;-1,0;True;Moderada (1);6,017933333;Ágata;6,3;6,3;7,52;6,875;3,4;7,616666667;5,0;2,7;4,0;;3,0;;;;;;-1;2022;False;2
RA-669;2022;Aluno-669;M;11,0;2011,0;2022;0;Pública;;U;1,0;2,0;-1,0;True;Moderada (1);7,475;Ametista;9,0;9,7;7,5;;6,0;7,833;5,0;5,0;7,0;;2,0;326;85;5;False;False;-1;2022;False;3
RA-669;2023;Aluno-669;M;11,0;2011,0;2022;1;Pública;;2U;2,0;2,0;0,0;False;Adequado;7,345033333;Ametista;8,5;7,8;7,52;7,708333333;5,0;7,06;10,0;3,3;6,7;;3,0;;;;;;0;2022;False;3
RA-669;2024;Aluno-669;M;12,0;2011,0;2022;2;Pública;EE Maria André Schunck Dona;3K;3,0;3,0;0,0;False;Adequado;6,6438703703;Ágata;7,5;4,851851851666666;7,51;7,291666667;5,333333333333333;6,883333333;10,0;5,0;6,0;5,0;3,0;;;;;;0;2022;False;3
RA-67;2022;Aluno-67;F;16,0;2006,0;2019;3;Pública;;C;5,0;6,0;-1,0;True;Moderada (1);5,195;Quartzo;5,8;3,0;7,5;;3,6;6,889;5,0;3,0;4,2;3,5;4,0;812;56;6;False;False;-1;2019;False;1
RA-670;2022;Aluno-670;F;10,0;2012,0;2022;0;Pública;;U;1,0;2,0;-1,0;True;Moderada (1);7,451;Ametista;8,0;8,8;7,5;;6,9;8,167;5,0;6,5;7,3;;2,0;335;88;6;False;False;-1;2022;False;3
RA-670;2023;Aluno-670;F;11,0;2012,0;2022;1;Pública;;2U;2,0;2,0;0,0;False;Adequado;8,6067;Topázio;9,5;8,7;7,52;8,958333333;7,0;9,343333333;10,0;5,8;8,2;;3,0;;;;;;0;2022;False;3
RA-670;2024;Aluno-670;F;12,0;2012,0;2022;2;Privada - Apadrinhamento;Colégio Arco Íris Evolução;3U;3,0;2,0;1,0;False;Adiantado;8,8602539683;Topázio;9,585;9,441269841333334;7,51;8,958333333;8,666666666666666;8,166666667;10,0;9,0;7,0;10,0;3,0;;;;;;1;2022;False;3
RA-671;2022;Aluno-671;M;9,0;2013,0;2021;1;Pública;;A;0,0;1,0;-1,0;True;Moderada (1);7,617;Ametista;8,5;8,2;8,1;;8,8;7,417;5,0;8,8;8,8;;2,0;269;75;4;False;False;-1;2021;False;2
RA-671;2023;Aluno-671;M;10,0;2013,0;2021;2;Pública;;ALFA G - G2/G3;0,0;2,0;-2,0;True;Alta (2);6,5143;Ágata;7,9;8,3;3,14;5,625;7,8;5,68;5,0;8,0;7,5;;2,0;;;;;;-2;2021;False;2
RA-672;2022;Aluno-672;F;9,0;2013,0;2021;1;Pública;;A;0,0;1,0;-1,0;True;Moderada (1);7,48;Ametista;8,5;8,5;8,1;;8,8;6,75;5,0;8,5;9,1;;2,0;323;96;6;False;False;-1;2021;False;3
RA-672;2023;Aluno-672;F;10,0;2013,0;2021;2;Pública;;ALFA J - G2/G3;0,0;2,0;-2,0;True;Alta (2);6,5623;Ágata;7,9;9,5;2,52;5,625;6,4;6,43;5,0;6,0;6,7;;2,0;;;;;;-2;2021;False;3
RA-672;2024;Aluno-672;F;11,0;2013,0;2021;3;Pública;EM Etelvina Delfim Simões;1H;1,0;2,0;-1,0;True;Moderada (1);4,2118138341;Quartzo;7,918;3,95256917;6,26;6,041666667;0,0;4,496666667;5,0;0,0;0,0;;3,0;;;;;;-1;2021;False;3
RA-673;2022;Aluno-673;F;8,0;2014,0;2022;0;Pública;;A;0,0;0,0;0,0;False;Adequado;8,65;Topázio;8,5;9,2;8,1;;9,2;8,583;10,0;9,4;8,9;;2,0;21;2;1;True;True;0;2022;False;1
RA-674;2022;Aluno-674;M;8,0;2014,0;2022;0;Pública;;A;0,0;0,0;0,0;False;Adequado;7,862;Ametista;9,5;8,7;8,1;;8,0;6,333;10,0;8,9;7,0;;2,0;181;50;3;False;False;0;2022;False;2
RA-674;2023;Aluno-674;M;9,0;2014,0;2022;1;Pública;;ALFA T - G2/G3;0,0;1,0;-1,0;True;Moderada (1);6,6328;Ágata;7,9;8,5;3,77;5,0;5,2;8,67;5,0;5,3;5,0;;2,0;;;;;;-1;2022;False;2
RA-675;2022;Aluno-675;M;8,0;2014,0;2022;0;Pública;;A;0,0;0,0;0,0;False;Adequado;7,576;Ametista;10,0;6,6;8,1;;7,4;7,083;10,0;8,8;5,9;;2,0;284;79;5;False;True;0;2022;False;2
RA-675;2023;Aluno-675;M;8,0;2014,0;2022;1;Pública;;ALFA D - G2/G3;0,0;0,0;0,0;False;Adequado;8,3577;Topázio;10,0;8,0;7,52;6,875;8,3;8,34;10,0;8,5;8,0;;2,0;;;;;;0;2022;False;2
RA-676;2022;Aluno-676;M;9,0;2013,0;2021;1;Pública;;A;0,0;1,0;-1,0;True;Moderada (1);7,911;Ametista;8,5;8,6;8,1;;9,3;8,167;5,0;9,5;9,1;;2,0;165;44;2;False;True;-1;2021;False;1
RA-677;2022;Aluno-677;F;8,0;2014,0;2021;1;Pública;;B;0,0;0,0;0,0;False;Adequado;8,358;Topázio;10,0;9,4;7,5;;7,3;8,583;10,0;7,7;6,8;;2,0;52;13;1;True;False;0;2021;False;2
RA-677;2023;Aluno-677;F;9,0;2014,0;2021;2;Pública;;ALFA T - G2/G3;0,0;1,0;-1,0;True;Moderada (1);8,5257;Topázio;10,0;8,2;10,0;6,875;8,7;9,84;5,0;9,0;8,3;;2,0;;;;;;-1;2021;False;2
RA-678;2022;Aluno-678;M;9,0;2013,0;2022;0;Pública;;B;0,0;1,0;-1,0;True;Moderada (1);8,0;Ametista;9,0;10,0;6,9;;7,3;9,5;5,0;7,5;7,0;;2,0;143;40;2;True;False;-1;2022;False;2
RA-678;2023;Aluno-678;M;10,0;2013,0;2022;1;Pública;;1B;1,0;2,0;-1,0;True;Moderada (1);7,570158333;Ametista;8,0;8,8;6,27;7,65625;7,3;8,336666667;5,0;6,8;7,7;;3,0;;;;;;-1;2022;False;2
RA-679;2022;Aluno-679;M;10,0;2012,0;2020;2;Pública;;B;0,0;2,0;-2,0;True;Alta (2);7,172;Ametista;9,0;8,2;7,5;;6,3;7,833;5,0;6,7;5,8;;2,0;441;129;6;False;False;-2;2020;False;2
RA-679;2023;Aluno-679;M;11,0;2012,0;2020;3;Pública;;1J;1,0;2,0;-1,0;True;Moderada (1);6,138366667;Ágata;7,5;7,5;5,02;6,875;3,6;7,393333333;5,0;2,0;5,2;;3,0;;;;;;-1;2020;False;2
RA-68;2022;Aluno-68;M;16,0;2006,0;2019;3;Pública;;C;5,0;6,0;-1,0;True;Moderada (1);6,438;Ágata;8,3;6,0;7,5;;4,0;7,944;5,0;4,7;4,8;2,7;4,0;653;40;2;False;True;-1;2019;False;1
RA-680;2022;Aluno-680;F;10,0;2012,0;2019;3;Pública;;B;0,0;2,0;-2,0;True;Alta (2);7,518;Ametista;9,5;8,8;7,5;;7,4;7,75;5,0;8,0;6,8;;2,0;302;85;4;False;False;-2;2019;True;3
RA-680;2023;Aluno-680;F;11,0;2012,0;2019;4;Pública;;1B;1,0;2,0;-1,0;True;Moderada (1);6,5855;Ágata;0,0;9,1;7,52;6,875;6,4;7,78;5,0;5,2;7,5;;3,0;;;;;;-1;2019;True;3
RA-680;2024;Aluno-680;F;12,0;2012,0;2019;5;Pública;EE Leonice de Aquino Oliveira;2A;2,0;3,0;-1,0;True;Moderada (1);4,9800714287000005;Quartzo;0,0;6,6428571430000005;5,635;6,666666667;3,0;6,606666667;5,0;2,5;3,5;;3,0;;;;;;-1;2021;True;3
RA-681;2022;Aluno-681;M;10,0;2012,0;2022;0;Pública;;B;0,0;2,0;-2,0;True;Alta (2);7,204;Ametista;8,5;8,5;6,9;;6,5;8,0;5,0;6,5;6,5;;2,0;427;128;5;False;False;-2;2022;False;3
RA-681;2023;Aluno-681;M;10,0;2012,0;2022;1;Pública;;ALFA E - G2/G3;0,0;2,0;-2,0;True;Alta (2);6,2955;Ágata;0,0;7,8;3,77;5,625;8,3;8,18;5,0;8,8;7,8;;2,0;;;;;;-2;2022;False;3
RA-681;2024;Aluno-681;M;11,0;2012,0;2022;2;Privada;João Friaza Colégio;1C;1,0;2,0;-1,0;True;Moderada (1);6,0398818182000005;Ágata;9,502;7,840909091;6,26;5,625;2,5;6,665;5,0;5,0;0,0;;2,0;;;;;;-1;2022;False;3
RA-682;2022;Aluno-682;M;11,0;2011,0;2022;0;Pública;;B;0,0;2,0;-2,0;True;Alta (2);7,625;Ametista;9,5;9,1;7,5;;7,0;8,083;5,0;7,0;7,0;;2,0;262;74;3;False;False;-2;2022;False;1
RA-683;2022;Aluno-683;M;10,0;2012,0;2022;0;Pública;;C;0,0;2,0;-2,0;True;Alta (2);6,011;Ágata;7,9;5,0;7,5;;4,0;8,083;5,0;8,0;0,0;;2,0;728;180;3;False;False;-2;2022;False;1
RA-684;2022;Aluno-684;M;7,0;2015,0;2022;0;Pública;;C;0,0;0,0;0,0;False;Adequado;8,26;Topázio;9,5;7,5;8,1;;9,3;7,917;10,0;9,0;9,6;;2,0;72;19;1;False;False;0;2022;False;3
RA-684;2023;Aluno-684;M;8,0;2015,0;2022;1;Privada;;ALFA D - G2/G3;0,0;0,0;0,0;False;Adequado;7,4277;Ametista;9,0;8,1;7,52;6,875;6,5;5,84;10,0;8,3;4,7;;2,0;;;;;;0;2022;False;3
RA-684;2024;Aluno-684;M;9,0;2015,0;2022;2;Privada;Recanto Betânia Centro Educacional;1C;1,0;1,0;0,0;False;Adequado;7,769381818200001;Ametista;10,002;9,090909091;7,51;7,5;4,25;8,0;10,0;2,5;6,0;;2,0;;;;;;0;2022;False;3
RA-685;2022;Aluno-685;M;9,0;2013,0;2022;0;Pública;;C;0,0;1,0;-1,0;True;Moderada (1);6,864;Ágata;9,0;6,2;5,0;;8,0;7,833;5,0;8,0;8,0;;2,0;533;152;2;False;False;-1;2022;False;1
RA-686;2022;Aluno-686;F;9,0;2013,0;2022;0;Pública;;D;0,0;1,0;-1,0;True;Moderada (1);7,729;Ametista;7,5;8,6;8,1;;8,8;8,083;5,0;9,2;8,5;;2,0;227;62;5;False;False;-1;2022;False;3
RA-686;2023;Aluno-686;F;10,0;2013,0;2022;1;Pública;;1C;1,0;2,0;-1,0;True;Moderada (1);7,9642;Ametista;8,5;9,0;7,52;7,5;8,0;8,56;5,0;7,3;8,7;;3,0;;;;;;-1;2022;False;3
RA-686;2024;Aluno-686;F;11,0;2013,0;2022;2;Pública;EE Joaquim Mendes Feliz;2C;2,0;2,0;0,0;False;Adequado;8,040259523700001;Topázio;8,002;8,7857142855;6,885;8,4375;7,25;7,503333333;10,0;5,0;9,5;;3,0;;;;;;0;2022;False;3
RA-687;2022;Aluno-687;M;9,0;2013,0;2022;0;Pública;;D;0,0;1,0;-1,0;True;Moderada (1);7,703;Ametista;8,5;9,0;8,1;;8,3;8,0;5,0;9,0;7,5;;2,0;233;63;6;False;False;-1;2022;False;3
RA-687;2023;Aluno-687;M;10,0;2013,0;2022;1;Pública;;1A;1,0;2,0;-1,0;True;Moderada (1);7,617533333;Ametista;8,0;9,0;7,52;7,5;6,9;8,226666667;5,0;6,7;7,0;;3,0;;;;;;-1;2022;False;3
RA-687;2024;Aluno-687;M;11,0;2013,0;2022;2;Pública;EE Paschoal Carlos Magno;2D;2,0;2,0;0,0;False;Adequado;8,2739844611;Topázio;7,502;9,2355889725;7,51;8,75;7,25;8,003333333;10,0;6,5;8,0;;3,0;;;;;;0;2022;False;3
RA-688;2022;Aluno-688;M;9,0;2013,0;2022;0;Pública;;D;0,0;1,0;-1,0;True;Moderada (1);7,771;Ametista;8,5;9,7;7,5;;7,9;7,917;5,0;8,0;7,8;;2,0;212;56;4;False;False;-1;2022;False;3
RA-688;2023;Aluno-688;M;10,0;2013,0;2022;1;Pública;;1A;1,0;2,0;-1,0;True;Moderada (1);8,0442;Topázio;8,5;9,3;7,52;7,5;8,6;8,06;5,0;8,2;9,0;;3,0;;;;;;-1;2022;False;3
RA-688;2024;Aluno-688;M;11,0;2013,0;2022;2;Pública;EE Dom Pedro Villas Boas de Souza;2B;2,0;2,0;0,0;False;Adequado;8,986533333300002;Topázio;9,502;10,0;8,13;8,333333333;7,5;9,45;10,0;6,0;9,0;;3,0;;;;;;0;2022;False;3
RA-689;2022;Aluno-689;F;9,0;2013,0;2022;0;Pública;;D;0,0;1,0;-1,0;True;Moderada (1);6,433;Ágata;7,4;7,9;5,6;;5,8;6,667;5,0;6,0;5,5;;2,0;655;172;9;False;False;-1;2022;False;1
RA-69;2022;Aluno-69;M;16,0;2006,0;2018;4;Pública;;C;5,0;6,0;-1,0;True;Moderada (1);5,718;Quartzo;8,3;6,1;7,5;;2,5;6,167;5,0;4,7;2,6;0,3;4,0;756;47;3;False;False;-1;2018;False;1
RA-690;2022;Aluno-690;F;9,0;2013,0;2022;0;Pública;;D;0,0;1,0;-1,0;True;Moderada (1);7,541;Ametista;9,5;9,5;7,5;;7,0;7,417;5,0;7,2;6,8;;2,0;294;83;8;False;False;-1;2022;False;3
RA-690;2023;Aluno-690;F;10,0;2013,0;2022;1;Pública;;ALFA D - G2/G3;0,0;2,0;-2,0;True;Alta (2);8,6112;Topázio;9,0;9,8;6,89;7,5;9,1;10,01;5,0;9,3;8,8;;2,0;;;;;;-2;2022;False;3
RA-690;2024;Aluno-690;F;11,0;2013,0;2022;2;Pública;EE Dom Pedro Villas Boas de Souza;1E;1,0;2,0;-1,0;True;Moderada (1);7,3853681818;Ametista;7,918;8,409090909;7,51;8,4375;6,25;7,835;5,0;7,5;5,0;;2,0;;;;;;-1;2022;False;3
RA-691;2022;Aluno-691;F;8,0;2014,0;2022;0;Pública;;D;0,0;0,0;0,0;False;Adequado;8,68;Topázio;10,0;9,2;8,1;;9,4;7,917;10,0;9,6;9,3;;2,0;16;1;1;False;False;0;2022;False;1
RA-692;2022;Aluno-692;F;9,0;2013,0;2021;1;Pública;;D;0,0;1,0;-1,0;True;Moderada (1);7,569;Ametista;9,5;8,9;8,1;;6,9;7,917;5,0;7,0;6,8;;2,0;285;80;7;False;False;-1;2021;False;2
RA-692;2023;Aluno-692;F;10,0;2013,0;2021;2;Privada;;1C;1,0;2,0;-1,0;True;Moderada (1);6,588466667;Ágata;7,4;7,7;7,52;6,666666667;4,6;7,39;5,0;2,8;6,3;;3,0;;;;;;-1;2021;False;2
RA-693;2022;Aluno-693;F;7,0;2015,0;2022;0;Pública;;D;0,0;0,0;0,0;False;Adequado;7,944;Ametista;9,5;9,8;8,1;;5,7;7,667;10,0;5,0;6,3;;2,0;158;43;3;False;False;0;2022;False;3
RA-693;2023;Aluno-693;F;8,0;2015,0;2022;1;Pública;;ALFA D - G2/G3;0,0;0,0;0,0;False;Adequado;9,0112;Topázio;10,0;9,4;6,89;7,5;8,5;10,01;10,0;8,2;8,7;;2,0;;;;;;0;2022;False;3
RA-693;2024;Aluno-693;F;9,0;2015,0;2022;2;Pública;EE Dom Pedro Villas Boas de Souza;1C;1,0;1,0;0,0;False;Adequado;8,9079954545;Topázio;10,002;9,5227272725;9,38;7,8125;8,0;8,42;10,0;8,0;8,0;;2,0;;;;;;0;2022;False;3
RA-694;2022;Aluno-694;M;8,0;2014,0;2022;0;Pública;;D;0,0;0,0;0,0;False;Adequado;8,378;Topázio;10,0;9,0;8,1;;8,1;7,917;10,0;8,2;8,0;;2,0;49;11;2;False;False;0;2022;False;1
RA-695;2022;Aluno-695;F;8,0;2014,0;2021;1;Pública;;E;0,0;0,0;0,0;False;Adequado;4,28;Quartzo;9,0;3,1;7,5;;2,5;2,5;10,0;2,2;2,8;;2,0;849;189;5;False;False;0;2021;False;1
RA-696;2022;Aluno-696;F;9,0;2013,0;2021;1;Pública;;E;0,0;1,0;-1,0;True;Moderada (1);7,441;Ametista;8,5;9,0;7,5;;6,6;8,167;5,0;6,5;6,7;;2,0;338;98;2;False;False;-1;2021;False;3
RA-696;2023;Aluno-696;F;9,0;2013,0;2021;2;Pública;;1A;1,0;1,0;0,0;False;Adequado;7,172666667;Ametista;0,0;9,4;5,02;7,5;6,7;8,503333333;10,0;5,2;8,2;;3,0;;;;;;0;2021;False;3
RA-696;2024;Aluno-696;F;10,0;2013,0;2021;3;Pública;EE Dom Pedro Villas Boas de Souza;2B;2,0;2,0;0,0;False;Adequado;7,482680952299999;Ametista;7,418;7,845238095;7,51;7,708333333;5,25;8,0;10,0;5,0;5,5;;3,0;;;;;;0;2021;False;3
RA-697;2022;Aluno-697;M;11,0;2011,0;2021;1;Pública;;E;0,0;2,0;-2,0;True;Alta (2);7,675;Ametista;7,0;9,3;7,5;;8,4;8,083;5,0;8,8;8,0;;2,0;246;67;1;False;False;-2;2021;False;1
RA-698;2022;Aluno-698;M;9,0;2013,0;2021;1;Pública;;E;0,0;1,0;-1,0;True;Moderada (1);7,44;Ametista;9,0;9,8;2,5;;8,1;8,083;5,0;8,0;8,2;;2,0;339;99;3;False;False;-1;2021;False;3
RA-698;2023;Aluno-698;M;9,0;2013,0;2021;2;Pública;;1B;1,0;1,0;0,0;False;Adequado;7,553616667;Ametista;8,5;9,9;2,52;7,1875;5,7;8,113333333;10,0;4,3;7,0;;3,0;;;;;;0;2021;False;3
RA-698;2024;Aluno-698;M;10,0;2013,0;2021;3;Pública;EE Dom Pedro Villas Boas de Souza;2A;2,0;2,0;0,0;False;Adequado;7,3363190476;Ametista;9,002;8,3214285715;6,88;7,291666667;4,5;7,273333333;10,0;3,0;6,0;;3,0;;;;;;0;2021;False;3
RA-699;2022;Aluno-699;M;9,0;2013,0;2022;0;Pública;;E;0,0;1,0;-1,0;True;Moderada (1);6,658;Ágata;5,2;9,2;7,5;;7,1;6,0;5,0;7,5;6,7;;2,0;603;165;4;False;False;-1;2022;False;3
RA-699;2023;Aluno-699;M;10,0;2013,0;2022;1;Pública;;1A;1,0;2,0;-1,0;True;Moderada (1);6,389991667;Ágata;8,5;8,3;3,77;5,78125;6,0;6,173333333;5,0;5,7;6,2;;3,0;;;;;;-1;2022;False;3
RA-699;2024;Aluno-699;M;11,0;2013,0;2022;2;Pública;EE Dom Pedro Villas Boas de Souza;1A;1,0;2,0;-1,0;True;Moderada (1);6,427771212000001;Ágata;6,334;7,727272727000001;6,26;6,5625;6,5;5,833333333;5,0;7,0;6,0;;3,0;;;;;;-1;2022;False;3
RA-7;2022;Aluno-7;M;18,0;2004,0;2017;5;Privada - Parceira;;A;7,0;8,0;-1,0;True;Moderada (1);6,818;Ágata;0,0;8,4;7,5;;7,6;7,667;5,0;8,2;5,7;9,0;4,0;550;11;5;False;False;-1;2017;True;3
RA-7;2023;Aluno-7;M;19,0;2004,0;2017;6;Privada - Bolsa 100%;;8E;8,0;8,0;0,0;False;Adequado;;;;;;;;;10,0;;;;;;;;;;0;2017;True;3
RA-7;2024;Aluno-7;M;20,0;2004,0;2017;7;Privada - Bolsa 100%;Universidade Santo Amaro (UNISA);8E;8,0;8,0;0,0;False;Adequado;;;;0,0;;;;;10,0;;;;0,0;;;;;;0;2021;True;3
RA-70;2022;Aluno-70;F;16,0;2006,0;2017;5;Pública;;C;5,0;6,0;-1,0;True;Moderada (1);5,712;Quartzo;8,8;6,6;5,0;;2,9;6,111;5,0;5,7;2,9;0,2;4,0;757;48;4;False;False;-1;2017;False;2
RA-70;2023;Aluno-70;F;17,0;2006,0;2017;6;Pública;;5C;5,0;7,0;-2,0;True;Alta (2);6,869133333;Ágata;9,2;9,2;5,0;7,5;4,3;7,545;5,0;3,0;3,5;6,3;4,0;;;;;;-2;2017;False;2
RA-700;2022;Aluno-700;F;9,0;2013,0;2022;0;Pública;;F;0,0;1,0;-1,0;True;Moderada (1);7,738;Ametista;9,0;8,7;7,5;;9,2;7,083;5,0;9,2;9,2;;2,0;224;60;2;False;False;-1;2022;False;3
RA-700;2023;Aluno-700;F;9,0;2013,0;2022;1;Pública;;ALFA J - G2/G3;0,0;1,0;-1,0;True;Moderada (1);8,2852;Topázio;9,5;9,7;7,52;6,25;7,8;9,84;5,0;7,5;8,0;;2,0;;;;;;-1;2022;False;3
RA-700;2024;Aluno-700;F;11,0;2013,0;2022;2;Pública;EM Maria Ignez Concelles Irma Ines;1G;1,0;2,0;-1,0;True;Moderada (1);7,005745454500001;Ametista;8,502;9,564393939;5,635;7,291666667;5,25;7,0;5,0;5,0;5,5;;3,0;;;;;;-1;2022;False;3
RA-701;2022;Aluno-701;M;10,0;2012,0;2021;1;Pública;;F;0,0;2,0;-2,0;True;Alta (2);7,755;Ametista;9,0;9,3;7,5;;8,7;7,417;5,0;8,7;8,7;;2,0;215;57;1;False;False;-2;2021;False;2
RA-701;2023;Aluno-701;M;11,0;2012,0;2021;2;Pública;;ALFA J - G2/G3;0,0;2,0;-2,0;True;Alta (2);7,3982;Ametista;9,5;9,9;3,77;6,25;7,2;7,68;5,0;7,3;7,0;;2,0;;;;;;-2;2021;False;2
RA-702;2022;Aluno-702;F;8,0;2014,0;2022;0;Pública;;F;0,0;0,0;0,0;False;Adequado;7,387;Ametista;10,0;8,6;5,0;;6,8;7,0;10,0;7,0;6,7;;2,0;366;110;5;False;False;0;2022;False;3
RA-702;2023;Aluno-702;F;9,0;2014,0;2022;1;Pública;;ALFA F - G0/G1;0,0;1,0;-1,0;True;Moderada (1);8,239866667;Topázio;10,0;10,0;5,63;7,5;9,3;7,833333333;5,0;9,3;9,3;;2,0;;;;;;-1;2022;False;3
RA-702;2024;Aluno-702;F;10,0;2014,0;2022;2;Pública;EM Maria Ignez Concelles Irma Ines;ALFA G - G2/G3;0,0;2,0;-2,0;True;Alta (2);7,665116666600001;Ametista;9,002;9,75;2,51;7,8125;9,25;7,163333333;5,0;10,0;8,5;;3,0;;;;;;-2;2022;False;3
RA-703;2022;Aluno-703;M;10,0;2012,0;2021;1;Pública;;F;0,0;2,0;-2,0;True;Alta (2);6,099;Ágata;7,5;7,4;5,0;;5,1;6,833;5,0;5,3;4,8;;2,0;710;177;9;False;False;-2;2021;False;2
RA-703;2023;Aluno-703;M;11,0;2012,0;2021;2;Pública;;ALFA T - G2/G3;0,0;2,0;-2,0;True;Alta (2);6,2737;Ágata;9,5;8,4;3,14;6,875;4,6;6,16;5,0;4,8;4,3;;2,0;;;;;;-2;2021;False;2
RA-704;2022;Aluno-704;M;10,0;2012,0;2022;0;Pública;;F;0,0;2,0;-2,0;True;Alta (2);6,741;Ágata;9,0;8,6;5,0;;7,2;6,583;5,0;7,7;6,6;;2,0;572;160;7;False;False;-2;2022;False;3
RA-704;2023;Aluno-704;M;11,0;2012,0;2022;1;Pública;;ALFA J - G2/G3;0,0;2,0;-2,0;True;Alta (2);6,8297;Ágata;10,0;9,9;3,14;5,625;6,1;6,265;5,0;6,5;5,7;;2,0;;;;;;-2;2022;False;3
RA-704;2024;Aluno-704;M;12,0;2012,0;2022;2;Pública;EE João Ortiz Rodrigues;1H;1,0;2,0;-1,0;True;Moderada (1);6,8121156785000005;Ágata;7,502;8,646245059;5,635;6,458333333;6,5;6,616666667;5,0;6,0;7,0;;3,0;;;;;;-1;2022;False;3
RA-705;2022;Aluno-705;M;10,0;2012,0;2022;0;Pública;;F;0,0;2,0;-2,0;True;Alta (2);6,634;Ágata;9,5;6,2;7,5;;7,1;6,333;5,0;7,0;7,2;;2,0;614;168;8;False;False;-2;2022;False;3
RA-705;2023;Aluno-705;M;10,0;2012,0;2022;1;Pública;;ALFA V - G0/G1;0,0;2,0;-2,0;True;Alta (2);6,982;Ágata;0,0;8,3;6,89;7,5;8,8;8,165;5,0;8,9;8,6;;2,0;;;;;;-2;2022;False;3
RA-705;2024;Aluno-705;M;12,0;2012,0;2022;2;Pública;EE João Ortiz Rodrigues;1H;1,0;2,0;-1,0;True;Moderada (1);5,294247619100001;Quartzo;9,002;6,4285714285;5,005;5,625;3,5;4,226666667;5,0;2,0;5,0;;3,0;;;;;;-1;2022;False;3
RA-706;2022;Aluno-706;F;10,0;2012,0;2021;1;Pública;;F;0,0;2,0;-2,0;True;Alta (2);7,659;Ametista;9,5;6,7;7,5;;9,1;8,417;5,0;9,1;9,1;;2,0;252;69;4;True;False;-2;2021;False;3
RA-706;2023;Aluno-706;F;10,0;2012,0;2021;2;Pública;;ALFA G - G2/G3;0,0;2,0;-2,0;True;Alta (2);7,1527;Ametista;9,0;7,8;4,39;6,875;7,3;8,08;5,0;6,7;7,8;;2,0;;;;;;-2;2021;False;3
RA-706;2024;Aluno-706;F;11,0;2012,0;2021;3;Pública;EE João Ortiz Rodrigues;2G;2,0;2,0;0,0;False;Adequado;5,8701964286;Quartzo;0,0;7,1428571430000005;6,26;7,65625;3,25;7,0;10,0;3,0;3,5;;4,0;;;;;;0;2021;False;3
RA-707;2022;Aluno-707;F;10,0;2012,0;2020;2;Pública;;F;0,0;2,0;-2,0;True;Alta (2);7,679;Ametista;10,0;8,1;6,9;;8,5;8,083;5,0;8,8;8,2;;2,0;241;64;3;False;False;-2;2020;True;3
RA-707;2023;Aluno-707;F;11,0;2012,0;2020;3;Pública;;1H;1,0;2,0;-1,0;True;Moderada (1);6,518;Ágata;0,0;9,8;3,77;7,916666667;6,5;7,946666667;5,0;5,5;7,5;;3,0;;;;;;-1;2020;True;3
RA-707;2024;Aluno-707;F;12,0;2012,0;2020;4;Pública;EE João Ortiz Rodrigues;2G;2,0;3,0;-1,0;True;Moderada (1);6,4975618421000005;Ágata;7,917;7,7236842105;4,375;6,40625;6,5;6,415;5,0;7,0;6,0;;4,0;;;;;;-1;2021;True;3
RA-708;2022;Aluno-708;M;9,0;2013,0;2022;0;Pública;;F;0,0;1,0;-1,0;True;Moderada (1);7,282;Ametista;8,0;8,4;7,5;;7,3;7,583;5,0;7,1;7,6;;2,0;400;117;6;False;False;-1;2022;False;2
RA-708;2023;Aluno-708;M;9,0;2013,0;2022;1;Pública;;ALFA F - G0/G1;0,0;1,0;-1,0;True;Moderada (1);7,5105;Ametista;0,0;9,8;7,52;8,125;9,2;8,28;5,0;8,8;9,5;;2,0;;;;;;-1;2022;False;2
RA-709;2022;Aluno-709;F;10,0;2012,0;2022;0;Pública;;F;0,0;2,0;-2,0;True;Alta (2);5,313;Quartzo;9,5;3,5;7,5;;2,3;7,083;5,0;2,3;2,3;;2,0;801;186;10;False;False;-2;2022;False;3
RA-709;2023;Aluno-709;F;11,0;2012,0;2022;1;Pública;;ALFA G - G2/G3;0,0;2,0;-2,0;True;Alta (2);6,6927;Ágata;10,0;7,9;7,52;5,625;4,9;6,59;5,0;5,5;4,3;;2,0;;;;;;-2;2022;False;3
RA-709;2024;Aluno-709;F;12,0;2012,0;2022;2;Pública;EE João Ortiz Rodrigues;1H;1,0;2,0;-1,0;True;Moderada (1);6,833780895800001;Ágata;7,418;7,994071146;7,51;6,875;6,0;6,773333333;5,0;6,0;6,0;;3,0;;;;;;-1;2022;False;3
RA-71;2022;Aluno-71;F;17,0;2005,0;2019;3;Pública;;C;5,0;7,0;-2,0;True;Alta (2);4,332;Quartzo;7,9;2,0;7,5;;1,2;5,833;5,0;1,3;2,2;0,0;4,0;846;58;8;False;False;-2;2019;False;2
RA-71;2023;Aluno-71;F;18,0;2005,0;2019;4;Pública;;6A;6,0;8,0;-2,0;True;Alta (2);7,3651;Ametista;6,7;9,8;6,26;7,5;6,6;7,7125;5,0;7,3;5,5;7,0;4,0;;;;;;-2;2019;False;2
RA-710;2022;Aluno-710;M;10,0;2012,0;2020;2;Pública;;G;0,0;2,0;-2,0;True;Alta (2);7,285;Ametista;9,5;8,9;5,0;;6,9;8,0;5,0;7,0;6,8;;2,0;398;116;5;False;False;-2;2020;True;3
RA-710;2023;Aluno-710;M;11,0;2012,0;2020;3;Pública;;1J;1,0;2,0;-1,0;True;Moderada (1);7,0582;Ametista;9,5;9,0;3,77;7,083333333;6,5;7,113333333;5,0;5,7;7,3;;3,0;;;;;;-1;2020;True;3
RA-710;2024;Aluno-710;M;12,0;2012,0;2020;4;Pública;EE João Ortiz Rodrigues;2G;2,0;3,0;-1,0;True;Moderada (1);7,0366241342;Ametista;9,168;8,170995671;5,625;7,65625;6,75;6,5375;5,0;8,0;5,5;;4,0;;;;;;-1;2021;True;3
RA-711;2022;Aluno-711;M;9,0;2013,0;2022;0;Pública;;G;0,0;1,0;-1,0;True;Moderada (1);6,04;Ágata;9,0;7,9;6,3;;3,5;6,0;5,0;4,0;3,0;;2,0;721;178;11;False;False;-1;2022;False;1
RA-712;2022;Aluno-712;M;11,0;2011,0;2019;3;Pública;;G;0,0;2,0;-2,0;True;Alta (2);6,026;Ágata;8,0;5,1;5,0;;8,0;5,833;5,0;8,7;7,3;;2,0;725;179;12;False;False;-2;2019;True;3
RA-712;2023;Aluno-712;M;12,0;2011,0;2019;4;Pública;;1J;1,0;3,0;-2,0;True;Alta (2);6,331533333;Ágata;9,5;5,6;3,14;7,5;6,7;6,836666667;5,0;5,5;7,8;;3,0;;;;;;-2;2019;True;3
RA-712;2024;Aluno-712;M;13,0;2011,0;2019;5;Pública;EE João Ortiz Rodrigues;2H;2,0;3,0;-1,0;True;Moderada (1);6,2236373706000006;Ágata;7,502;5,983436853;5,625;6,5625;6,75;6,04;5,0;7,0;6,5;;4,0;;;;;;-1;2021;True;3
RA-713;2022;Aluno-713;M;9,0;2013,0;2021;1;Pública;;G;0,0;1,0;-1,0;True;Moderada (1);7,42;Ametista;10,0;8,7;7,5;;7,8;7,25;5,0;8,0;7,7;;2,0;348;102;3;False;False;-1;2021;False;3
RA-713;2023;Aluno-713;M;10,0;2013,0;2021;2;Pública;;1G;1,0;2,0;-1,0;True;Moderada (1);7,408033333;Ametista;8,0;9,6;3,77;6,875;7,5;8,166666667;5,0;6,7;8,2;;3,0;;;;;;-1;2021;False;3
RA-713;2024;Aluno-713;M;11,0;2013,0;2021;3;Pública;EE João Ortiz Rodrigues;2H;2,0;2,0;0,0;False;Adequado;7,467500983400001;Ametista;8,002;7,525879916999999;7,51;7,03125;6,75;6,79;10,0;6,0;7,5;;4,0;;;;;;0;2021;False;3
RA-714;2022;Aluno-714;M;11,0;2011,0;2019;3;Pública;;G;0,0;2,0;-2,0;True;Alta (2);6,953;Ágata;9,0;6,9;5,6;;8,0;7,25;5,0;8,5;7,5;;2,0;503;144;6;False;False;-2;2019;True;3
RA-714;2023;Aluno-714;M;12,0;2011,0;2019;4;Pública;;1J;1,0;3,0;-2,0;True;Alta (2);6,078666667;Ágata;0,0;8,0;3,14;7,5;7,4;7,223333333;5,0;6,7;8,0;;3,0;;;;;;-2;2019;True;3
RA-714;2024;Aluno-714;M;13,0;2011,0;2019;5;Pública;EE João Ortiz Rodrigues;2H;2,0;3,0;-1,0;True;Moderada (1);5,4653662008;Quartzo;0,0;6,873706004;6,255;7,65625;4,0;6,9975;5,0;8,0;0,0;;4,0;;;;;;-1;2021;True;3
RA-715;2022;Aluno-715;F;9,0;2013,0;2022;0;Pública;;G;0,0;1,0;-1,0;True;Moderada (1);6,656;Ágata;8,5;8,7;4,4;;4,9;7,917;5,0;4,8;5,0;;2,0;604;166;9;False;False;-1;2022;False;3
RA-715;2023;Aluno-715;F;10,0;2013,0;2022;1;Pública;;ALFA I - G2/G3;0,0;2,0;-2,0;True;Alta (2);5,8915;Quartzo;0,0;9,5;3,14;5,625;5,4;7,675;5,0;4,5;6,3;;2,0;;;;;;-2;2022;False;3
RA-715;2024;Aluno-715;F;11,0;2013,0;2022;2;Pública;EM Maria Ignez Concelles Irma Ines;2I;2,0;2,0;0,0;False;Adequado;5,3098253133;Quartzo;9,002;5,250626566499999;3,755;5,0;2,75;4,67;10,0;2,0;3,5;;3,0;;;;;;0;2022;False;3
RA-716;2022;Aluno-716;M;9,0;2013,0;2022;0;Pública;;G;0,0;1,0;-1,0;True;Moderada (1);6,525;Ágata;8,9;8,1;7,5;;6,7;5,417;5,0;7,3;6,0;;2,0;641;171;10;False;False;-1;2022;False;3
RA-716;2023;Aluno-716;M;10,0;2013,0;2022;1;Pública;;1G;1,0;2,0;-1,0;True;Moderada (1);6,813366667;Ágata;9,0;8,7;3,77;6,875;5,6;7,443333333;5,0;5,0;6,2;;3,0;;;;;;-1;2022;False;3
RA-716;2024;Aluno-716;M;11,0;2013,0;2022;2;Pública;EE João Ortiz Rodrigues;1J;1,0;2,0;-1,0;True;Moderada (1);6,2372943675000005;Ágata;9,002;5,5335968375;7,51;6,71875;5,75;5,7875;5,0;5,5;6,0;;4,0;;;;;;-1;2022;False;3
RA-717;2022;Aluno-717;F;10,0;2012,0;2021;1;Pública;;G;0,0;2,0;-2,0;True;Alta (2);6,832;Ágata;9,0;7,3;7,5;;5,4;7,917;5,0;5,0;5,8;;2,0;545;155;7;False;False;-2;2021;False;2
RA-717;2023;Aluno-717;F;11,0;2012,0;2021;2;Pública;;1G;1,0;2,0;-1,0;True;Moderada (1);6,633833333;Ágata;0,0;8,5;7,52;8,125;5,9;8,446666667;5,0;5,5;6,3;;3,0;;;;;;-1;2021;False;2
RA-718;2022;Aluno-718;F;8,0;2014,0;2022;0;Pública;;G;0,0;0,0;0,0;False;Adequado;8,093;Topázio;8,0;8,9;6,3;;9,2;7,417;10,0;9,2;9,2;;2,0;118;33;1;False;False;0;2022;False;3
RA-718;2023;Aluno-718;F;9,0;2014,0;2022;1;Pública;;1G;1,0;1,0;0,0;False;Adequado;8,166866667;Topázio;9,5;9,1;3,77;7,916666667;7,8;8,39;10,0;6,3;9,2;;3,0;;;;;;0;2022;False;3
RA-718;2024;Aluno-718;F;10,0;2014,0;2022;2;Pública;EE Joaquim Mendes Feliz;2I;2,0;1,0;1,0;False;Adiantado;8,705811111100001;Topázio;10,002;9,5138888885;5,635;7,5;9,5;7,946666667;10,0;9,0;10,0;;3,0;;;;;;1;2022;False;3
RA-719;2022;Aluno-719;F;10,0;2012,0;2021;1;Pública;;G;0,0;2,0;-2,0;True;Alta (2);5,552;Quartzo;9,0;4,6;7,5;;4,2;6,083;5,0;5,0;3,3;;2,0;783;185;13;False;False;-2;2021;False;3
RA-719;2023;Aluno-719;M;11,0;2012,0;2021;2;Pública;;ALFA J - G2/G3;0,0;2,0;-2,0;True;Alta (2);6,4137;Ágata;9,5;5,3;7,52;5,625;5,9;7,095;5,0;7,0;4,7;;2,0;;;;;;-2;2021;False;3
RA-719;2024;Aluno-719;M;12,0;2012,0;2021;3;Pública;EE João Ortiz Rodrigues;1J;1,0;2,0;-1,0;True;Moderada (1);7,1193969697;Ametista;10,002;7,3484848485;7,51;7,5;6,5;6,7425;5,0;5,0;8,0;;4,0;;;;;;-1;2021;False;3
RA-72;2022;Aluno-72;F;17,0;2005,0;2022;0;Pública;;C;5,0;7,0;-2,0;True;Alta (2);7,64;Ametista;8,3;7,5;7,5;;7,8;8,667;5,0;7,5;7,8;8,0;4,0;259;16;1;True;True;-2;2022;False;1
RA-720;2022;Aluno-720;F;9,0;2013,0;2021;1;Pública;;G;0,0;1,0;-1,0;True;Moderada (1);6,731;Ágata;8,0;5,9;7,5;;7,6;7,083;5,0;7,3;7,8;;2,0;575;161;8;False;False;-1;2021;False;1
RA-721;2022;Aluno-721;F;8,0;2014,0;2021;1;Pública;;G;0,0;0,0;0,0;False;Adequado;7,973;Ametista;9,5;8,1;7,5;;7,6;7,917;10,0;8,2;7,0;;2,0;149;41;2;False;False;0;2021;False;3
RA-721;2023;Aluno-721;F;9,0;2014,0;2021;2;Pública;;1G;1,0;1,0;0,0;False;Adequado;8,683366667;Topázio;8,5;9,5;7,52;8,125;8,4;8,443333333;10,0;7,5;9,3;;3,0;;;;;;0;2021;False;3
RA-721;2024;Aluno-721;F;10,0;2014,0;2021;3;Pública;EE Dom Pedro Villas Boas de Souza;2G;2,0;2,0;0,0;False;Adequado;8,8986026915;Topázio;9,002;9,5445134575;8,135;8,75;8,25;8,755;10,0;9,0;7,5;;4,0;;;;;;0;2021;False;3
RA-722;2022;Aluno-722;F;9,0;2013,0;2021;1;Pública;;G;0,0;1,0;-1,0;True;Moderada (1);7,41;Ametista;10,0;8,1;4,4;;8,1;8,333;5,0;7,8;8,3;;2,0;355;106;4;False;False;-1;2021;False;2
RA-722;2023;Aluno-722;F;10,0;2013,0;2021;2;Pública;;1N;1,0;2,0;-1,0;True;Moderada (1);7,3387;Ametista;8,5;9,6;2,52;8,125;6,4;8,67;5,0;4,5;8,2;;3,0;;;;;;-1;2021;False;2
RA-723;2022;Aluno-723;F;8,0;2014,0;2022;0;Pública;;H;0,0;0,0;0,0;False;Adequado;7,426;Ametista;10,0;6,6;8,1;;5,5;8,167;10,0;5,3;5,7;;2,0;345;101;4;False;False;0;2022;False;1
RA-724;2022;Aluno-724;F;8,0;2014,0;2022;0;Pública;;H;0,0;0,0;0,0;False;Adequado;6,931;Ágata;9,5;5,9;5,6;;5,6;8,0;10,0;2,9;8,3;;2,0;512;146;6;False;False;0;2022;False;1
RA-725;2022;Aluno-725;M;8,0;2014,0;2022;0;Pública;;H;0,0;0,0;0,0;False;Adequado;6,33;Ágata;8,0;5,9;8,1;;5,0;5,5;10,0;4,0;6,0;;2,0;675;175;7;False;False;0;2022;False;3
RA-725;2023;Aluno-725;M;9,0;2014,0;2022;1;Pública;;ALFA F - G0/G1;0,0;1,0;-1,0;True;Moderada (1);8,117366667;Topázio;9,5;9,0;7,52;8,125;8,4;8,113333333;5,0;8,1;8,7;;2,0;;;;;;-1;2022;False;3
RA-725;2024;Aluno-725;M;10,0;2014,0;2022;2;Pública;EM Maria Ignez Concelles Irma Ines;ALFA G - G2/G3;0,0;1,0;-1,0;True;Moderada (1);7,0900771929;Ametista;7,502;7,6710526315;7,51;7,5;7,25;6,773333333;5,0;7,0;7,5;;3,0;;;;;;-1;2022;False;3
RA-726;2022;Aluno-726;F;7,0;2015,0;2022;0;Pública;;H;0,0;0,0;0,0;False;Adequado;6,985;Ágata;10,0;7,5;7,5;;4,4;6,583;10,0;5,8;3,0;;2,0;492;140;5;False;False;0;2022;False;2
RA-726;2023;Aluno-726;F;8,0;2015,0;2022;1;Pública;;ALFA H - G0/G1;0,0;0,0;0,0;False;Adequado;7,3687;Ametista;10,0;6,1;7,52;5,625;6,0;8,17;10,0;6,2;5,8;;2,0;;;;;;0;2022;False;2
RA-727;2022;Aluno-727;M;8,0;2014,0;2022;0;Pública;;H;0,0;0,0;0,0;False;Adequado;7,736;Ametista;9,0;7,7;8,1;;8,4;6,75;10,0;9,3;7,4;;2,0;225;61;3;False;False;0;2022;False;3
RA-727;2023;Aluno-727;M;9,0;2014,0;2022;1;Pública;;ALFA G - G2/G3;0,0;1,0;-1,0;True;Moderada (1);7,6802;Ametista;9,5;8,8;2,52;7,5;8,0;9,34;5,0;8,3;7,7;;2,0;;;;;;-1;2022;False;3
RA-727;2024;Aluno-727;M;10,0;2014,0;2022;2;Pública;EE Dom Pedro Villas Boas de Souza;1G;1,0;1,0;0,0;False;Adequado;8,447003030300001;Topázio;10,002;8,4848484845;6,26;8,125;8,5;8,056666667;10,0;10,0;7,0;;3,0;;;;;;0;2022;False;3
RA-728;2022;Aluno-728;F;8,0;2014,0;2022;0;Pública;;H;0,0;0,0;0,0;False;Adequado;8,244;Topázio;9,5;7,3;8,1;;9,1;8,167;10,0;9,3;8,9;;2,0;74;20;1;False;False;0;2022;False;1
RA-729;2022;Aluno-729;F;8,0;2014,0;2022;0;Pública;;H;0,0;0,0;0,0;False;Adequado;8,155;Topázio;10,0;8,7;8,1;;8,1;7,25;10,0;8,5;7,8;;2,0;96;26;2;False;False;0;2022;False;3
RA-729;2023;Aluno-729;F;9,0;2014,0;2022;1;Pública;;ALFA V - G0/G1;0,0;1,0;-1,0;True;Moderada (1);7,26545;Ametista;8,0;9,1;3,77;6,5625;8,6;7,01;5,0;8,2;8,9;;2,0;;;;;;-1;2022;False;3
RA-729;2024;Aluno-729;F;10,0;2014,0;2022;2;Pública;EM Maria Ignez Concelles Irma Ines;ALFA J - G2/G3;0,0;1,0;-1,0;True;Moderada (1);6,684533333300001;Ágata;8,002;8,4166666665;2,51;7,5;6,0;7,5;5,0;6,0;6,0;;2,0;;;;;;-1;2022;False;3
RA-73;2022;Aluno-73;F;17,0;2005,0;2022;0;Pública;;C;5,0;7,0;-2,0;True;Alta (2);5,271;Quartzo;7,1;3,0;7,5;;3,3;7,278;5,0;4,5;3,0;2,3;4,0;804;55;5;False;True;-2;2022;False;1
RA-730;2022;Aluno-730;F;10,0;2012,0;2021;1;Pública;;I;0,0;2,0;-2,0;True;Alta (2);7,902;Ametista;10,0;8,2;8,8;;8,3;8,25;5,0;8,7;8,0;;2,0;169;46;1;False;False;-2;2021;False;3
RA-730;2023;Aluno-730;F;10,0;2012,0;2021;2;Privada;;1F;1,0;2,0;-1,0;True;Moderada (1);7,979325;Ametista;10,0;8,7;5,02;9,53125;7,8;8,67;5,0;7,8;7,7;;3,0;;;;;;-1;2021;False;3
RA-730;2024;Aluno-730;F;11,0;2012,0;2021;3;Pública;EE Joaquim Mendes Feliz;2I;2,0;2,0;0,0;False;Adequado;8,469255555700002;Topázio;8,002;7,152777778;6,885;9,166666667;9,5;8,666666667;10,0;10,0;9,0;;3,0;;;;;;0;2021;False;3
RA-731;2022;Aluno-731;F;10,0;2012,0;2019;3;Pública;;I;0,0;2,0;-2,0;True;Alta (2);7,151;Ametista;9,0;8,5;6,9;;7,3;7,083;5,0;7,3;7,2;;2,0;443;130;3;False;False;-2;2019;True;3
RA-731;2023;Aluno-731;F;11,0;2012,0;2019;4;Pública;;1J;1,0;2,0;-1,0;True;Moderada (1);6,7742;Ágata;8,5;7,6;3,14;7,5;6,8;7,45;5,0;6,2;7,3;;3,0;;;;;;-1;2019;True;3
RA-731;2024;Aluno-731;F;12,0;2012,0;2019;5;Pública;EE João Ortiz Rodrigues;2G;2,0;3,0;-1,0;True;Moderada (1);4,7704873377000006;Quartzo;9,502;4,188311688500001;4,375;5,78125;2,5;4,835;5,0;0,0;5,0;;4,0;;;;;;-1;2021;True;3
RA-732;2022;Aluno-732;M;9,0;2013,0;2022;0;Pública;;I;0,0;1,0;-1,0;True;Moderada (1);7,347;Ametista;9,0;7,9;8,8;;7,2;7,5;5,0;7,5;6,8;;2,0;377;113;2;False;False;-1;2022;False;1
RA-733;2022;Aluno-733;F;9,0;2013,0;2022;0;Pública;;J;0,0;1,0;-1,0;True;Moderada (1);6,684;Ágata;9,5;8,5;5,6;;5,1;6,917;5,0;6,0;4,2;;2,0;594;163;13;False;False;-1;2022;False;3
RA-733;2023;Aluno-733;F;9,0;2013,0;2022;1;Pública;;1G;1,0;1,0;0,0;False;Adequado;8,3342;Topázio;10,0;8,7;7,52;8,333333333;6,2;8,893333333;10,0;4,3;8,0;;3,0;;;;;;0;2022;False;3
RA-733;2024;Aluno-733;F;10,0;2013,0;2022;2;Pública;EM Pedro Antonio de Almeida;1J;1,0;2,0;-1,0;True;Moderada (1);8,808825;Topázio;10,002;10,0;7,51;8,90625;9,25;9,085;5,0;9,0;9,5;;4,0;;;;;;-1;2022;False;3
RA-734;2022;Aluno-734;F;10,0;2012,0;2022;0;Pública;;J;0,0;2,0;-2,0;True;Alta (2);6,952;Ágata;9,5;7,2;5,6;;7,3;7,417;5,0;8,0;6,5;;2,0;505;145;9;False;False;-2;2022;False;2
RA-734;2023;Aluno-734;F;11,0;2012,0;2022;1;Pública;;1A;1,0;2,0;-1,0;True;Moderada (1);7,305908333;Ametista;8,5;8,0;7,52;7,34375;6,9;7,446666667;5,0;6,8;7,0;;3,0;;;;;;-1;2022;False;2
RA-735;2022;Aluno-735;F;10,0;2012,0;2021;1;Pública;;J;0,0;2,0;-2,0;True;Alta (2);7,485;Ametista;9,0;9,0;5,6;;7,3;8,583;5,0;7,8;6,7;;2,0;316;92;4;True;False;-2;2021;False;3
RA-735;2023;Aluno-735;F;11,0;2012,0;2021;2;Pública;;1J;1,0;2,0;-1,0;True;Moderada (1);7,184;Ametista;0,0;9,0;7,52;8,333333333;8,1;8,393333333;5,0;7,7;8,5;;3,0;;;;;;-1;2021;False;3
RA-735;2024;Aluno-735;F;12,0;2012,0;2021;3;Pública;EE João Ortiz Rodrigues;2H;2,0;3,0;-1,0;True;Moderada (1);7,7888467391;Ametista;8,002;9,7826086955;6,255;7,65625;8,0;7,705;5,0;8,0;8,0;;4,0;;;;;;-1;2021;False;3
RA-736;2022;Aluno-736;M;10,0;2012,0;2022;0;Pública;;J;0,0;2,0;-2,0;True;Alta (2);6,707;Ágata;9,0;8,5;5,6;;5,4;7,0;5,0;4,7;6,2;;2,0;589;162;12;False;False;-2;2022;False;2
RA-736;2023;Aluno-736;M;10,0;2012,0;2022;1;Pública;;1G;1,0;2,0;-1,0;True;Moderada (1);7,600033333;Ametista;8,5;9,5;6,27;7,708333333;6,7;8,11;5,0;4,8;8,5;;3,0;;;;;;-1;2022;False;2
RA-737;2022;Aluno-737;F;9,0;2013,0;2022;0;Pública;;J;0,0;1,0;-1,0;True;Moderada (1);8,058;Ametista;9,5;9,2;5,6;;9,0;9,167;5,0;8,5;9,5;;2,0;131;37;1;True;False;-1;2022;False;3
RA-737;2023;Aluno-737;F;9,0;2013,0;2022;1;Pública;;1J;1,0;1,0;0,0;False;Adequado;8,048033333;Topázio;9,5;7,8;7,52;7,291666667;7,5;7,783333333;10,0;7,0;8,0;;3,0;;;;;;0;2022;False;3
RA-737;2024;Aluno-737;F;11,0;2013,0;2022;2;Pública;EE Dom Pedro Villas Boas de Souza;2H;2,0;2,0;0,0;False;Adequado;8,4695488613;Topázio;8,502;8,6542443065;6,885;7,5;9,25;8,0;10,0;9,0;9,5;;4,0;;;;;;0;2022;False;3
RA-738;2022;Aluno-738;F;8,0;2014,0;2022;0;Pública;;J;0,0;0,0;0,0;False;Adequado;7,227;Ametista;8,5;8,1;5,6;;5,7;7,5;10,0;7,7;3,7;;2,0;417;124;6;False;False;0;2022;False;3
RA-738;2023;Aluno-738;F;9,0;2014,0;2022;1;Pública;;1F;1,0;1,0;0,0;False;Adequado;8,123283333;Topázio;8,0;9,3;7,52;8,4375;6,0;8,336666667;10,0;4,2;7,8;;3,0;;;;;;0;2022;False;3
RA-738;2024;Aluno-738;F;10,0;2014,0;2022;2;Pública;EM Maria Ignez Concelles Irma Ines;1H;1,0;2,0;-1,0;True;Moderada (1);7,2626980238;Ametista;10,002;7,292490119;6,885;6,875;7,25;7,39;5,0;7,5;7,0;;3,0;;;;;;-1;2022;False;3
RA-739;2022;Aluno-739;M;8,0;2014,0;2022;0;Pública;;J;0,0;0,0;0,0;False;Adequado;6,82;Ágata;6,4;7,3;5,6;;5,9;7,083;10,0;6,0;5,8;;2,0;549;156;11;False;False;0;2022;False;2
RA-739;2023;Aluno-739;M;9,0;2014,0;2022;1;Pública;;ALFA G - G2/G3;0,0;1,0;-1,0;True;Moderada (1);7,5972;Ametista;9,0;8,3;7,52;6,25;7,6;8,25;5,0;7,3;7,8;;2,0;;;;;;-1;2022;False;2
RA-74;2022;Aluno-74;M;16,0;2006,0;2022;0;Pública;;C;5,0;6,0;-1,0;True;Moderada (1);4,989;Quartzo;9,6;3,3;7,5;;2,0;5,833;5,0;6,0;0,0;0,0;4,0;820;57;7;False;False;-1;2022;False;1
RA-740;2022;Aluno-740;F;9,0;2013,0;2022;0;Pública;;J;0,0;1,0;-1,0;True;Moderada (1);7,218;Ametista;8,5;9,0;5,6;;7,2;7,5;5,0;7,3;7,0;;2,0;420;125;7;False;False;-1;2022;False;3
RA-740;2023;Aluno-740;F;10,0;2013,0;2022;1;Privada;;ALFA G - G2/G3;0,0;2,0;-2,0;True;Alta (2);7,2845;Ametista;0,0;8,7;7,52;6,875;9,1;8,925;5,0;9,0;9,2;;2,0;;;;;;-2;2022;False;3
RA-740;2024;Aluno-740;F;11,0;2013,0;2022;2;Privada;Escola João Paulo II;1H;1,0;2,0;-1,0;True;Moderada (1);8,1611005269;Topázio;9,002;9,555335968;7,51;8,541666667;8,0;8,223333333;5,0;8,0;8,0;;3,0;;;;;;-1;2022;False;3
RA-741;2022;Aluno-741;F;10,0;2012,0;2022;0;Pública;;J;0,0;2,0;-2,0;True;Alta (2);6,896;Ágata;9,5;8,4;5,6;;6,3;7,417;5,0;7,3;5,2;;2,0;526;150;10;False;False;-2;2022;False;3
RA-741;2023;Aluno-741;F;11,0;2012,0;2022;1;Pública;;ALFA J - G2/G3;0,0;2,0;-2,0;True;Alta (2);6,2707;Ágata;9,5;6,9;4,39;5,625;5,1;7,095;5,0;4,2;6,0;;2,0;;;;;;-2;2022;False;3
RA-741;2024;Aluno-741;F;12,0;2012,0;2022;2;Pública;EE João Ortiz Rodrigues;1H;1,0;2,0;-1,0;True;Moderada (1);5,0795885374;Quartzo;8,418;5,2964426875;5,005;5,833333333;3,75;4,223333333;5,0;3,5;4,0;;3,0;;;;;;-1;2022;False;3
RA-742;2022;Aluno-742;F;9,0;2013,0;2022;0;Pública;;J;0,0;1,0;-1,0;True;Moderada (1);7,097;Ametista;8,5;8,7;5,0;;7,3;7,5;5,0;8,3;6,2;;2,0;456;132;8;False;False;-1;2022;False;2
RA-742;2023;Aluno-742;F;10,0;2013,0;2022;1;Pública;;ALFA I - G2/G3;0,0;2,0;-2,0;True;Alta (2);7,024;Ametista;0,0;7,6;7,52;7,5;7,5;10,01;5,0;6,2;8,8;;2,0;;;;;;-2;2022;False;2
RA-743;2022;Aluno-743;F;9,0;2013,0;2022;0;Pública;;J;0,0;1,0;-1,0;True;Moderada (1);6,672;Ágata;10,0;7,9;5,6;;4,8;7,5;5,0;4,8;4,8;;2,0;597;164;14;False;False;-1;2022;False;3
RA-743;2023;Aluno-743;F;10,0;2013,0;2022;1;Pública;;ALFA E - G2/G3;0,0;2,0;-2,0;True;Alta (2);6,659;Ágata;0,0;9,1;3,77;7,5;7,1;9,01;5,0;7,3;6,8;;2,0;;;;;;-2;2022;False;3
RA-743;2024;Aluno-743;F;11,0;2013,0;2022;2;Pública;EE Dom Pedro Villas Boas de Souza;1C;1,0;2,0;-1,0;True;Moderada (1);7,655745454500001;Ametista;9,002;9,2727272725;7,51;7,5;7,0;7,5;5,0;6,5;7,5;;2,0;;;;;;-1;2022;False;3
RA-744;2022;Aluno-744;F;8,0;2014,0;2022;0;Pública;;J;0,0;0,0;0,0;False;Adequado;7,742;Ametista;9,5;9,7;5,6;;6,2;7,5;10,0;6,0;6,3;;2,0;220;58;2;False;False;0;2022;False;1
RA-745;2022;Aluno-745;M;9,0;2013,0;2021;1;Privada - Parceira;;J;0,0;1,0;-1,0;True;Moderada (1);7,382;Ametista;9,0;8,5;5,6;;8,1;7,75;5,0;8,5;7,7;;2,0;367;111;5;False;False;-1;2021;False;3
RA-745;2023;Aluno-745;M;10,0;2013,0;2021;2;Privada - Apadrinhamento;;1G;1,0;2,0;-1,0;True;Moderada (1);7,668366667;Ametista;9,5;9,3;3,77;8,125;7,0;8,893333333;5,0;5,7;8,2;;3,0;;;;;;-1;2021;False;3
RA-745;2024;Aluno-745;M;11,0;2013,0;2021;3;Privada - Apadrinhamento;Colégio Arco Íris Evolução;2I;2,0;2,0;0,0;False;Adequado;8,6102;Topázio;9,002;10,0;6,26;7,5;8,5;8,17;10,0;8,0;9,0;;3,0;;;;;;0;2021;False;3
RA-746;2022;Aluno-746;M;8,0;2014,0;2022;0;Pública;;J;0,0;0,0;0,0;False;Adequado;7,656;Ametista;8,0;9,1;5,6;;7,2;7,417;10,0;7,7;6,7;;2,0;253;70;3;False;False;0;2022;False;3
RA-746;2023;Aluno-746;M;9,0;2014,0;2022;1;Pública;;1G;1,0;1,0;0,0;False;Adequado;6,517166667;Ágata;0,0;8,0;3,77;6,875;7,2;7,113333333;10,0;6,0;8,3;;3,0;;;;;;0;2022;False;3
RA-746;2024;Aluno-746;M;10,0;2014,0;2022;2;Pública;EM Maria Ignez Concelles Irma Ines;2I;2,0;2,0;0,0;False;Adequado;7,903311111100001;Ametista;8,502;7,4305555555;7,51;7,5;8,0;7,33;10,0;8,0;8,0;;3,0;;;;;;0;2022;False;3
RA-747;2022;Aluno-747;F;11,0;2011,0;2022;0;Pública;;K;0,0;2,0;-2,0;True;Alta (2);7,676;Ametista;10,0;7,6;7,5;;8,8;7,917;5,0;8,2;9,4;;2,0;245;66;6;False;True;-2;2022;False;3
RA-747;2023;Aluno-747;F;11,0;2011,0;2022;1;Pública;;1L;1,0;2,0;-1,0;True;Moderada (1);6,026366667;Ágata;10,0;8,0;3,14;6,041666667;3,1;6,94;5,0;1,2;5,0;;3,0;;;;;;-1;2022;False;3
RA-747;2024;Aluno-747;F;12,0;2011,0;2022;2;Pública;EM Cecilia Cristina de Oliveira Rodrigues;1K;1,0;3,0;-2,0;True;Alta (2);5,8450809523;Quartzo;10,002;8,095238095;5,005;7,083333333;2,25;5,335;5,0;4,5;0,0;;2,0;;;;;;-2;2022;False;3
RA-748;2022;Aluno-748;M;9,0;2013,0;2021;1;Pública;;K;0,0;1,0;-1,0;True;Moderada (1);8,084;Topázio;10,0;9,0;7,5;;9,1;8,25;5,0;9,6;8,6;;2,0;122;34;5;False;True;-1;2022;True;3
RA-748;2023;Aluno-748;M;10,0;2013,0;2021;2;Pública;;ALFA O - G2/G3;0,0;2,0;-2,0;True;Alta (2);8,7142;Topázio;9,5;9,7;7,52;7,5;9,1;10,01;5,0;9,0;9,2;;2,0;;;;;;-2;2022;True;3
RA-748;2024;Aluno-748;M;11,0;2013,0;2021;3;Pública;EE Maria André Schunck Dona;1K;1,0;2,0;-1,0;True;Moderada (1);8,2272;Topázio;9,502;10,0;7,51;8,75;7,75;8,005;5,0;7,5;8,0;;2,0;;;;;;-1;2021;True;3
RA-749;2022;Aluno-749;M;9,0;2013,0;2022;0;Pública;;K;0,0;1,0;-1,0;True;Moderada (1);7,484;Ametista;9,5;7,7;7,5;;8,8;7,25;5,0;9,5;8,1;;2,0;318;94;7;False;False;-1;2022;False;3
RA-749;2023;Aluno-749;M;9,0;2013,0;2022;1;Pública;;ALFA O - G2/G3;0,0;1,0;-1,0;True;Moderada (1);7,7597;Ametista;10,0;9,0;7,52;5,625;7,3;8,425;5,0;7,3;7,3;;2,0;;;;;;-1;2022;False;3
RA-749;2024;Aluno-749;M;10,0;2013,0;2022;2;Pública;EM Amanda Consuelo da Cunha;ALFA O - G2/G3;0,0;2,0;-2,0;True;Alta (2);8,3373184211;Topázio;9,502;9,7368421055;8,13;8,4375;8,75;7,665;5,0;10,0;7,5;;2,0;;;;;;-2;2022;False;3
RA-75;2022;Aluno-75;F;16,0;2006,0;2022;0;Pública;;F;5,0;6,0;-1,0;True;Moderada (1);3,915;Quartzo;5,4;3,8;6,3;;0,0;4,625;5,0;0,0;0,0;;4,0;855;59;4;False;False;-1;2022;False;1
RA-750;2022;Aluno-750;M;10,0;2012,0;2019;3;Pública;;K;0,0;2,0;-2,0;True;Alta (2);6,344;Ágata;9,5;8,9;4,4;;6,8;5,167;5,0;7,1;6,4;;2,0;670;173;10;False;False;-2;2019;True;3
RA-750;2023;Aluno-750;M;11,0;2012,0;2019;4;Pública;;ALFA U - G2/G3;0,0;2,0;-2,0;True;Alta (2);5,6857;Quartzo;9,5;7,7;3,14;4,375;3,4;6,32;5,0;3,3;3,5;;2,0;;;;;;-2;2019;True;3
RA-750;2024;Aluno-750;M;12,0;2012,0;2019;5;Pública;EE Mario Francisco de Amorim;1B;1,0;3,0;-2,0;True;Alta (2);4,542230369;Quartzo;6,249;5,938735178;4,38;4,0625;3,75;3,176666667;5,0;0,5;7,0;;3,0;;;;;;-2;2021;True;3
RA-751;2022;Aluno-751;M;11,0;2011,0;2022;0;Pública;;K;0,0;2,0;-2,0;True;Alta (2);5,246;Quartzo;8,5;5,8;7,5;;3,8;6,167;5,0;2,7;4,9;;2,0;808;187;11;False;False;-2;2022;False;1
RA-752;2022;Aluno-752;F;11,0;2011,0;2022;0;Pública;;K;0,0;2,0;-2,0;True;Alta (2);8,197;Topázio;10,0;9,0;7,5;;9,5;8,417;5,0;9,6;9,4;;2,0;86;22;4;True;True;-2;2022;False;3
RA-752;2023;Aluno-752;F;11,0;2011,0;2022;1;Pública;;1N;1,0;2,0;-1,0;True;Moderada (1);8,073825;Topázio;9,5;9,9;7,52;7,65625;6,4;9,23;5,0;4,8;8,0;;3,0;;;;;;-1;2022;False;3
RA-752;2024;Aluno-752;F;12,0;2011,0;2022;2;Pública;EE Donizetti Aparecido Leite Professor;2U;2,0;3,0;-1,0;True;Moderada (1);6,57279265;Ágata;9,502;7,525879916999999;7,51;5,9375;5,75;5,613333333;5,0;7,0;4,5;;3,0;;;;;;-1;2022;False;3
RA-753;2022;Aluno-753;F;8,0;2014,0;2022;0;Pública;;K;0,0;0,0;0,0;False;Adequado;8,481;Topázio;9,5;8,6;7,5;;9,1;8,417;10,0;9,4;8,8;;2,0;37;8;2;True;True;0;2022;False;3
RA-753;2023;Aluno-753;F;9,0;2014,0;2022;1;Pública;;ALFA O - G2/G3;0,0;1,0;-1,0;True;Moderada (1);8,6672;Topázio;9,0;9,9;7,52;7,5;9,0;9,925;5,0;9,0;9,0;;2,0;;;;;;-1;2022;False;3
RA-753;2024;Aluno-753;F;10,0;2014,0;2022;2;Pública;EE Jardim Campestre;1K;1,0;2,0;-1,0;True;Moderada (1);8,2450571429;Topázio;10,002;9,047619048;7,51;8,333333333;8,5;8,255;5,0;9,0;8,0;;2,0;;;;;;-1;2022;False;3
RA-754;2022;Aluno-754;M;9,0;2013,0;2022;0;Pública;;K;0,0;1,0;-1,0;True;Moderada (1);6,602;Ágata;10,0;5,8;4,4;;7,9;6,917;5,0;7,8;8,1;;2,0;626;169;9;False;False;-1;2022;False;3
RA-754;2023;Aluno-754;M;10,0;2013,0;2022;1;Pública;;ALFA M - G0/G1;0,0;2,0;-2,0;True;Alta (2);6,0537;Ágata;9,5;6,1;2,52;6,875;5,6;6,67;5,0;5,7;5,4;;2,0;;;;;;-2;2022;False;3
RA-754;2024;Aluno-754;M;11,0;2013,0;2022;2;Pública;EM Cecilia Cristina de Oliveira Rodrigues;ALFA L - G2/G3;0,0;2,0;-2,0;True;Alta (2);5,6127;Quartzo;8,502;6,25;5,625;2,5;6,25;4,75;5,0;6,0;6,5;;2,0;;;;;;-2;2022;False;3
RA-755;2022;Aluno-755;M;8,0;2014,0;2022;0;Pública;;K;0,0;0,0;0,0;False;Adequado;8,566;Topázio;9,5;9,2;6,9;;9,5;8,083;10,0;9,8;9,3;;2,0;29;4;1;False;True;0;2022;False;3
RA-755;2023;Aluno-755;M;9,0;2014,0;2022;1;Pública;;ALFA O - G2/G3;0,0;1,0;-1,0;True;Moderada (1);8,7442;Topázio;10,0;9,5;7,52;7,5;9,2;10,01;5,0;9,2;9,2;;2,0;;;;;;-1;2022;False;3
RA-755;2024;Aluno-755;M;10,0;2014,0;2022;2;Pública;EE Jardim Campestre;1M;1,0;2,0;-1,0;True;Moderada (1);8,925450000000001;Topázio;10,002;10,0;7,51;9,0625;9,75;9,09;5,0;10,0;9,5;;2,0;;;;;;-1;2022;False;3
RA-756;2022;Aluno-756;M;9,0;2013,0;2022;0;Pública;;K;0,0;1,0;-1,0;True;Moderada (1);6,976;Ágata;10,0;7,9;7,5;;5,7;7,25;5,0;5,6;5,8;;2,0;495;142;8;False;False;-1;2022;False;3
RA-756;2023;Aluno-756;M;10,0;2013,0;2022;1;Pública;;ALFA K - G0/G1;0,0;2,0;-2,0;True;Alta (2);7,0927;Ametista;10,0;8,7;7,52;5,625;6,1;6,59;5,0;5,4;6,8;;2,0;;;;;;-2;2022;False;3
RA-756;2024;Aluno-756;M;11,0;2013,0;2022;2;Pública;EM Amanda Consuelo da Cunha;ALFA L - G2/G3;0,0;2,0;-2,0;True;Alta (2);7,361700000000001;Ametista;10,002;8,75;7,51;8,125;5,5;7,24;5,0;10,0;1,0;;2,0;;;;;;-2;2022;False;3
RA-757;2022;Aluno-757;F;9,0;2013,0;2022;0;Pública;;K;0,0;1,0;-1,0;True;Moderada (1);8,26;Topázio;9,5;9,3;7,5;;9,7;8,5;5,0;9,9;9,6;;2,0;71;18;3;True;True;-1;2022;False;3
RA-757;2023;Aluno-757;F;10,0;2013,0;2022;1;Pública;;ALFA O - G2/G3;0,0;2,0;-2,0;True;Alta (2);8,6742;Topázio;9,0;9,6;7,52;7,5;9,3;10,01;5,0;9,5;9,0;;2,0;;;;;;-2;2022;False;3
RA-757;2024;Aluno-757;F;11,0;2013,0;2022;2;Pública;EE Maria André Schunck Dona;1K;1,0;2,0;-1,0;True;Moderada (1);7,938842857200001;Ametista;9,502;9,285714286;7,51;8,125;7,0;8,34;5,0;6,5;7,5;;2,0;;;;;;-1;2022;False;3
RA-758;2022;Aluno-758;M;9,0;2013,0;2022;0;Pública;;L;0,0;1,0;-1,0;True;Moderada (1);7,911;Ametista;9,0;9,1;7,5;;8,1;8,333;5,0;8,0;8,2;;2,0;166;45;5;False;False;-1;2022;False;1
RA-759;2022;Aluno-759;F;10,0;2012,0;2021;1;Pública;;L;0,0;2,0;-2,0;True;Alta (2);7,563;Ametista;9,0;8,6;7,5;;7,5;7,833;5,0;8,3;6,7;;2,0;288;81;7;False;False;-2;2021;False;1
RA-76;2022;Aluno-76;F;15,0;2007,0;2017;5;Privada - Parceira;;F;5,0;5,0;0,0;False;Adequado;9,105;Topázio;10,0;9,1;8,1;;8,7;9,292;10,0;9,3;8,3;8,4;4,0;3;3;1;True;False;0;2017;True;3
RA-76;2023;Aluno-76;F;15,0;2007,0;2017;6;Privada - Bolsa 100%;;7E;7,0;5,0;2,0;False;Adiantado;;;10,0;;2,52;;;;10,0;;;;;;;;;;2;2017;True;3
RA-76;2024;Aluno-76;F;16,0;2007,0;2017;7;Privada - Bolsa 100%;Colégio Poliedro - SP;7E;7,0;5,0;2,0;False;Adiantado;8,152033333333334;Topázio;10,002;9,0;6,885;7,5;7,066666666666666;7,5;10,0;7,3;7,8;6,1;0,0;;;;;;2;2021;True;3
RA-760;2022;Aluno-760;M;11,0;2011,0;2021;1;Pública;;L;0,0;2,0;-2,0;True;Alta (2);8,172;Topázio;9,0;9,2;7,5;;8,8;8,917;5,0;9,3;8,2;;2,0;94;25;2;True;False;-2;2021;False;3
RA-760;2023;Aluno-760;M;12,0;2011,0;2021;2;Pública;;2L;2,0;3,0;-1,0;True;Moderada (1);6,548333333;Ágata;0,0;8,8;7,52;7,083333333;6,3;7,84;5,0;5,8;6,8;;3,0;;;;;;-1;2021;False;3
RA-760;2024;Aluno-760;M;13,0;2011,0;2021;3;Pública;EM Cecilia Cristina de Oliveira Rodrigues;3M;3,0;3,0;0,0;False;Adequado;6,942581818200001;Ágata;9,168;7,090909091;7,51;6,25;5,0;6,158;10,0;2,5;3,5;9,0;5,0;;;;;;0;2021;False;3
RA-761;2022;Aluno-761;M;9,0;2013,0;2022;0;Pública;;L;0,0;1,0;-1,0;True;Moderada (1);8,06;Topázio;10,0;9,4;7,5;;8,2;8,25;5,0;8,8;7,5;;2,0;130;36;3;False;False;-1;2022;False;3
RA-761;2023;Aluno-761;M;10,0;2013,0;2022;1;Pública;;1L;1,0;2,0;-1,0;True;Moderada (1);8,219533333;Topázio;9,0;9,7;7,52;8,333333333;8,4;8,12;5,0;8,7;8,0;;3,0;;;;;;-1;2022;False;3
RA-761;2024;Aluno-761;M;11,0;2013,0;2022;2;Pública;EE Donizetti Aparecido Leite Professor;2M;2,0;2,0;0,0;False;Adequado;8,174593939300001;Topázio;8,502;8,8636363635;6,26;8,75;7,25;8,003333333;10,0;8,0;6,5;;3,0;;;;;;0;2022;False;3
RA-762;2022;Aluno-762;M;12,0;2010,0;2022;0;Pública;;L;0,0;3,0;-3,0;True;Severa (3+);7,28;Ametista;10,0;9,7;7,5;;6,7;7,083;2,5;7,3;6,0;;2,0;402;118;10;False;False;-3;2022;False;3
RA-762;2023;Aluno-762;M;13,0;2010,0;2022;1;Pública;;1K;1,0;3,0;-2,0;True;Alta (2);7,09945;Ametista;10,0;9,1;3,14;7,8125;5,8;7,67;5,0;6,2;5,3;;3,0;;;;;;-2;2022;False;3
RA-762;2024;Aluno-762;M;14,0;2010,0;2022;2;Pública;EM Cecilia Cristina de Oliveira Rodrigues;2K;2,0;4,0;-2,0;True;Alta (2);5,9677326087;Quartzo;10,002;6,4239130435;6,26;6,5625;3,75;5,7525;5,0;4,0;3,5;;4,0;;;;;;-2;2022;False;3
RA-763;2022;Aluno-763;F;10,0;2012,0;2021;1;Pública;;L;0,0;2,0;-2,0;True;Alta (2);7,402;Ametista;9,5;9,7;7,5;;6,5;7,167;5,0;6,3;6,7;;2,0;361;109;9;False;False;-2;2021;False;3
RA-763;2023;Aluno-763;F;10,0;2012,0;2021;2;Pública;;ALFA O - G2/G3;0,0;2,0;-2,0;True;Alta (2);6,7215;Ágata;0,0;9,2;3,14;6,875;7,9;9,0;5,0;7,8;8,0;;2,0;;;;;;-2;2021;False;3
RA-763;2024;Aluno-763;F;11,0;2012,0;2021;3;Pública;EE Donizetti Aparecido Leite Professor;1N;1,0;2,0;-1,0;True;Moderada (1);6,984760606;Ágata;9,002;8,8636363635;6,26;7,708333333;5,25;6,825;5,0;6,5;4,0;;2,0;;;;;;-1;2021;False;3
RA-764;2022;Aluno-764;M;8,0;2014,0;2022;0;Pública;;L;0,0;0,0;0,0;False;Adequado;8,004;Ametista;9,0;8,8;7,5;;7,5;7,667;10,0;7,2;7,8;;2,0;141;38;4;False;False;0;2022;False;3
RA-764;2023;Aluno-764;M;9,0;2014,0;2022;1;Pública;;1N;1,0;1,0;0,0;False;Adequado;7,682125;Ametista;0,0;9,2;7,52;8,28125;7,8;8,56;10,0;6,0;9,5;;3,0;;;;;;0;2022;False;3
RA-764;2024;Aluno-764;M;10,0;2014,0;2022;2;Privada;Colégio Franciscano Santa Clara;2N;2,0;2,0;0,0;False;Adequado;7,838370289900001;Ametista;8,002;7,8804347825;7,51;8,4375;6,0;8,336666667;10,0;3,0;9,0;;3,0;;;;;;0;2022;False;3
RA-765;2022;Aluno-765;M;9,0;2013,0;2022;0;Pública;;L;0,0;1,0;-1,0;True;Moderada (1);6,902;Ágata;8,5;9,3;7,5;;4,3;7,417;5,0;5,0;3,7;;2,0;523;149;11;False;False;-1;2022;False;1
RA-766;2022;Aluno-766;F;11,0;2011,0;2020;2;Pública;;L;0,0;2,0;-2,0;True;Alta (2);8,185;Topázio;10,0;9,5;7,5;;8,7;8,333;5,0;8,5;8,8;;2,0;88;23;1;False;False;-2;2020;False;2
RA-766;2023;Aluno-766;F;11,0;2012,0;2020;3;Pública;;1K;1,0;2,0;-1,0;True;Moderada (1);8,008408333;Topázio;10,0;8,7;4,39;9,21875;8,7;8,336666667;5,0;9,2;8,2;;3,0;;;;;;-1;2020;False;2
RA-767;2022;Aluno-767;M;10,0;2012,0;2021;1;Pública;;L;0,0;2,0;-2,0;True;Alta (2);7,511;Ametista;9,5;9,0;7,5;;7,0;7,583;5,0;7,3;6,7;;2,0;304;87;8;False;False;-2;2021;False;3
RA-767;2023;Aluno-767;M;11,0;2012,0;2021;2;Pública;;1L;1,0;2,0;-1,0;True;Moderada (1);7,3807;Ametista;10,0;8,3;7,52;7,291666667;6,3;7,446666667;5,0;6,5;6,0;;3,0;;;;;;-1;2021;False;3
RA-767;2024;Aluno-767;M;12,0;2012,0;2021;3;Pública;EM Cecilia Cristina de Oliveira Rodrigues;1L;1,0;3,0;-2,0;True;Alta (2);8,131890476200002;Topázio;9,502;9,0476190475;7,51;8,541666667;8,25;8,085;5,0;8,5;8,0;;2,0;;;;;;-2;2021;False;3
RA-768;2022;Aluno-768;F;10,0;2012,0;2021;1;Pública;;L;0,0;2,0;-2,0;True;Alta (2);7,646;Ametista;9,0;10,0;7,5;;7,1;7,583;5,0;7,0;7,2;;2,0;255;71;6;False;False;-2;2021;False;3
RA-768;2023;Aluno-768;F;11,0;2012,0;2021;2;Pública;;ALFA L - G2/G3;0,0;2,0;-2,0;True;Alta (2);8,4042;Topázio;10,0;9,1;7,52;7,5;7,9;10,01;5,0;8,0;7,8;;2,0;;;;;;-2;2021;False;3
RA-768;2024;Aluno-768;F;12,0;2012,0;2021;3;Pública;EE Donizetti Aparecido Leite Professor;1N;1,0;2,0;-1,0;True;Moderada (1);7,0345379447;Ametista;9,002;7,9841897235;6,26;8,125;5,5;7,495;5,0;6,0;5,0;;2,0;;;;;;-1;2021;False;3
RA-769;2022;Aluno-769;F;9,0;2013,0;2022;0;Pública;;M;0,0;1,0;-1,0;True;Moderada (1);7,598;Ametista;10,0;7,5;7,5;;7,9;8,5;5,0;9,6;6,2;;2,0;272;76;3;True;True;-1;2022;False;3
RA-769;2023;Aluno-769;F;10,0;2013,0;2022;1;Pública;;ALFA N - G2/G3;0,0;2,0;-2,0;True;Alta (2);7,85345;Ametista;10,0;9,3;3,77;7,8125;8,0;8,675;5,0;8,2;7,8;;2,0;;;;;;-2;2022;False;3
RA-769;2024;Aluno-769;F;11,0;2013,0;2022;2;Pública;EM Cecilia Cristina de Oliveira Rodrigues;1K;1,0;2,0;-1,0;True;Moderada (1);7,099342857200002;Ametista;10,002;5,9523809525;7,51;7,916666667;6,0;8,33;5,0;6,0;6,0;;2,0;;;;;;-1;2022;False;3
RA-77;2022;Aluno-77;M;16,0;2006,0;2019;3;Pública;;F;5,0;6,0;-1,0;True;Moderada (1);3,846;Quartzo;7,1;2,7;5,0;;0,7;4,625;5,0;0,3;1,8;0,0;4,0;857;60;5;False;False;-1;2019;False;1
RA-770;2022;Aluno-770;M;7,0;2015,0;2022;0;Pública;;M;0,0;0,0;0,0;False;Adequado;8,143;Topázio;9,5;8,9;7,5;;8,3;7,333;10,0;8,5;8,1;;2,0;101;28;1;False;False;0;2022;False;3
RA-770;2023;Aluno-770;M;8,0;2015,0;2022;1;Pública;;ALFA U - G2/G3;0,0;0,0;0,0;False;Adequado;6,6785;Ágata;0,0;8,3;3,77;6,875;5,9;8,92;10,0;6,0;5,7;;2,0;;;;;;0;2022;False;3
RA-770;2024;Aluno-770;M;9,0;2015,0;2022;2;Pública;EE Luiz Schunck;ALFA U - G2/G3;0,0;1,0;-1,0;True;Moderada (1);7,3057112782;Ametista;10,002;9,022556391;7,51;7,5;5,0;7,5;5,0;4,0;6,0;;2,0;;;;;;-1;2022;False;3
RA-771;2022;Aluno-771;F;7,0;2015,0;2022;0;Pública;;M;0,0;0,0;0,0;False;Adequado;7,873;Ametista;10,0;8,3;7,5;;7,0;7,5;10,0;7,2;6,9;;2,0;179;49;2;False;False;0;2022;False;3
RA-771;2023;Aluno-771;F;7,0;2015,0;2022;1;Pública;;ALFA U - G2/G3;0,0;0,0;0,0;False;Adequado;7,056;Ametista;0,0;8,8;3,14;6,25;8,2;8,585;10,0;8,2;8,2;;2,0;;;;;;0;2022;False;3
RA-771;2024;Aluno-771;F;9,0;2015,0;2022;2;Pública;EM Cecilia Cristina de Oliveira Rodrigues;ALFA N - G2/G3;0,0;1,0;-1,0;True;Moderada (1);6,066009523800001;Ágata;8,502;6,619047619;3,135;5,625;6,5;6,08;5,0;6,5;6,5;;2,0;;;;;;-1;2022;False;3
RA-772;2022;Aluno-772;M;11,0;2011,0;2021;1;Pública;;M;0,0;2,0;-2,0;True;Alta (2);6,994;Ágata;9,0;5,4;7,5;;9,2;7,25;5,0;9,3;9,2;;2,0;490;139;5;False;False;-2;2021;False;2
RA-772;2023;Aluno-772;M;12,0;2011,0;2021;2;Pública;;1N;1,0;3,0;-2,0;True;Alta (2);5,930166667;Quartzo;0,0;7,2;7,52;6,875;4,8;8,003333333;5,0;5,2;4,3;;3,0;;;;;;-2;2021;False;2
RA-773;2022;Aluno-773;F;9,0;2013,0;2022;0;Pública;;M;0,0;1,0;-1,0;True;Moderada (1);6,922;Ágata;10,0;6,8;5,0;;8,1;7,083;5,0;9,3;6,8;;2,0;520;147;6;False;False;-1;2022;False;3
RA-773;2023;Aluno-773;F;9,0;2013,0;2022;1;Pública;;ALFA M - G0/G1;0,0;1,0;-1,0;True;Moderada (1);6,9287;Ágata;10,0;7,5;2,52;5,625;7,9;7,67;5,0;8,0;7,8;;2,0;;;;;;-1;2022;False;3
RA-773;2024;Aluno-773;F;10,0;2013,0;2022;2;Pública;EM Cecilia Cristina de Oliveira Rodrigues;ALFA L - G2/G3;0,0;2,0;-2,0;True;Alta (2);6,566200000000001;Ágata;10,002;8,75;2,51;7,5;5,0;6,575;5,0;8,0;2,0;;2,0;;;;;;-2;2022;False;3
RA-774;2022;Aluno-774;F;8,0;2014,0;2022;0;Pública;;M;0,0;0,0;0,0;False;Adequado;7,587;Ametista;10,0;7,8;7,5;;6,1;7,417;10,0;7,8;4,4;;2,0;280;78;4;False;False;0;2022;False;3
RA-774;2023;Aluno-774;F;9,0;2014,0;2022;1;Pública;;ALFA N - G2/G3;0,0;1,0;-1,0;True;Moderada (1);5,852;Quartzo;0,0;9,5;3,14;5,0;6,9;6,34;5,0;7,7;6,0;;2,0;;;;;;-1;2022;False;3
RA-774;2024;Aluno-774;F;10,0;2014,0;2022;2;Pública;EM Cecilia Cristina de Oliveira Rodrigues;ALFA N - G2/G3;0,0;1,0;-1,0;True;Moderada (1);5,685771428600001;Quartzo;10,002;6,3928571430000005;2,51;6,25;3,75;6,405;5,0;2,0;5,5;;2,0;;;;;;-1;2022;False;3
RA-775;2022;Aluno-775;M;10,0;2012,0;2021;1;Pública;;N;0,0;2,0;-2,0;True;Alta (2);5,79;Quartzo;7,9;5,7;4,4;;5,7;6,417;5,0;5,5;5,8;;2,0;751;182;7;False;False;-2;2021;False;1
RA-776;2022;Aluno-776;F;9,0;2013,0;2022;0;Pública;;N;0,0;1,0;-1,0;True;Moderada (1);3,898;Quartzo;0,0;4,3;4,4;;1,7;6,333;5,0;0,0;3,3;;2,0;856;190;9;False;False;-1;2022;False;3
RA-776;2023;Aluno-776;F;10,0;2013,0;2022;1;Privada - Apadrinhamento;;1K;1,0;2,0;-1,0;True;Moderada (1);5,567916667;Quartzo;0,0;7,0;7,52;7,8125;3,5;7,223333333;5,0;4,2;2,7;;3,0;;;;;;-1;2022;False;3
RA-776;2024;Aluno-776;F;11,0;2013,0;2022;2;Pública;EM Cecilia Cristina de Oliveira Rodrigues;1K;1,0;2,0;-1,0;True;Moderada (1);5,178509523800001;Quartzo;7,917;5,9523809525;5,63;8,333333333;0,0;6,5;5,0;0,0;0,0;;2,0;;;;;;-1;2022;False;3
RA-777;2022;Aluno-777;M;8,0;2014,0;2022;0;Pública;;N;0,0;0,0;0,0;False;Adequado;7,096;Ametista;8,0;7,7;7,5;;5,3;7,0;10,0;6,5;4,0;;2,0;457;133;4;False;False;0;2022;False;3
RA-777;2023;Aluno-777;F;9,0;2014,0;2022;1;Pública;;1N;1,0;1,0;0,0;False;Adequado;7,468125;Ametista;0,0;9,3;7,52;8,28125;6,3;8,84;10,0;5,3;7,3;;3,0;;;;;;0;2022;False;3
RA-777;2024;Aluno-777;F;10,0;2014,0;2022;2;Pública;EE Helio Luiz Dobrochinski Prof;2N;2,0;2,0;0,0;False;Adequado;7,563515408100001;Ametista;8,002;8,7757437075;7,51;8,125;4,5;7,723333333;10,0;3,5;5,5;;3,0;;;;;;0;2022;False;3
RA-778;2022;Aluno-778;F;9,0;2013,0;2021;1;Pública;;N;0,0;1,0;-1,0;True;Moderada (1);7,432;Ametista;10,0;6,7;7,5;;7,1;8,833;5,0;6,0;8,2;;2,0;342;100;3;True;False;-1;2021;False;3
RA-778;2023;Aluno-778;F;10,0;2013,0;2021;2;Pública;;1K;1,0;2,0;-1,0;True;Moderada (1);7,926825;Ametista;8,5;7,9;7,52;8,90625;8,2;8,62;5,0;7,3;9,0;;3,0;;;;;;-1;2021;False;3
RA-778;2024;Aluno-778;F;11,0;2013,0;2021;3;Pública;Estuda em outra cidade;2K;2,0;2,0;0,0;False;Adequado;8,0754139589;Topázio;10,002;8,1235697945;7,51;7,5;7,0;7,7475;10,0;5,0;9,0;;4,0;;;;;;0;2021;False;3
RA-779;2022;Aluno-779;M;10,0;2012,0;2022;0;Pública;;N;0,0;2,0;-2,0;True;Alta (2);5,702;Quartzo;9,5;5,0;7,5;;2,6;7,083;5,0;2,2;3,0;;2,0;760;183;8;False;False;-2;2022;False;1
RA-78;2022;Aluno-78;M;17,0;2005,0;2018;4;Privada - Parceira;;F;5,0;7,0;-2,0;True;Alta (2);7,04;Ametista;8,3;6,6;5,6;;7,2;8,0;5,0;8,7;5,7;7,3;4,0;475;29;2;False;False;-2;2018;True;3
RA-78;2023;Aluno-78;F;18,0;2005,0;2018;5;Privada - Apadrinhamento;;6A;6,0;8,0;-2,0;True;Alta (2);6,434625;Ágata;0,0;7,7;6,26;8,28125;6,7;8,0025;5,0;8,5;4,8;6,8;4,0;;;;;;-2;2018;True;3
RA-78;2024;Aluno-78;F;19,0;2005,0;2018;6;Privada - Apadrinhamento;Colégio Arco Íris Evolução;7A;7,0;7,0;0,0;False;Adequado;8,1780308688;Topázio;8,751;8,028404344;8,755;8,4375;7,5;7,39;10,0;6,5;6,0;10,0;3,0;;;;;;0;2021;True;3
RA-780;2022;Aluno-780;F;9,0;2013,0;2022;0;Pública;;N;0,0;1,0;-1,0;True;Moderada (1);6,955;Ágata;8,0;7,6;7,5;;6,9;7,167;5,0;6,3;7,5;;2,0;502;143;6;False;False;-1;2022;False;3
RA-780;2023;Aluno-780;F;10,0;2013,0;2022;1;Pública;;ALFA N - G2/G3;0,0;2,0;-2,0;True;Alta (2);7,7842;Ametista;9,5;8,8;3,14;8,75;8,3;8,675;5,0;8,0;8,5;;2,0;;;;;;-2;2022;False;3
RA-780;2024;Aluno-780;F;11,0;2013,0;2022;2;Pública;EM Cecilia Cristina de Oliveira Rodrigues;1L;1,0;2,0;-1,0;True;Moderada (1);7,7430333333;Ametista;9,502;10,0;5,63;8,958333333;6,0;8,17;5,0;6,0;6,0;;2,0;;;;;;-1;2022;False;3
RA-781;2022;Aluno-781;F;9,0;2013,0;2021;1;Pública;;N;0,0;1,0;-1,0;True;Moderada (1);7,786;Ametista;10,0;8,9;7,5;;8,3;7,75;5,0;8,0;8,5;;2,0;205;54;1;False;False;-1;2021;False;3
RA-781;2023;Aluno-781;F;10,0;2013,0;2021;2;Pública;;1N;1,0;2,0;-1,0;True;Moderada (1);8,209283333;Topázio;7,5;9,8;7,52;8,4375;7,9;9,116666667;5,0;7,0;8,8;;3,0;;;;;;-1;2021;False;3
RA-781;2024;Aluno-781;F;11,0;2013,0;2021;3;Pública;EE Helio Luiz Dobrochinski Prof;2N;2,0;2,0;0,0;False;Adequado;8,496283333400001;Topázio;8,002;9,75;7,51;8,4375;7,25;8,506666667;10,0;5,0;9,5;;3,0;;;;;;0;2021;False;3
RA-782;2022;Aluno-782;M;8,0;2014,0;2022;0;Pública;;N;0,0;0,0;0,0;False;Adequado;7,485;Ametista;9,5;8,4;7,5;;6,0;7,0;10,0;5,7;6,3;;2,0;317;93;2;False;False;0;2022;False;3
RA-782;2023;Aluno-782;M;9,0;2014,0;2022;1;Pública;;ALFA L - G2/G3;0,0;1,0;-1,0;True;Moderada (1);7,6812;Ametista;8,5;9,8;2,52;7,5;7,5;9,345;5,0;8,3;6,7;;2,0;;;;;;-1;2022;False;3
RA-782;2024;Aluno-782;M;10,0;2014,0;2022;2;Pública;EM Amanda Consuelo da Cunha;1L;1,0;1,0;0,0;False;Adequado;8,1896285714;Topázio;9,502;7,857142856999999;7,51;7,5;7,75;8,085;10,0;7,5;8,0;;2,0;;;;;;0;2022;False;3
RA-783;2022;Aluno-783;M;8,0;2014,0;2021;1;Pública;;N;0,0;0,0;0,0;False;Adequado;6,996;Ágata;9,5;5,8;7,5;;6,0;6,917;10,0;4,7;7,3;;2,0;487;138;5;False;False;0;2021;False;2
RA-783;2023;Aluno-783;M;9,0;2014,0;2021;2;Pública;;ALFA N - G2/G3;0,0;1,0;-1,0;True;Moderada (1);7,2922;Ametista;9,5;6,8;3,77;7,5;8,9;7,925;5,0;9,0;8,7;;2,0;;;;;;-1;2021;False;2
RA-784;2022;Aluno-784;M;9,0;2013,0;2022;0;Pública;;O;0,0;1,0;-1,0;True;Moderada (1);8,34;Topázio;9,5;10,0;7,5;;8,2;9,25;5,0;7,8;8,5;;2,0;54;14;1;True;False;-1;2022;False;3
RA-784;2023;Aluno-784;F;10,0;2013,0;2022;1;Pública;;1L;1,0;2,0;-1,0;True;Moderada (1);8,171366667;Topázio;10,0;9,5;7,52;8,125;7,3;8,783333333;5,0;6,5;8,0;;3,0;;;;;;-1;2022;False;3
RA-784;2024;Aluno-784;F;11,0;2013,0;2022;2;Privada - Apadrinhamento;Colégio Arco Íris Evolução;2M;2,0;2,0;0,0;False;Adequado;8,8857454545;Topázio;8,002;9,7727272725;5,635;9,375;8,75;9,4;10,0;8,0;9,5;;3,0;;;;;;0;2022;False;3
RA-785;2022;Aluno-785;F;9,0;2013,0;2022;0;Pública;;O;0,0;1,0;-1,0;True;Moderada (1);7,642;Ametista;9,0;8,6;7,5;;8,4;7,667;5,0;8,8;8,0;;2,0;256;72;4;False;False;-1;2022;False;3
RA-785;2023;Aluno-785;F;10,0;2013,0;2022;1;Pública;;1L;1,0;2,0;-1,0;True;Moderada (1);8,137866667;Topázio;9,0;8,5;7,52;7,916666667;8,8;8,67;5,0;8,2;9,4;;3,0;;;;;;-1;2022;False;3
RA-785;2024;Aluno-785;F;11,0;2013,0;2022;2;Pública;EE Helio Luiz Dobrochinski Prof;2U;2,0;2,0;0,0;False;Adequado;9,1548666666;Topázio;9,502;10,0;7,51;8,75;9,0;8,893333333;10,0;8,0;10,0;;3,0;;;;;;0;2022;False;3
RA-786;2022;Aluno-786;M;11,0;2011,0;2019;3;Pública;;O;0,0;2,0;-2,0;True;Alta (2);7,004;Ágata;9,0;9,5;5,6;;6,1;7,167;5,0;6,3;5,8;;2,0;485;137;11;False;False;-2;2019;False;1
RA-787;2022;Aluno-787;M;8,0;2014,0;2022;0;Pública;;O;0,0;0,0;0,0;False;Adequado;7,205;Ametista;8,5;9,5;7,5;;3,4;7,25;10,0;4,2;2,7;;2,0;426;127;9;False;False;0;2022;False;3
RA-787;2023;Aluno-787;M;9,0;2014,0;2022;1;Pública;;ALFA O - G2/G3;0,0;1,0;-1,0;True;Moderada (1);7,5227;Ametista;9,0;9,8;7,52;5,625;5,9;8,34;5,0;6,0;5,8;;2,0;;;;;;-1;2022;False;3
RA-787;2024;Aluno-787;M;10,0;2014,0;2022;2;Pública;EE Helio Luiz Dobrochinski Prof;ALFA O - G2/G3;0,0;1,0;-1,0;True;Moderada (1);7,73495;Ametista;9,002;9,75;7,51;7,1875;7,25;7,325;5,0;10,0;4,5;;2,0;;;;;;-1;2022;False;3
RA-788;2022;Aluno-788;M;8,0;2014,0;2021;1;Privada - Parceira;;O;0,0;0,0;0,0;False;Adequado;8,264;Topázio;10,0;9,3;5,6;;8,0;8,667;10,0;7,8;8,2;;2,0;68;17;2;True;False;0;2021;False;3
RA-788;2023;Aluno-788;M;9,0;2014,0;2021;2;Pública;;1K;1,0;1,0;0,0;False;Adequado;7,806091667;Ametista;7,9;9,8;2,52;7,65625;6,9;8,283333333;10,0;6,0;7,8;;3,0;;;;;;0;2021;False;3
RA-788;2024;Aluno-788;M;10,0;2014,0;2021;3;Privada - Apadrinhamento;Colégio Arco Íris Evolução;2N;2,0;2,0;0,0;False;Adequado;7,9221068268;Ametista;8,418;9,519450801;6,26;8,4375;5,75;7,783333333;10,0;4,0;7,5;;3,0;;;;;;0;2021;False;3
RA-789;2022;Aluno-789;F;7,0;2015,0;2022;0;Pública;;O;0,0;0,0;0,0;False;Adequado;7,405;Ametista;9,0;9,4;7,5;;4,2;7,417;10,0;3,7;4,7;;2,0;359;108;7;False;False;0;2022;False;3
RA-789;2023;Aluno-789;F;8,0;2015,0;2022;1;Pública;;ALFA L - G2/G3;0,0;0,0;0,0;False;Adequado;7,974;Ametista;0,0;9,5;7,52;7,5;7,9;10,01;10,0;8,5;7,2;;2,0;;;;;;0;2022;False;3
RA-789;2024;Aluno-789;F;9,0;2015,0;2022;2;Pública;EE Helio Luiz Dobrochinski Prof;1L;1,0;1,0;0,0;False;Adequado;8,0443904763;Topázio;9,002;9,047619048;7,51;9,166666667;5,25;8,085;10,0;5,5;5,0;;2,0;;;;;;0;2022;False;3
RA-79;2022;Aluno-79;F;16,0;2006,0;2018;4;Privada - Parceira;;F;5,0;6,0;-1,0;True;Moderada (1);6,847;Ágata;5,4;6,3;5,6;;8,9;7,292;5,0;9,5;7,7;9,5;4,0;541;31;3;False;False;-1;2018;False;2
RA-79;2023;Aluno-79;F;17,0;2006,0;2018;5;Privada - Apadrinhamento;;6A;6,0;7,0;-1,0;True;Moderada (1);6,635883333;Ágata;5,8;6,2;5,0;7,8125;7,6;7,59;5,0;6,0;7,7;9,0;4,0;;;;;;-1;2018;False;2
RA-790;2022;Aluno-790;F;11,0;2011,0;2022;0;Pública;;O;0,0;2,0;-2,0;True;Alta (2);7,504;Ametista;9,0;8,9;7,5;;7,8;7,417;5,0;8,5;7,2;;2,0;307;89;6;False;False;-2;2022;False;3
RA-790;2023;Aluno-790;M;12,0;2011,0;2022;1;Pública;;1L;1,0;3,0;-2,0;True;Alta (2);6,707666667;Ágata;0,0;8,1;7,52;7,083333333;7,4;8,286666667;5,0;7,2;7,5;;3,0;;;;;;-2;2022;False;3
RA-790;2024;Aluno-790;M;13,0;2011,0;2022;2;Pública;EM Cecilia Cristina de Oliveira Rodrigues;2U;2,0;3,0;-1,0;True;Moderada (1);6,8089355072;Ágata;7,502;6,811594203;7,51;7,1875;6,75;6,883333333;5,0;4,0;9,5;;3,0;;;;;;-1;2022;False;3
RA-791;2022;Aluno-791;F;11,0;2011,0;2022;0;Pública;;O;0,0;2,0;-2,0;True;Alta (2);7,507;Ametista;9,5;8,7;7,5;;6,5;8,5;5,0;6,3;6,7;;2,0;306;88;5;True;False;-2;2022;False;2
RA-791;2023;Aluno-791;F;12,0;2011,0;2022;1;Pública;;1K;1,0;3,0;-2,0;True;Alta (2);6,247916667;Ágata;0,0;8,1;7,52;7,8125;5,3;7,723333333;5,0;6,0;4,5;;3,0;;;;;;-2;2022;False;2
RA-792;2022;Aluno-792;F;9,0;2013,0;2022;0;Pública;;O;0,0;1,0;-1,0;True;Moderada (1);7,025;Ágata;9,5;8,0;7,5;;6,2;7,167;5,0;6,5;5,8;;2,0;480;136;10;False;False;-1;2022;False;3
RA-792;2023;Aluno-792;F;10,0;2013,0;2022;1;Pública;;ALFA L - G2/G3;0,0;2,0;-2,0;True;Alta (2);7,6267;Ametista;9,0;7,7;7,52;6,875;7,2;9,085;5,0;6,8;7,5;;2,0;;;;;;-2;2022;False;3
RA-792;2024;Aluno-792;F;11,0;2013,0;2022;2;Pública;EE Donizetti Aparecido Leite Professor;1N;1,0;2,0;-1,0;True;Moderada (1);6,036012253;Ágata;8,502;5,2865612650000005;7,51;8,125;3,25;7,075;5,0;6,5;0,0;;2,0;;;;;;-1;2022;False;3
RA-793;2022;Aluno-793;M;10,0;2012,0;2022;0;Pública;;O;0,0;2,0;-2,0;True;Alta (2);6,894;Ágata;9,5;7,6;7,5;;6,0;7,333;5,0;6,0;6,0;;2,0;527;151;12;False;False;-2;2022;False;1
RA-794;2022;Aluno-794;F;8,0;2014,0;2022;0;Pública;;O;0,0;0,0;0,0;False;Adequado;7,335;Ametista;9,5;8,9;7,5;;4,1;7,333;10,0;3,7;4,5;;2,0;381;114;8;False;False;0;2022;False;3
RA-794;2023;Aluno-794;F;9,0;2014,0;2022;1;Pública;;ALFA L - G2/G3;0,0;1,0;-1,0;True;Moderada (1);7,9842;Ametista;9,0;9,2;7,52;7,5;6,2;10,01;5,0;5,2;7,2;;2,0;;;;;;-1;2022;False;3
RA-794;2024;Aluno-794;F;10,0;2014,0;2022;2;Pública;EE Helio Luiz Dobrochinski Prof;1K;1,0;1,0;0,0;False;Adequado;7,145652380900001;Ametista;9,502;6,9047619045;7,51;8,125;3,0;8,255;10,0;6,0;0,0;;2,0;;;;;;0;2022;False;3
RA-795;2022;Aluno-795;F;8,0;2014,0;2022;0;Pública;;O;0,0;0,0;0,0;False;Adequado;8,064;Topázio;9,0;9,7;7,5;;7,3;7,333;10,0;8,0;6,5;;2,0;126;35;3;False;False;0;2022;False;3
RA-795;2023;Aluno-795;F;9,0;2014,0;2022;1;Pública;;ALFA L - G2/G3;0,0;1,0;-1,0;True;Moderada (1);8,4642;Topázio;9,0;9,6;7,52;7,5;8,2;10,01;5,0;8,7;7,7;;2,0;;;;;;-1;2022;False;3
RA-795;2024;Aluno-795;F;10,0;2014,0;2022;2;Pública;EE Helio Luiz Dobrochinski Prof;1L;1,0;2,0;-1,0;True;Moderada (1);8,441414285700002;Topázio;9,502;9,761904762;6,26;8,958333333;9,5;8,085;5,0;10,0;9,0;;2,0;;;;;;-1;2022;False;3
RA-796;2022;Aluno-796;F;10,0;2012,0;2022;0;Pública;;Q;0,0;2,0;-2,0;True;Alta (2);7,232;Ametista;9,5;9,3;7,5;;5,4;7,667;5,0;5,8;5,0;;2,0;416;123;3;False;False;-2;2022;False;3
RA-796;2023;Aluno-796;F;11,0;2012,0;2022;1;Pública;;1P;1,0;2,0;-1,0;True;Moderada (1);7,462866667;Ametista;9,0;9,8;6,27;7,083333333;5,5;8,336666667;5,0;5,0;6,0;;3,0;;;;;;-1;2022;False;3
RA-796;2024;Aluno-796;F;12,0;2012,0;2022;2;Pública;EE Donizetti Aparecido Leite Professor;2P;2,0;3,0;-1,0;True;Moderada (1);7,052457703200001;Ametista;8,502;8,2212885155;7,51;7,916666667;5,25;7,326666667;5,0;3,0;7,5;;3,0;;;;;;-1;2022;False;3
RA-797;2022;Aluno-797;M;10,0;2012,0;2021;1;Pública;;Q;0,0;2,0;-2,0;True;Alta (2);7,217;Ametista;9,0;8,5;7,5;;7,3;7,5;5,0;8,2;6,5;;2,0;421;126;4;False;False;-2;2021;False;3
RA-797;2023;Aluno-797;M;11,0;2012,0;2021;2;Pública;;1P;1,0;2,0;-1,0;True;Moderada (1);7,373033333;Ametista;8,5;8,6;7,52;6,041666667;7,5;7,233333333;5,0;7,0;8,0;;3,0;;;;;;-1;2021;False;3
RA-797;2024;Aluno-797;M;12,0;2012,0;2021;3;Pública;EE Donizetti Aparecido Leite Professor;2P;2,0;3,0;-1,0;True;Moderada (1);6,597315151500001;Ágata;9,168;4,840909091;7,51;6,666666667;7,25;6,723333333;5,0;8,0;6,5;;3,0;;;;;;-1;2021;False;3
RA-798;2022;Aluno-798;M;10,0;2012,0;2022;0;Pública;;Q;0,0;2,0;-2,0;True;Alta (2);7,049;Ametista;8,0;8,3;7,5;;6,3;7,667;5,0;7,0;5,7;;2,0;472;135;5;False;False;-2;2022;False;3
RA-798;2023;Aluno-798;M;11,0;2012,0;2022;1;Privada - Apadrinhamento;;1R;1,0;2,0;-1,0;True;Moderada (1);7,018033333;Ametista;9,0;8,1;7,52;6,458333333;6,1;6,95;5,0;4,3;7,8;;3,0;;;;;;-1;2022;False;3
RA-798;2024;Aluno-798;M;12,0;2012,0;2022;2;Pública;EE Maria André Schunck Dona;2R;2,0;3,0;-1,0;True;Moderada (1);4,6743653679;Quartzo;6,834;3,5064935065;7,51;5,0;4,75;2,943333333;5,0;4,0;5,5;;3,0;;;;;;-1;2022;False;3
RA-799;2022;Aluno-799;F;10,0;2012,0;2022;0;Pública;;Q;0,0;2,0;-2,0;True;Alta (2);7,676;Ametista;8,0;9,6;7,5;;7,8;7,917;5,0;8,5;7,2;;2,0;244;65;2;False;False;-2;2022;False;3
RA-799;2023;Aluno-799;F;10,0;2012,0;2022;1;Pública;;1R;1,0;2,0;-1,0;True;Moderada (1);8,061533333;Topázio;9,5;9,6;5,64;8,333333333;8,3;8,17;5,0;7,8;8,8;;3,0;;;;;;-1;2022;False;3
RA-799;2024;Aluno-799;F;11,0;2012,0;2022;2;Pública;EE Maria André Schunck Dona;2R;2,0;2,0;0,0;False;Adequado;7,702648484900001;Ametista;7,918;9,090909091;7,51;7,916666667;5,25;7,5;10,0;5,0;5,5;;3,0;;;;;;0;2022;False;3
RA-8;2022;Aluno-8;F;20,0;2002,0;2018;4;Pública;;A;7,0;8,0;-1,0;True;Moderada (1);4,786;Quartzo;7,1;4,6;6,3;;1,6;6,278;5,0;1,2;0,7;2,9;4,0;836;21;13;False;False;-1;2018;False;1
RA-80;2022;Aluno-80;F;16,0;2006,0;2017;5;Privada - Parceira;;K;5,0;6,0;-1,0;True;Moderada (1);7,29;Ametista;9,2;8,3;5,0;;7,1;7,625;5,0;6,5;7,7;7,3;4,0;397;26;6;False;False;-1;2017;True;3
RA-80;2023;Aluno-80;F;17,0;2006,0;2017;6;Privada - Apadrinhamento;;6L;6,0;7,0;-1,0;True;Moderada (1);7,252275;Ametista;8,3;8,4;6,89;7,96875;6,3;7,465;5,0;8,2;5,7;5,0;4,0;;;;;;-1;2017;True;3
RA-80;2024;Aluno-80;F;18,0;2006,0;2017;7;Privada - Apadrinhamento;Colégio Arco Íris Evolução;7A;7,0;7,0;0,0;False;Adequado;8,131659175733333;Topázio;8,751;7,8961292116666675;8,13;8,75;7,0;7,946666667;10,0;5,0;6,0;10,0;3,0;;;;;;0;2021;True;3
RA-800;2022;Aluno-800;M;8,0;2014,0;2022;0;Pública;;Q;0,0;0,0;0,0;False;Adequado;6,818;Ágata;8,0;5,4;7,5;;6,1;7,5;10,0;6,3;5,8;;2,0;551;157;8;False;False;0;2022;False;1
RA-801;2022;Aluno-801;M;9,0;2013,0;2022;0;Pública;;Q;0,0;1,0;-1,0;True;Moderada (1);6,644;Ágata;7,0;6,6;7,5;;6,8;7,5;5,0;7,2;6,3;;2,0;611;167;9;False;False;-1;2022;False;3
RA-801;2023;Aluno-801;M;9,0;2013,0;2022;1;Pública;;1R;1,0;1,0;0,0;False;Adequado;6,8735;Ágata;0,0;7,5;7,52;6,875;7,6;7,12;10,0;6,8;8,3;;3,0;;;;;;0;2022;False;3
RA-801;2024;Aluno-801;M;10,0;2013,0;2022;2;Pública;EE Luiz Schunck;1R;1,0;2,0;-1,0;True;Moderada (1);6,6752;Ágata;9,002;5,75;7,51;6,25;8,0;5,745;5,0;7,0;9,0;;4,0;;;;;;-1;2022;False;3
RA-802;2022;Aluno-802;M;9,0;2013,0;2021;1;Pública;;Q;0,0;1,0;-1,0;True;Moderada (1);7,831;Ametista;9,0;9,0;7,5;;8,3;8,333;5,0;9,0;7,5;;2,0;193;51;1;False;False;-1;2021;False;3
RA-802;2023;Aluno-802;M;10,0;2013,0;2021;2;Pública;;1R;1,0;2,0;-1,0;True;Moderada (1);8,126866667;Topázio;8,0;9,3;7,52;8,333333333;9,4;7,506666667;5,0;9,3;9,5;;3,0;;;;;;-1;2021;False;3
RA-802;2024;Aluno-802;M;11,0;2013,0;2021;3;Pública;EE Maria André Schunck Dona;2R;2,0;2,0;0,0;False;Adequado;7,831797402499999;Ametista;7,502;7,012987013;7,51;8,333333333;8,75;6,723333333;10,0;9,0;8,5;;3,0;;;;;;0;2021;False;3
RA-803;2022;Aluno-803;F;10,0;2012,0;2022;0;Pública;;Q;0,0;2,0;-2,0;True;Alta (2);6,98;Ágata;10,0;7,2;7,5;;6,3;7,417;5,0;6,5;6,0;;2,0;494;141;6;False;False;-2;2022;False;1
RA-804;2022;Aluno-804;M;10,0;2012,0;2022;0;Pública;;Q;0,0;2,0;-2,0;True;Alta (2);6,848;Ágata;10,0;8,4;6,3;;4,8;7,667;5,0;5,5;4,0;;2,0;540;153;7;False;False;-2;2022;False;2
RA-804;2023;Aluno-804;M;11,0;2012,0;2022;1;Pública;;1R;1,0;2,0;-1,0;True;Moderada (1);7,2352;Ametista;10,0;8,6;6,27;5,833333333;6,9;7,173333333;5,0;6,2;7,5;;3,0;;;;;;-1;2022;False;2
RA-805;2022;Aluno-805;M;8,0;2014,0;2021;1;Pública;;R;0,0;0,0;0,0;False;Adequado;8,279;Topázio;9,5;9,0;7,5;;8,8;7,333;10,0;8,7;8,9;;2,0;65;16;2;False;False;0;2021;False;3
RA-805;2023;Aluno-805;M;9,0;2014,0;2021;2;Pública;;ALFA Q - G2/G3;0,0;1,0;-1,0;True;Moderada (1);6,492;Ágata;0,0;9,1;7,52;6,25;6,8;7,175;5,0;6,8;6,8;;2,0;;;;;;-1;2021;False;3
RA-805;2024;Aluno-805;M;10,0;2014,0;2021;3;Pública;EE Luiz Schunck;1R;1,0;2,0;-1,0;True;Moderada (1);6,9375869048;Ágata;8,502;9,523809524;4,38;7,03125;6,0;6,7075;5,0;7,0;5,0;;4,0;;;;;;-1;2021;False;3
RA-806;2022;Aluno-806;M;8,0;2014,0;2022;0;Pública;;R;0,0;0,0;0,0;False;Adequado;7,561;Ametista;9,5;7,3;7,5;;6,6;7,917;10,0;5,0;8,2;;2,0;290;82;5;False;False;0;2022;False;3
RA-806;2023;Aluno-806;M;9,0;2014,0;2022;1;Pública;;ALFA Q - G2/G3;0,0;1,0;-1,0;True;Moderada (1);7,2937;Ametista;8,5;8,3;6,27;6,875;7,8;7,095;5,0;7,8;7,7;;2,0;;;;;;-1;2022;False;3
RA-806;2024;Aluno-806;M;10,0;2014,0;2022;2;Pública;EE Luiz Schunck;1R;1,0;2,0;-1,0;True;Moderada (1);6,972777380900001;Ágata;8,502;6,9047619045;7,51;7,65625;6,75;6,875;5,0;6,5;7,0;;4,0;;;;;;-1;2022;False;3
RA-807;2022;Aluno-807;M;8,0;2014,0;2022;0;Pública;;R;0,0;0,0;0,0;False;Adequado;8,121;Topázio;9,5;8,7;6,3;;9,0;7,5;10,0;9,5;8,6;;2,0;109;31;3;False;False;0;2022;False;3
RA-807;2023;Aluno-807;M;9,0;2014,0;2022;1;Pública;;ALFA Q - G2/G3;0,0;1,0;-1,0;True;Moderada (1);7,8632;Ametista;9,5;9,1;7,52;6,25;8,0;8,08;5,0;8,3;7,7;;2,0;;;;;;-1;2022;False;3
RA-807;2024;Aluno-807;M;10,0;2014,0;2022;2;Pública;EE Luiz Schunck;1R;1,0;1,0;0,0;False;Adequado;7,797628571400001;Ametista;9,002;7,857142856999999;7,51;7,5;7,0;7,125;10,0;6,0;8,0;;4,0;;;;;;0;2022;False;3
RA-808;2022;Aluno-808;M;8,0;2014,0;2022;0;Pública;;R;0,0;0,0;0,0;False;Adequado;8,361;Topázio;10,0;9,1;6,3;;9,3;8,0;10,0;9,7;8,8;;2,0;51;12;1;False;False;0;2022;False;3
RA-808;2023;Aluno-808;M;9,0;2014,0;2022;1;Pública;;ALFA S - G2/G3;0,0;1,0;-1,0;True;Moderada (1);8,1932;Topázio;10,0;10,0;2,52;7,5;8,7;9,755;5,0;8,7;8,7;;2,0;;;;;;-1;2022;False;3
RA-808;2024;Aluno-808;M;10,0;2014,0;2022;2;Pública;EE Luiz Schunck;1R;1,0;1,0;0,0;False;Adequado;8,7897;Topázio;9,002;10,0;7,51;8,125;8,75;7,88;10,0;7,5;10,0;;4,0;;;;;;0;2022;False;3
RA-809;2022;Aluno-809;M;7,0;2015,0;2022;0;Pública;;R;0,0;0,0;0,0;False;Adequado;7,259;Ametista;10,0;6,6;6,3;;6,3;7,417;10,0;5,5;7,1;;2,0;410;120;7;False;False;0;2022;False;1
RA-81;2022;Aluno-81;F;14,0;2008,0;2017;5;Privada - Parceira;;K;5,0;4,0;1,0;False;Adiantado;7,675;Ametista;9,2;9,2;5,0;;6,0;7,458;10,0;5,5;5,2;7,3;4,0;247;14;2;False;False;1;2017;True;3
RA-81;2023;Aluno-81;F;15,0;2008,0;2017;6;Privada - Apadrinhamento;;5L;5,0;5,0;0,0;False;Adequado;7,45425;Ametista;9,6;8,8;2,52;7,8125;6,3;7,2125;10,0;8,7;4,7;5,5;4,0;;;;;;0;2017;True;3
RA-81;2024;Aluno-81;F;16,0;2008,0;2017;7;Privada - Apadrinhamento;Colégio Arco Íris Evolução;6L;6,0;6,0;0,0;False;Adequado;8,256566666666668;Topázio;9,168;9,333333333333334;6,26;7,875;7,5;7,798;10,0;9,0;6,5;7,0;5,0;;;;;;0;2021;True;3
RA-810;2022;Aluno-810;M;8,0;2014,0;2021;1;Pública;;R;0,0;0,0;0,0;False;Adequado;7,887;Ametista;8,5;9,1;5,0;;9,6;7,25;10,0;9,7;9,5;;2,0;175;47;4;False;False;0;2021;False;3
RA-810;2023;Aluno-810;M;9,0;2014,0;2021;2;Pública;;1P;1,0;1,0;0,0;False;Adequado;7,782866667;Ametista;8,0;8,5;7,52;5,833333333;6,9;7,836666667;10,0;6,3;7,5;;3,0;;;;;;0;2021;False;3
RA-810;2024;Aluno-810;M;10,0;2014,0;2021;3;Pública;EE Helio Luiz Dobrochinski Prof;1P;1,0;2,0;-1,0;True;Moderada (1);7,704770175400001;Ametista;7,502;9,4736842105;5,635;6,458333333;9,0;7,7525;5,0;8,0;10,0;;4,0;;;;;;-1;2021;False;3
RA-811;2022;Aluno-811;F;9,0;2013,0;2021;1;Pública;;R;0,0;1,0;-1,0;True;Moderada (1);6,575;Ágata;8,9;5,7;5,6;;7,3;7,667;5,0;8,9;5,7;;2,0;635;170;8;False;False;-1;2021;False;1
RA-812;2022;Aluno-812;M;8,0;2014,0;2022;0;Pública;;R;0,0;0,0;0,0;False;Adequado;7,497;Ametista;9,0;8,1;5,6;;7,4;7,333;10,0;8,3;6,6;;2,0;313;90;6;False;False;0;2022;False;2
RA-812;2023;Aluno-812;M;8,0;2014,0;2022;1;Pública;;ALFA Q - G2/G3;0,0;0,0;0,0;False;Adequado;8,0357;Topázio;9,5;9,1;7,52;6,875;5,8;8,33;10,0;6,3;5,3;;2,0;;;;;;0;2022;False;2
RA-813;2022;Aluno-813;M;8,0;2014,0;2022;0;Pública;;S;0,0;0,0;0,0;False;Adequado;7,093;Ametista;9,5;6,5;6,9;;6,0;7,417;10,0;6,7;5,3;;2,0;459;134;6;False;False;0;2022;False;2
RA-813;2023;Aluno-813;M;9,0;2014,0;2022;1;Pública;;1R;1,0;1,0;0,0;False;Adequado;7,5867;Ametista;9,5;8,4;7,52;8,125;3,9;8,06;10,0;2,3;5,5;;3,0;;;;;;0;2022;False;2
RA-814;2022;Aluno-814;M;9,0;2013,0;2022;0;Pública;;S;0,0;1,0;-1,0;True;Moderada (1);7,592;Ametista;8,9;9,0;6,9;;7,5;8,417;5,0;7,8;7,2;;2,0;275;77;4;True;False;-1;2022;False;3
RA-814;2023;Aluno-814;M;10,0;2013,0;2022;1;Pública;;1P;1,0;2,0;-1,0;True;Moderada (1);8,367866667;Topázio;9,5;9,6;6,89;8,333333333;8,2;9,226666667;5,0;7,8;8,5;;3,0;;;;;;-1;2022;False;3
RA-814;2024;Aluno-814;M;11,0;2013,0;2022;2;Pública;EE Donizetti Aparecido Leite Professor;2P;2,0;2,0;0,0;False;Adequado;7,971648484800001;Ametista;7,418;9,090909091;7,51;7,5;7,5;7,053333333;10,0;8,0;7,0;;3,0;;;;;;0;2022;False;3
RA-815;2022;Aluno-815;M;9,0;2013,0;2022;0;Pública;;S;0,0;1,0;-1,0;True;Moderada (1);6,81;Ágata;10,0;7,9;5,6;;6,5;7,0;5,0;7,7;5,3;;2,0;552;158;7;False;False;-1;2022;False;2
RA-815;2023;Aluno-815;M;10,0;2013,0;2022;1;Pública;;1R;1,0;2,0;-1,0;True;Moderada (1);6,122166667;Ágata;0,0;8,6;5,02;6,875;6,5;7,063333333;5,0;7,0;6,0;;3,0;;;;;;-1;2022;False;2
RA-816;2022;Aluno-816;F;9,0;2013,0;2022;0;Pública;;S;0,0;1,0;-1,0;True;Moderada (1);8,513;Topázio;10,0;9,3;7,5;;9,6;9,417;5,0;9,5;9,7;;2,0;32;6;1;True;True;-1;2022;False;3
RA-816;2023;Aluno-816;F;10,0;2013,0;2022;1;Pública;;1P;1,0;2,0;-1,0;True;Moderada (1);8,5572;Topázio;7,5;9,8;7,52;9,583333333;8,9;9,283333333;5,0;7,8;10,0;;3,0;;;;;;-1;2022;False;3
RA-816;2024;Aluno-816;F;11,0;2013,0;2022;2;Privada - Apadrinhamento;Colégio Arco Íris Evolução;2P;2,0;2,0;0,0;False;Adequado;8,929745454599999;Topázio;7,002;9,7727272725;7,51;9,166666667;9,25;8,786666667;10,0;8,5;10,0;;3,0;;;;;;0;2022;False;3
RA-817;2022;Aluno-817;F;8,0;2014,0;2022;0;Pública;;S;0,0;0,0;0,0;False;Adequado;7,819;Ametista;10,0;8,7;6,3;;7,1;7,417;10,0;7,7;6,5;;2,0;197;52;2;False;False;0;2022;False;2
RA-817;2023;Aluno-817;F;9,0;2014,0;2022;1;Pública;;1R;1,0;1,0;0,0;False;Adequado;7,8597;Ametista;9,5;8,8;6,89;8,125;5,4;7,89;10,0;5,0;5,7;;3,0;;;;;;0;2022;False;2
RA-818;2022;Aluno-818;M;7,0;2015,0;2022;0;Pública;;S;0,0;0,0;0,0;False;Adequado;7,483;Ametista;9,5;7,3;7,5;;6,2;7,5;10,0;6,5;5,8;;2,0;320;95;5;False;False;0;2022;False;2
RA-818;2023;Aluno-818;M;8,0;2015,0;2022;1;Pública;;1R;1,0;0,0;1,0;False;Adiantado;7,997366667;Ametista;10,0;8,4;7,52;8,125;6,2;7,613333333;10,0;5,5;6,8;;3,0;;;;;;1;2022;False;2
RA-819;2022;Aluno-819;M;8,0;2014,0;2022;0;Pública;;S;0,0;0,0;0,0;False;Adequado;7,741;Ametista;10,0;7,9;7,5;;7,3;7,333;10,0;8,0;6,5;;2,0;223;59;3;False;False;0;2022;False;3
RA-819;2023;Aluno-819;M;9,0;2014,0;2022;1;Pública;;1P;1,0;1,0;0,0;False;Adequado;7,944833333;Ametista;0,0;8,3;7,52;8,541666667;9,5;8,893333333;10,0;9,7;9,3;;3,0;;;;;;0;2022;False;3
RA-819;2024;Aluno-819;M;10,0;2014,0;2022;2;Pública;Estuda em outra cidade;2U;2,0;1,0;1,0;False;Adiantado;8,652552484400001;Topázio;10,002;7,784679089;7,51;8,4375;9,0;8,503333333;10,0;8,0;10,0;;3,0;;;;;;1;2022;False;3
RA-82;2022;Aluno-82;F;17,0;2005,0;2022;0;Pública;;K;5,0;7,0;-2,0;True;Alta (2);6,596;Ágata;8,8;6,8;7,5;;5,5;6,417;5,0;6,0;5,0;;4,0;628;37;9;False;True;-2;2022;False;1
RA-820;2022;Aluno-820;M;9,0;2013,0;2022;0;Pública;;T;0,0;1,0;-1,0;True;Moderada (1);7,417;Ametista;9,5;10,0;6,9;;6,0;7,583;5,0;7,7;4,3;;2,0;349;103;1;False;False;-1;2022;False;3
RA-820;2023;Aluno-820;M;10,0;2013,0;2022;1;Pública;;1F;1,0;2,0;-1,0;True;Moderada (1);7,85605;Ametista;7,9;7,4;7,52;9,0625;8,9;8,28;5,0;9,2;8,5;;3,0;;;;;;-1;2022;False;3
RA-820;2024;Aluno-820;M;11,0;2013,0;2022;2;Pública;EE Dom Pedro Villas Boas de Souza;2I;2,0;2,0;0,0;False;Adequado;7,426572549100001;Ametista;10,002;6,573529412;7,51;8,333333333;6,25;6,386666667;10,0;6,0;6,5;;3,0;;;;;;0;2022;False;3
RA-821;2022;Aluno-821;M;10,0;2012,0;2022;0;Pública;;T;0,0;2,0;-2,0;True;Alta (2);6,342;Ágata;9,0;7,0;7,5;;4,6;6,917;5,0;5,2;4,0;;2,0;671;174;5;False;False;-2;2022;False;2
RA-821;2024;Aluno-821;M;11,0;2012,0;2022;2;Pública;EE Mario Francisco de Amorim;2A;2,0;2,0;0,0;False;Adequado;6,643866666600001;Ágata;8,502;5,9166666665;7,51;6,666666667;4,25;6,713333333;10,0;4,5;4,0;;3,0;;;;;;0;2022;False;2
RA-822;2022;Aluno-822;M;10,0;2012,0;2022;0;Pública;;T;0,0;2,0;-2,0;True;Alta (2);6,922;Ágata;8,0;8,4;7,5;;6,1;7,083;5,0;6,5;5,7;;2,0;521;148;3;False;False;-2;2022;False;3
RA-822;2023;Aluno-822;M;11,0;2012,0;2022;1;Pública;;ALFA I - G2/G3;0,0;2,0;-2,0;True;Alta (2);6,4497;Ágata;8,5;8,4;2,52;5,625;7,1;5,925;5,0;8,0;6,2;;2,0;;;;;;-2;2022;False;3
RA-822;2024;Aluno-822;M;12,0;2012,0;2022;2;Pública;EE João Ortiz Rodrigues;1H;1,0;3,0;-2,0;True;Alta (2);5,2645678524;Quartzo;0,0;4,6245059285;5,01;6,666666667;6,75;6,61;5,0;7,5;6,0;;3,0;;;;;;-2;2022;False;3
RA-823;2022;Aluno-823;F;10,0;2012,0;2021;1;Pública;;T;0,0;2,0;-2,0;True;Alta (2);5,989;Quartzo;10,0;6,0;7,5;;2,8;7,167;5,0;4,0;1,7;;2,0;729;181;6;False;False;-2;2021;False;1
RA-824;2022;Aluno-824;M;8,0;2014,0;2022;0;Pública;;T;0,0;0,0;0,0;False;Adequado;6,799;Ágata;10,0;4,4;6,9;;6,0;7,333;10,0;7,0;5,0;;2,0;555;159;4;False;False;0;2022;False;1
RA-825;2022;Aluno-825;F;9,0;2013,0;2021;1;Pública;;T;0,0;1,0;-1,0;True;Moderada (1);7,25;Ametista;7,5;8,2;6,9;;7,6;7,917;5,0;8,3;6,8;;2,0;412;121;2;False;False;-1;2021;False;1
RA-826;2022;Aluno-826;M;8,0;2014,0;2022;0;Pública;;U;0,0;0,0;0,0;False;Adequado;7,776;Ametista;9,5;9,6;7,5;;5,4;7,5;10,0;4,3;6,5;;2,0;211;55;5;False;False;0;2022;False;3
RA-826;2023;Aluno-826;M;9,0;2014,0;2022;1;Pública;;ALFA N - G2/G3;0,0;1,0;-1,0;True;Moderada (1);7,77645;Ametista;10,0;10,0;3,77;7,8125;7,3;8,34;5,0;7,0;7,5;;2,0;;;;;;-1;2022;False;3
RA-826;2024;Aluno-826;M;10,0;2014,0;2022;2;Pública;EM Cecilia Cristina de Oliveira Rodrigues;1L;1,0;2,0;-1,0;True;Moderada (1);7,9442;Ametista;10,002;10,0;6,26;7,5;6,75;8,59;5,0;5,5;8,0;;2,0;;;;;;-1;2022;False;3
RA-827;2022;Aluno-827;F;10,0;2012,0;2022;0;Pública;;U;0,0;2,0;-2,0;True;Alta (2);7,412;Ametista;9,5;7,0;7,5;;7,6;8,667;5,0;7,7;7,5;;2,0;352;104;6;True;False;-2;2022;False;3
RA-827;2023;Aluno-827;F;11,0;2012,0;2022;1;Pública;;1M;1,0;2,0;-1,0;True;Moderada (1);7,419925;Ametista;7,9;8,1;3,14;8,28125;8,1;8,73;5,0;7,7;8,5;;3,0;;;;;;-1;2022;False;3
RA-827;2024;Aluno-827;F;12,0;2012,0;2022;2;Pública;EE Maria André Schunck Dona;2K;2,0;2,0;0,0;False;Adequado;8,2483467391;Topázio;10,002;9,7826086955;5,01;7,65625;7,25;7,875;10,0;6,0;8,5;;4,0;;;;;;0;2022;False;3
RA-828;2022;Aluno-828;F;9,0;2013,0;2022;0;Pública;;U;0,0;1,0;-1,0;True;Moderada (1);7,139;Ametista;9,5;7,1;7,5;;6,9;7,833;5,0;7,3;6,5;;2,0;444;131;9;False;False;-1;2022;False;1
RA-829;2022;Aluno-829;F;8,0;2014,0;2022;0;Pública;;U;0,0;0,0;0,0;False;Adequado;8,003;Ametista;9,0;8,6;7,5;;7,8;7,5;10,0;8,2;7,5;;2,0;142;39;3;False;False;0;2022;False;3
RA-829;2023;Aluno-829;F;9,0;2014,0;2022;1;Pública;;1M;1,0;1,0;0,0;False;Adequado;8,532075;Topázio;9,0;9,4;3,14;9,21875;8,4;9,23;10,0;7,5;9,2;;3,0;;;;;;0;2022;False;3
RA-829;2024;Aluno-829;F;10,0;2014,0;2022;2;Privada - Apadrinhamento;Colégio Arco Íris Evolução;2K;2,0;1,0;1,0;False;Adiantado;9,171825000000002;Topázio;9,502;9,75;9,38;8,90625;8,0;9,215;10,0;6,0;10,0;;4,0;;;;;;1;2022;False;3
RA-83;2022;Aluno-83;F;17,0;2005,0;2022;0;Pública;;K;5,0;7,0;-2,0;True;Alta (2);6,671;Ágata;7,9;6,8;7,5;;6,8;5,958;5,0;6,0;7,5;;4,0;598;35;8;False;True;-2;2022;False;1
RA-830;2022;Aluno-830;F;9,0;2013,0;2022;0;Pública;;U;0,0;1,0;-1,0;True;Moderada (1);7,234;Ametista;10,0;8,6;7,5;;6,0;7,5;5,0;5,8;6,2;;2,0;414;122;8;False;False;-1;2022;False;3
RA-830;2023;Aluno-830;F;9,0;2013,0;2022;1;Pública;;ALFA U - G2/G3;0,0;1,0;-1,0;True;Moderada (1);6,78;Ágata;0,0;8,9;3,14;6,25;8,3;9,505;5,0;8,3;8,3;;2,0;;;;;;-1;2022;False;3
RA-830;2024;Aluno-830;F;11,0;2013,0;2022;2;Pública;EM Cecilia Cristina de Oliveira Rodrigues;1L;1,0;2,0;-1,0;True;Moderada (1);7,1373428571;Ametista;9,002;7,619047619;5,63;8,333333333;6,75;7,335;5,0;6,5;7,0;;2,0;;;;;;-1;2022;False;3
RA-831;2022;Aluno-831;M;9,0;2013,0;2022;0;Pública;;U;0,0;1,0;-1,0;True;Moderada (1);7,41;Ametista;9,5;9,2;7,5;;7,2;7,167;5,0;7,3;7,0;;2,0;356;107;7;False;False;-1;2022;False;3
RA-831;2023;Aluno-831;M;9,0;2013,0;2022;1;Pública;;ALFA N - G2/G3;0,0;1,0;-1,0;True;Moderada (1);7,71645;Ametista;8,0;9,4;3,77;7,8125;8,3;8,59;5,0;8,8;7,8;;2,0;;;;;;-1;2022;False;3
RA-831;2024;Aluno-831;M;10,0;2013,0;2022;2;Pública;EM Cecilia Cristina de Oliveira Rodrigues;1K;1,0;2,0;-1,0;True;Moderada (1);8,0066285715;Topázio;10,002;9,523809524;6,26;7,916666667;7,75;8,17;5,0;6,5;9,0;;2,0;;;;;;-1;2022;False;3
RA-832;2022;Aluno-832;M;9,0;2013,0;2022;0;Pública;;U;0,0;1,0;-1,0;True;Moderada (1);8,179;Topázio;10,0;9,2;7,5;;8,8;8,833;5,0;8,8;8,8;;2,0;92;24;1;True;False;-1;2022;False;3
RA-832;2023;Aluno-832;M;10,0;2013,0;2022;1;Pública;;1L;1,0;2,0;-1,0;True;Moderada (1);8,2697;Topázio;10,0;9,5;7,52;7,708333333;8,5;8,283333333;5,0;9,2;7,7;;3,0;;;;;;-1;2022;False;3
RA-832;2024;Aluno-832;M;11,0;2013,0;2022;2;Pública;EE Helio Luiz Dobrochinski Prof;2U;2,0;2,0;0,0;False;Adequado;8,2403304348;Topázio;9,002;8,695652174;7,51;7,5;8,0;7,5;10,0;7,0;9,0;;3,0;;;;;;0;2022;False;3
RA-833;2022;Aluno-833;M;9,0;2013,0;2022;0;Pública;;U;0,0;1,0;-1,0;True;Moderada (1);7,791;Ametista;10,0;9,5;7,5;;7,8;7,583;5,0;8,2;7,5;;2,0;204;53;4;False;False;-1;2022;False;3
RA-833;2023;Aluno-833;M;10,0;2013,0;2022;1;Pública;;1M;1,0;2,0;-1,0;True;Moderada (1);7,81295;Ametista;10,0;9,5;3,77;8,4375;7,4;8,56;5,0;7,3;7,5;;3,0;;;;;;-1;2022;False;3
RA-833;2024;Aluno-833;M;11,0;2013,0;2022;2;Pública;EM Cecilia Cristina de Oliveira Rodrigues;2U;2,0;2,0;0,0;False;Adequado;8,5184577641;Topázio;9,002;9,3271221535;7,51;8,125;8,0;7,946666667;10,0;9,0;7,0;;3,0;;;;;;0;2022;False;3
RA-834;2022;Aluno-834;M;9,0;2013,0;2022;0;Pública;;U;0,0;1,0;-1,0;True;Moderada (1);8,136;Topázio;9,0;9,0;7,5;;9,0;9,083;5,0;9,2;8,8;;2,0;105;30;2;True;False;-1;2022;False;3
RA-834;2023;Aluno-834;M;10,0;2013,0;2022;1;Pública;;1N;1,0;2,0;-1,0;True;Moderada (1);8,662616667;Topázio;9,0;9,9;6,27;9,6875;9,2;9,283333333;5,0;9,0;9,3;;3,0;;;;;;-1;2022;False;3
RA-834;2024;Aluno-834;M;11,0;2013,0;2022;2;Pública;EE Maria André Schunck Dona;2L;2,0;2,0;0,0;False;Adequado;8,513646169700001;Topázio;8,002;9,109730849;6,26;7,708333333;8,75;8,723333333;10,0;9,0;8,5;;3,0;;;;;;0;2022;False;3
RA-835;2022;Aluno-835;M;8,0;2014,0;2022;0;Pública;;V;0,0;0,0;0,0;False;Adequado;7,263;Ametista;6,9;7,3;7,5;;7,5;6,667;10,0;7,6;7,3;;2,0;408;119;6;False;False;0;2022;False;2
RA-835;2023;Aluno-835;M;8,0;2014,0;2022;1;Pública;;ALFA V - G0/G1;0,0;0,0;0,0;False;Adequado;8,2467;Topázio;8,0;8,5;7,52;6,875;8,7;7,835;10,0;8,5;8,9;;2,0;;;;;;0;2022;False;2
RA-836;2022;Aluno-836;M;9,0;2013,0;2022;0;Pública;;V;0,0;1,0;-1,0;True;Moderada (1);7,665;Ametista;8,5;8,3;7,5;;9,2;7,583;5,0;9,0;9,3;;2,0;250;68;3;False;False;-1;2022;False;3
RA-836;2023;Aluno-836;M;10,0;2013,0;2022;1;Pública;;ALFA G - G2/G3;0,0;2,0;-2,0;True;Alta (2);7,6417;Ametista;9,5;9,6;6,27;6,875;6,7;8,085;5,0;6,7;6,7;;2,0;;;;;;-2;2022;False;3
RA-836;2024;Aluno-836;M;11,0;2013,0;2022;2;Pública;EE João Ortiz Rodrigues;1J;1,0;2,0;-1,0;True;Moderada (1);6,0234537878;Ágata;9,502;6,439393939;7,51;7,34375;2,75;6,25;5,0;5,5;0,0;;4,0;;;;;;-1;2022;False;3
RA-837;2022;Aluno-837;M;8,0;2014,0;2022;0;Pública;;V;0,0;0,0;0,0;False;Adequado;8,207;Topázio;8,5;9,0;7,5;;8,8;7,5;10,0;9,2;8,3;;2,0;83;21;1;False;False;0;2022;False;3
RA-837;2023;Aluno-837;M;9,0;2014,0;2022;1;Pública;;1G;1,0;1,0;0,0;False;Adequado;8,2712;Topázio;9,0;9,3;7,52;7,916666667;7,0;7,836666667;10,0;6,3;7,7;;3,0;;;;;;0;2022;False;3
RA-837;2024;Aluno-837;M;10,0;2014,0;2022;2;Pública;EM Maria Ignez Concelles Irma Ines;2G;2,0;2,0;0,0;False;Adequado;7,9648467391;Ametista;7,502;9,7826086955;6,885;7,03125;6,75;7,5825;10,0;6,0;7,5;;4,0;;;;;;0;2022;False;3
RA-838;2022;Aluno-838;M;9,0;2013,0;2022;0;Pública;;V;0,0;1,0;-1,0;True;Moderada (1);7,461;Ametista;10,0;7,4;7,5;;6,3;9,417;5,0;6,6;5,9;;2,0;330;97;4;True;True;-1;2022;False;1
RA-839;2022;Aluno-839;F;9,0;2013,0;2022;0;Pública;;V;0,0;1,0;-1,0;True;Moderada (1);5,198;Quartzo;0,0;5,1;7,5;;5,4;6,583;5,0;5,8;5,0;;2,0;811;188;7;False;False;-1;2022;False;1
RA-84;2022;Aluno-84;F;17,0;2005,0;2018;4;Privada - Parceira;;K;5,0;7,0;-2,0;True;Alta (2);6,682;Ágata;7,1;8,8;5,0;;5,8;6,75;5,0;5,7;6,5;5,2;4,0;596;34;7;False;False;-2;2018;False;2
RA-84;2023;Aluno-84;F;18,0;2005,0;2018;5;Privada - Apadrinhamento;;6L;6,0;8,0;-2,0;True;Alta (2);6,034416667;Ágata;0,0;8,8;2,52;7,8125;6,0;7,6725;5,0;6,8;5,8;5,5;4,0;;;;;;-2;2018;False;2
RA-840;2022;Aluno-840;M;8,0;2014,0;2022;0;Pública;;V;0,0;0,0;0,0;False;Adequado;7,875;Ametista;9,0;8,2;7,5;;7,8;7,5;10,0;9,6;5,9;;2,0;178;48;2;False;False;0;2022;False;3
RA-840;2023;Aluno-840;M;9,0;2014,0;2022;1;Pública;;ALFA G - G2/G3;0,0;1,0;-1,0;True;Moderada (1);7,7862;Ametista;9,5;9,0;4,38;7,5;8,2;8,59;5,0;8,3;8,0;;2,0;;;;;;-1;2022;False;3
RA-840;2024;Aluno-840;M;10,0;2014,0;2022;2;Pública;EM Maria Ignez Concelles Irma Ines;1G;1,0;1,0;0,0;False;Adequado;8,5912909091;Topázio;9,502;9,337121212;7,51;8,333333333;8,0;7,946666667;10,0;7,0;9,0;;3,0;;;;;;0;2022;False;3
RA-841;2022;Aluno-841;M;11,0;2011,0;2022;0;Pública;;V;0,0;2,0;-2,0;True;Alta (2);7,3;Ametista;8,5;8,5;7,5;;7,2;7,5;5,0;8,6;5,8;;2,0;395;115;5;False;False;-2;2022;False;3
RA-841;2023;Aluno-841;M;11,0;2011,0;2022;1;Pública;;ALFA G - G2/G3;0,0;2,0;-2,0;True;Alta (2);6,78;Ágata;0,0;7,2;7,52;7,5;6,9;9,84;5,0;6,7;7,0;;2,0;;;;;;-2;2022;False;3
RA-841;2024;Aluno-841;M;12,0;2011,0;2022;2;Pública;EE João Ortiz Rodrigues;2H;2,0;3,0;-1,0;True;Moderada (1);6,035771224300001;Ágata;10,002;6,3272311215000006;7,51;7,03125;3,25;5,83;5,0;4,0;2,5;;4,0;;;;;;-1;2022;False;3
RA-842;2022;Aluno-842;F;8,0;2014,0;2022;0;Pública;;Y;0,0;0,0;0,0;False;Adequado;7,952;Ametista;7,5;8,3;7,5;;9,1;8,25;10,0;9,1;9,1;;2,0;154;42;3;False;False;0;2022;False;3
RA-842;2023;Aluno-842;F;9,0;2014,0;2022;1;Pública;;ALFA E - G2/G3;0,0;1,0;-1,0;True;Moderada (1);7,2117;Ametista;9,0;8,5;3,77;5,625;7,9;8,01;5,0;8,2;7,5;;2,0;;;;;;-1;2022;False;3
RA-842;2024;Aluno-842;F;10,0;2014,0;2022;2;Pública;EM Etelvina Delfim Simões;1G;1,0;2,0;-1,0;True;Moderada (1);7,072914756400001;Ametista;8,502;7,549407115;6,26;6,875;7,5;6,996666667;5,0;6,0;9,0;;3,0;;;;;;-1;2022;False;3
RA-843;2022;Aluno-843;F;8,0;2014,0;2022;0;Pública;;Y;0,0;0,0;0,0;False;Adequado;8,538;Topázio;8,5;9,0;7,5;;9,2;8,417;10,0;9,8;8,5;;2,0;30;5;1;True;True;0;2022;False;1
RA-844;2022;Aluno-844;M;8,0;2014,0;2022;0;Pública;;Y;0,0;0,0;0,0;False;Adequado;6,253;Ágata;0,0;5,0;8,1;;5,9;8,333;10,0;6,0;5,8;;2,0;695;176;10;False;True;0;2022;False;1
RA-845;2022;Aluno-845;F;8,0;2014,0;2022;0;Pública;;Y;0,0;0,0;0,0;False;Adequado;8,491;Topázio;10,0;8,8;7,5;;8,7;8,417;10,0;9,1;8,3;;2,0;35;7;2;True;False;0;2022;False;1
RA-846;2022;Aluno-846;F;7,0;2015,0;2022;0;Pública;;Y;0,0;0,0;0,0;False;Adequado;7,412;Ametista;9,0;7,2;7,5;;5,9;7,917;10,0;7,7;4,0;;2,0;353;105;7;False;False;0;2022;False;2
RA-846;2023;Aluno-846;F;8,0;2015,0;2022;1;Pública;;ALFA E - G2/G3;0,0;0,0;0,0;False;Adequado;7,4637;Ametista;9,5;8,2;3,77;5,625;6,0;8,67;10,0;6,3;5,7;;2,0;;;;;;0;2022;False;2
RA-847;2022;Aluno-847;M;9,0;2013,0;2022;0;Pública;;Y;0,0;1,0;-1,0;True;Moderada (1);6,839;Ágata;7,9;8,2;4,4;;7,7;7,417;5,0;7,8;7,6;;2,0;543;154;9;False;False;-1;2022;False;3
RA-847;2023;Aluno-847;M;10,0;2013,0;2022;1;Pública;;ALFA E - G2/G3;0,0;2,0;-2,0;True;Alta (2);6,5418;Ágata;7,9;9,1;2,52;5,0;7,6;5,84;5,0;7,5;7,6;;2,0;;;;;;-2;2022;False;3
RA-847;2024;Aluno-847;M;11,0;2013,0;2022;2;Pública;EE Paschoal Carlos Magno;1D;1,0;2,0;-1,0;True;Moderada (1);5,009290909100001;Quartzo;9,002;4,5454545455;5,01;7,5;1,0;6,245;5,0;0,0;2,0;;2,0;;;;;;-1;2022;False;3
RA-848;2022;Aluno-848;M;9,0;2013,0;2022;0;Pública;;Y;0,0;1,0;-1,0;True;Moderada (1);7,488;Ametista;9,5;7,0;7,5;;9,0;7,833;5,0;9,8;8,1;;2,0;315;91;6;False;False;-1;2022;False;1
RA-849;2022;Aluno-849;M;9,0;2013,0;2022;0;Pública;;Y;0,0;1,0;-1,0;True;Moderada (1);7,369;Ametista;8,5;8,3;7,5;;9,1;7,417;5,0;9,8;8,3;;2,0;371;112;8;False;False;-1;2022;False;1
RA-85;2022;Aluno-85;M;15,0;2007,0;2022;0;Pública;;K;5,0;5,0;0,0;False;Adequado;6,243;Ágata;6,7;7,3;5,0;;4,3;5,833;10,0;5,0;3,5;;4,0;697;43;10;False;False;0;2022;False;3
RA-85;2023;Aluno-85;M;16,0;2007,0;2022;1;Pública;;5C;5,0;6,0;-1,0;True;Moderada (1);7,08435;Ametista;8,8;8,9;6,27;5,9375;5,7;7,8425;5,0;5,8;3,8;7,5;4,0;;;;;;-1;2022;False;3
RA-85;2024;Aluno-85;M;17,0;2007,0;2022;2;Pública;EE Maria André Schunck Dona;5N;5,0;7,0;-2,0;True;Alta (2);6,999509385733333;Ágata;8,334;8,668046928999999;3,755;6,25;7,666666666666667;6,993333333;5,0;9,0;4,5;9,5;3,0;;;;;;-2;2022;False;3
RA-850;2022;Aluno-850;M;8,0;2014,0;2022;0;Pública;;Y;0,0;0,0;0,0;False;Adequado;7,641;Ametista;10,0;7,3;7,5;;8,5;7,167;10,0;8,1;8,8;;2,0;258;73;4;False;False;0;2022;False;3
RA-850;2023;Aluno-850;M;9,0;2014,0;2022;1;Pública;;ALFA D - G2/G3;0,0;1,0;-1,0;True;Moderada (1);6,06525;Ágata;0,0;7,9;6,26;6,5625;7,3;6,265;5,0;6,8;7,7;;2,0;;;;;;-1;2022;False;3
RA-850;2024;Aluno-850;M;10,0;2014,0;2022;2;Pública;EE Chácara Florida II;1C;1,0;2,0;-1,0;True;Moderada (1);7,864245454500001;Ametista;10,002;9,2727272725;6,255;7,5;7,75;7,92;5,0;6,0;9,5;;2,0;;;;;;-1;2022;False;3
RA-851;2022;Aluno-851;M;8,0;2014,0;2022;0;Pública;;Y;0,0;0,0;0,0;False;Adequado;7,515;Ametista;9,0;7,9;7,5;;8,3;6,583;10,0;7,9;8,7;;2,0;303;86;5;False;False;0;2022;False;3
RA-851;2023;Aluno-851;M;9,0;2014,0;2022;1;Pública;;ALFA E - G2/G3;0,0;1,0;-1,0;True;Moderada (1);6,1683;Ágata;8,4;7,5;2,52;5,625;6,6;6,01;5,0;6,8;6,3;;2,0;;;;;;-1;2022;False;3
RA-851;2024;Aluno-851;M;10,0;2014,0;2022;2;Pública;EM Eurides José Amorim;1B;1,0;2,0;-1,0;True;Moderada (1);6,2114602109;Ágata;9,002;7,3221343875;5,63;5,625;6,0;5,106666667;5,0;5,0;7,0;;3,0;;;;;;-1;2022;False;3
RA-852;2022;Aluno-852;F;7,0;2015,0;2022;0;Pública;;Z;0,0;0,0;0,0;False;Adequado;5,666;Quartzo;9,0;6,8;5,0;;2,1;5,5;10,0;2,5;1,8;;2,0;767;184;9;False;False;0;2022;False;1
RA-853;2022;Aluno-853;F;8,0;2014,0;2022;0;Pública;;Z;0,0;0,0;0,0;False;Adequado;8,616;Topázio;10,0;9,6;7,5;;8,5;8,5;10,0;8,8;8,2;;2,0;28;3;1;True;False;0;2022;False;3
RA-853;2023;Aluno-853;F;9,0;2014,0;2022;1;Pública;;ALFA J - G2/G3;0,0;1,0;-1,0;True;Moderada (1);7,8402;Ametista;10,0;9,5;3,77;6,25;7,4;9,84;5,0;7,2;7,5;;2,0;;;;;;-1;2022;False;3
RA-853;2024;Aluno-853;F;10,0;2014,0;2022;2;Pública;EM Maria Ignez Concelles Irma Ines;1G;1,0;1,0;0,0;False;Adequado;7,986866666600001;Ametista;8,502;9,5833333335;6,26;8,333333333;6,25;7,553333333;10,0;6,5;6,0;;3,0;;;;;;0;2022;False;3
RA-854;2022;Aluno-854;F;8,0;2014,0;2022;0;Pública;;Z;0,0;0,0;0,0;False;Adequado;8,098;Topázio;8,0;9,0;7,5;;9,3;7,167;10,0;9,5;9,0;;2,0;116;32;7;False;False;0;2022;False;3
RA-854;2023;Aluno-854;F;8,0;2014,0;2022;1;Pública;;ALFA J - G2/G3;0,0;0,0;0,0;False;Adequado;6,6415;Ágata;0,0;9,5;3,77;5,625;6,0;8,01;10,0;7,5;4,5;;2,0;;;;;;0;2022;False;3
RA-854;2024;Aluno-854;F;9,0;2014,0;2022;2;Pública;EM Maria Ignez Concelles Irma Ines;1G;1,0;1,0;0,0;False;Adequado;7,826199999900001;Ametista;9,502;10,0;6,26;5,833333333;7,0;6,333333333;10,0;7,0;7,0;;3,0;;;;;;0;2022;False;3
RA-855;2022;Aluno-855;F;9,0;2013,0;2022;0;Pública;;Z;0,0;1,0;-1,0;True;Moderada (1);8,453;Topázio;10,0;9,6;7,5;;9,7;9,0;5,0;9,7;9,6;;2,0;41;9;2;True;False;-1;2022;False;3
RA-855;2023;Aluno-855;F;9,0;2013,0;2022;1;Pública;;1F;1,0;1,0;0,0;False;Adequado;8,62995;Topázio;9,5;10,0;7,52;8,4375;6,8;8,67;10,0;5,2;8,3;;3,0;;;;;;0;2022;False;3
RA-855;2024;Aluno-855;F;10,0;2013,0;2022;2;Pública;EE Dom Pedro Villas Boas de Souza;2I;2,0;2,0;0,0;False;Adequado;8,578533333400001;Topázio;9,002;10,0;7,51;7,5;8,5;7,386666667;10,0;9,0;8,0;;3,0;;;;;;0;2022;False;3
RA-856;2022;Aluno-856;M;7,0;2015,0;2022;0;Pública;;Z;0,0;0,0;0,0;False;Adequado;8,398;Topázio;10,0;9,1;7,5;;8,4;8,0;10,0;8,5;8,2;;2,0;48;10;3;False;False;0;2022;False;2
RA-856;2023;Aluno-856;M;8,0;2015,0;2022;1;Pública;;ALFA J - G2/G3;0,0;0,0;0,0;False;Adequado;7,3355;Ametista;0,0;9,6;7,52;5,625;7,3;8,255;10,0;7,5;7,0;;2,0;;;;;;0;2022;False;2
RA-857;2022;Aluno-857;F;9,0;2013,0;2022;0;Pública;;Z;0,0;1,0;-1,0;True;Moderada (1);8,154;Topázio;8,5;8,9;7,5;;9,5;9,083;5,0;9,6;9,3;;2,0;97;27;5;True;False;-1;2022;False;2
RA-857;2023;Aluno-857;F;9,0;2013,0;2022;1;Pública;;ALFA D - G2/G3;0,0;1,0;-1,0;True;Moderada (1);8,1442;Topázio;8,5;9,0;7,52;7,5;8,5;9,01;5,0;8,7;8,2;;2,0;;;;;;-1;2022;False;2
RA-858;2022;Aluno-858;M;7,0;2015,0;2022;0;Pública;;Z;0,0;0,0;0,0;False;Adequado;7,523;Ametista;10,0;7,1;5,6;;7,7;7,333;10,0;8,4;6,9;;2,0;301;84;8;False;False;0;2022;False;3
RA-858;2023;Aluno-858;M;8,0;2015,0;2022;1;Pública;;ALFA F - G0/G1;0,0;0,0;0,0;False;Adequado;7,248833333;Ametista;0,0;8,1;3,77;8,125;9,3;7,946666667;10,0;9,3;9,2;;2,0;;;;;;0;2022;False;3
RA-858;2024;Aluno-858;M;9,0;2015,0;2022;2;Pública;EE Dom Pedro Villas Boas de Souza;ALFA J - G2/G3;0,0;1,0;-1,0;True;Moderada (1);6,917866666700001;Ágata;9,002;6,833333333500001;2,51;7,5;8,25;7,5;5,0;10,0;6,5;;2,0;;;;;;-1;2022;False;3
RA-859;2022;Aluno-859;F;7,0;2015,0;2022;0;Pública;;Z;0,0;0,0;0,0;False;Adequado;8,325;Topázio;8,5;8,7;7,5;;8,9;8,25;10,0;9,4;8,4;;2,0;58;15;4;False;False;0;2022;False;3
RA-859;2023;Aluno-859;F;8,0;2015,0;2022;1;Pública;;ALFA J - G2/G3;0,0;0,0;0,0;False;Adequado;8,6042;Topázio;8,0;9,2;7,52;7,5;7,3;10,01;10,0;6,8;7,8;;2,0;;;;;;0;2022;False;3
RA-859;2024;Aluno-859;F;9,0;2015,0;2022;2;Pública;EM Maria Ignez Concelles Irma Ines;1G;1,0;1,0;0,0;False;Adequado;8,5817909091;Topázio;8,002;9,337121212;7,51;8,958333333;8,0;8,336666667;10,0;8,0;8,0;;3,0;;;;;;0;2022;False;3
RA-86;2022;Aluno-86;M;16,0;2006,0;2016;6;Privada - Parceira;;K;5,0;6,0;-1,0;True;Moderada (1);7,566;Ametista;7,5;9,6;5,6;;6,7;8,458;5,0;6,2;7,2;6,9;4,0;286;18;3;True;False;-1;2016;True;3
RA-86;2023;Aluno-86;M;17,0;2006,0;2016;7;Privada - Bolsa 100%;;7E;7,0;7,0;0,0;False;Adequado;;;8,3;;6,89;;;;10,0;;;;;;;;;;0;2016;True;3
RA-86;2024;Aluno-86;M;18,0;2006,0;2016;8;Privada - Bolsa 100%;FIAP School - SP;7E;7,0;7,0;0,0;False;Adequado;7,611233333266666;Ametista;6,667;9,704333333;6,57;7,5;5,483333333333333;7,5;10,0;6,35;6,3;3,8;0,0;;;;;;0;2021;True;3
RA-860;2022;Aluno-860;M;7,0;2015,0;2022;0;Pública;;Z;0,0;0,0;0,0;False;Adequado;8,136;Topázio;9,5;8,5;7,5;;8,1;7,75;10,0;8,9;7,2;;2,0;104;29;6;False;False;0;2022;False;3
RA-860;2023;Aluno-860;M;8,0;2015,0;2022;1;Pública;;ALFA G - G2/G3;0,0;0,0;0,0;False;Adequado;8,2372;Topázio;7,0;9,8;6,89;7,5;7,4;8,34;10,0;7,2;7,5;;2,0;;;;;;0;2022;False;3
RA-860;2024;Aluno-860;M;9,0;2015,0;2022;2;Pública;EM Maria Ignez Concelles Irma Ines;1G;1,0;1,0;0,0;False;Adequado;8,7738666667;Topázio;9,002;9,7916666665;7,51;8,75;8,5;7,946666667;10,0;8,0;9,0;;3,0;;;;;;0;2022;False;3
RA-861;2023;Aluno-861;F;8,0;2015,0;2023;0;Pública;;ALFA A - G0/G1;0,0;0,0;0,0;False;Adequado;9,31095;Topázio;9,5;10,0;8,13;8,4375;9,6;8,92;10,0;9,8;9,4;;2,0;;;;;;0;2023;False;2
RA-861;2024;Aluno-861;F;9,0;2015,0;2023;1;Pública;EE Dom Pedro Villas Boas de Souza;ALFA B - G2/G3;0,0;1,0;-1,0;True;Moderada (1);8,959700000000002;Topázio;9,502;10,0;7,51;8,125;10,0;9,73;5,0;10,0;10,0;;3,0;;;;;;-1;2023;False;2
RA-862;2023;Aluno-862;M;9,0;2014,0;2023;0;Pública;;ALFA A - G0/G1;0,0;1,0;-1,0;True;Moderada (1);8,2212;Topázio;8,5;9,1;8,14;7,5;8,9;8,585;5,0;8,5;9,2;;2,0;;;;;;-1;2023;False;2
RA-862;2024;Aluno-862;M;10,0;2014,0;2023;1;Pública;EE Dom Pedro Villas Boas de Souza;ALFA B - G2/G3;0,0;2,0;-2,0;True;Alta (2);7,346677272700001;Ametista;9,002;8,6136363635;7,51;7,1875;7,5;6,27;5,0;10,0;5,0;;3,0;;;;;;-2;2023;False;2
RA-863;2023;Aluno-863;M;7,0;2016,0;2023;0;Pública;;ALFA A - G0/G1;0,0;0,0;0,0;False;Adequado;5,92975;Quartzo;0,0;7,6;3,14;5,9375;6,3;6,26;10,0;7,0;5,5;;2,0;;;;;;0;2023;False;2
RA-863;2024;Aluno-863;M;8,0;2016,0;2023;1;Pública;EE Dom Pedro Villas Boas de Souza;ALFA E - G2/G3;0,0;1,0;-1,0;True;Moderada (1);4,6684348484;Quartzo;8,502;3,159090909;2,51;4,6875;5,5;4,333333333;5,0;10,0;1,0;;3,0;;;;;;-1;2023;False;2
RA-864;2023;Aluno-864;F;8,0;2015,0;2023;0;Pública;;ALFA A - G0/G1;0,0;0,0;0,0;False;Adequado;7,034;Ametista;0,0;7,6;8,14;7,5;6,3;8,5;10,0;7,0;5,5;;2,0;;;;;;0;2023;False;1
RA-865;2023;Aluno-865;M;8,0;2014,0;2023;0;Pública;;ALFA A - G0/G1;0,0;0,0;0,0;False;Adequado;8,1552;Topázio;8,5;8,7;7,52;7,5;7,4;7,915;10,0;7,3;7,5;;2,0;;;;;;0;2023;False;1
RA-866;2023;Aluno-866;F;7,0;2016,0;2023;0;Pública;;ALFA A - G0/G1;0,0;0,0;0,0;False;Adequado;7,679;Ametista;0,0;8,3;8,76;7,5;8,6;8,415;10,0;8,2;8,9;;2,0;;;;;;0;2023;False;1
RA-867;2023;Aluno-867;M;8,0;2015,0;2023;0;Pública;;ALFA A - G0/G1;0,0;0,0;0,0;False;Adequado;8,6992;Topázio;9,0;8,6;8,76;7,5;8,9;8,415;10,0;8,7;9,0;;2,0;;;;;;0;2023;False;2
RA-867;2024;Aluno-867;M;9,0;2015,0;2023;1;Pública;EE Dom Pedro Villas Boas de Souza;ALFA B - G2/G3;0,0;1,0;-1,0;True;Moderada (1);7,583018181800001;Ametista;9,002;7,409090909;7,51;7,5;8,5;7,5;5,0;10,0;7,0;;3,0;;;;;;-1;2023;False;2
RA-868;2023;Aluno-868;M;7,0;2015,0;2023;0;Pública;;ALFA A - G0/G1;0,0;0,0;0,0;False;Adequado;8,63895;Topázio;10,0;9,5;8,76;7,1875;7,1;8,67;10,0;7,8;6,3;;2,0;;;;;;0;2023;False;2
RA-868;2024;Aluno-868;M;8,0;2015,0;2023;1;Pública;EE Chácara Florida II;ALFA A - G0/G1;0,0;1,0;-1,0;True;Moderada (1);7,156366666600001;Ametista;8,002;9,75;3,76;6,875;7,0;7,213333333;5,0;8,0;6,0;;3,0;;;;;;-1;2023;False;2
RA-869;2023;Aluno-869;F;8,0;2015,0;2023;0;Pública;;ALFA A - G0/G1;0,0;0,0;0,0;False;Adequado;9,2587;Topázio;9,0;10,0;8,76;8,125;9,6;8,75;10,0;9,8;9,4;;2,0;;;;;;0;2023;False;1
RA-87;2022;Aluno-87;M;15,0;2007,0;2021;1;Privada - Parceira;;K;5,0;5,0;0,0;False;Adequado;8,712;Topázio;8,3;9,6;7,5;;8,8;8,5;10,0;8,3;8,0;10,0;4,0;15;6;1;True;False;0;2021;False;3
RA-87;2023;Aluno-87;M;16,0;2007,0;2021;2;Privada - Apadrinhamento;;6L;6,0;6,0;0,0;False;Adequado;8,6625;Topázio;7,5;10,0;5,63;8,125;9,3;8,385;10,0;9,5;8,7;9,7;4,0;;;;;;0;2021;False;3
RA-87;2024;Aluno-87;M;17,0;2007,0;2021;3;Privada - Apadrinhamento;Colégio Arco Íris Evolução;7A;7,0;6,0;1,0;False;Adiantado;9,437924561333332;Topázio;8,751;9,649122807;9,375;9,375;9,166666666666666;9,623333333;10,0;10,0;7,5;10,0;3,0;;;;;;1;2021;False;3
RA-870;2023;Aluno-870;F;9,0;2014,0;2023;0;Pública;;ALFA A - G0/G1;0,0;1,0;-1,0;True;Moderada (1);4,909;Quartzo;0,0;8,5;8,76;5,0;1,5;5,165;5,0;2,0;1,0;;2,0;;;;;;-1;2023;False;1
RA-871;2023;Aluno-871;M;9,0;2014,0;2023;0;Pública;;ALFA B - G2/G3;0,0;1,0;-1,0;True;Moderada (1);6,8617;Ágata;9,0;9,5;3,76;4,375;6,9;6,84;5,0;6,8;7,0;;2,0;;;;;;-1;2023;False;2
RA-871;2024;Aluno-871;M;10,0;2014,0;2023;1;Pública;EE Chácara Florida II;1B;1,0;1,0;0,0;False;Adequado;7,291729314799999;Ametista;8,502;9,328063241;4,38;5,3125;7,25;5,783333333;10,0;6,0;8,5;;3,0;;;;;;0;2023;False;2
RA-872;2023;Aluno-872;F;10,0;2013,0;2023;0;Pública;;ALFA B - G2/G3;0,0;2,0;-2,0;True;Alta (2);5,267;Quartzo;0,0;6,7;2,52;6,25;4,3;8,5;5,0;5,5;3,0;;2,0;;;;;;-2;2023;False;1
RA-873;2023;Aluno-873;F;11,0;2012,0;2023;0;Pública;;ALFA B - G2/G3;0,0;2,0;-2,0;True;Alta (2);7,8012;Ametista;8,5;9,7;7,52;6,25;7,0;8,67;5,0;7,2;6,8;;2,0;;;;;;-2;2023;False;2
RA-873;2024;Aluno-873;F;12,0;2012,0;2023;1;Pública;EE Olivia de Faria Nogueira;1B;1,0;3,0;-2,0;True;Alta (2);7,61095;Ametista;8,002;10,0;6,88;7,1875;6,75;7,77;5,0;7,0;6,5;;3,0;;;;;;-2;2023;False;2
RA-874;2023;Aluno-874;M;9,0;2013,0;2023;0;Pública;;ALFA B - G2/G3;0,0;1,0;-1,0;True;Moderada (1);5,811;Quartzo;0,0;8,2;7,52;6,25;4,8;6,67;5,0;6,3;3,3;;2,0;;;;;;-1;2023;False;2
RA-874;2024;Aluno-874;M;10,0;2013,0;2023;1;Pública;EE Chácara Florida II;1E;1,0;2,0;-1,0;True;Moderada (1);7,0235939394;Ametista;9,502;4,696969697;6,26;8,75;7,75;7,915;5,0;6,0;9,5;;2,0;;;;;;-1;2023;False;2
RA-875;2023;Aluno-875;M;9,0;2014,0;2023;0;Pública;;ALFA B - G2/G3;0,0;1,0;-1,0;True;Moderada (1);8,2712;Topázio;9,5;9,5;7,52;7,5;7,3;9,845;5,0;7,0;7,5;;2,0;;;;;;-1;2023;False;1
RA-876;2023;Aluno-876;M;8,0;2015,0;2023;0;Pública;;ALFA B - G2/G3;0,0;0,0;0,0;False;Adequado;8,6492;Topázio;10,0;9,4;7,52;7,5;7,5;8,835;10,0;7,3;7,7;;2,0;;;;;;0;2023;False;2
RA-876;2024;Aluno-876;M;9,0;2015,0;2023;1;Pública;EM Etelvina Delfim Simões;1K;1,0;1,0;0,0;False;Adequado;7,612057142800001;Ametista;8,502;9,0476190475;7,51;8,333333333;3,75;8,09;10,0;7,5;0,0;;2,0;;;;;;0;2023;False;2
RA-877;2023;Aluno-877;M;9,0;2014,0;2023;0;Pública;;ALFA B - G2/G3;0,0;1,0;-1,0;True;Moderada (1);7,4722;Ametista;9,5;9,5;7,52;5,0;6,9;7,5;5,0;7,5;6,2;;2,0;;;;;;-1;2023;False;1
RA-878;2023;Aluno-878;M;10,0;2013,0;2023;0;Pública;;ALFA B - G2/G3;0,0;2,0;-2,0;True;Alta (2);6,24;Ágata;0,0;9,5;2,52;5,0;8,1;7,34;5,0;8,0;8,2;;2,0;;;;;;-2;2023;False;2
RA-878;2024;Aluno-878;M;11,0;2013,0;2023;1;Pública;EE Chácara Florida II;1B;1,0;2,0;-1,0;True;Moderada (1);6,5335560606000005;Ágata;9,002;6,1363636360000005;4,38;7,1875;6,75;6,996666667;5,0;6,0;7,5;;3,0;;;;;;-1;2023;False;2
RA-879;2023;Aluno-879;F;9,0;2014,0;2023;0;Pública;;ALFA B - G2/G3;0,0;1,0;-1,0;True;Moderada (1);6,8225;Ágata;0,0;9,8;2,52;6,875;8,2;8,915;5,0;8,2;8,2;;2,0;;;;;;-1;2023;False;2
RA-879;2024;Aluno-879;F;10,0;2014,0;2023;1;Pública;EM Etelvina Delfim Simões;1A;1,0;2,0;-1,0;True;Moderada (1);8,1096318182;Topázio;9,502;9,090909091;6,26;7,8125;8,5;8,67;5,0;8,0;9,0;;3,0;;;;;;-1;2023;False;2
RA-88;2022;Aluno-88;M;17,0;2005,0;2021;1;Pública;;K;5,0;7,0;-2,0;True;Alta (2);7,498;Ametista;7,1;9,2;5,6;;6,5;9,208;5,0;6,8;6,2;6,4;4,0;312;21;4;True;True;-2;2021;False;3
RA-88;2023;Aluno-88;M;18,0;2005,0;2021;2;Privada - Empresa parceira;;8E;8,0;8,0;0,0;False;Adequado;;;;;;;;;10,0;;;;;;;;;;0;2021;False;3
RA-88;2024;Aluno-88;M;19,0;2005,0;2021;3;Privada - Bolsa 100%;Faculdade FIAP;8E;8,0;8,0;0,0;False;Adequado;;;;0,0;;;;;10,0;;;;0,0;;;;;;0;2021;False;3
RA-880;2023;Aluno-880;F;7,0;2015,0;2023;0;Pública;;ALFA B - G2/G3;0,0;0,0;0,0;False;Adequado;6,724;Ágata;0,0;9,4;2,52;6,25;6,3;8,585;10,0;6,3;6,2;;2,0;;;;;;0;2023;False;2
RA-880;2024;Aluno-880;F;8,0;2015,0;2023;1;Pública;EE Chácara Florida II;ALFA E - G2/G3;0,0;1,0;-1,0;True;Moderada (1);6,853080434800001;Ágata;9,502;8,445652174;2,51;7,1875;6,5;7,22;5,0;7,5;5,5;;3,0;;;;;;-1;2023;False;2
RA-881;2023;Aluno-881;M;8,0;2015,0;2023;0;Pública;;ALFA B - G2/G3;0,0;0,0;0,0;False;Adequado;7,7322;Ametista;10,0;8,9;7,52;5,0;7,3;6,25;10,0;7,5;7,0;;2,0;;;;;;0;2023;False;1
RA-882;2023;Aluno-882;F;8,0;2015,0;2023;0;Pública;;ALFA C - G0/G1;0,0;0,0;0,0;False;Adequado;6,0092;Ágata;9,0;8,6;2,52;3,75;4,7;4,16;10,0;4,8;4,5;;2,0;;;;;;0;2023;False;1
RA-883;2023;Aluno-883;F;8,0;2015,0;2023;0;Pública;;ALFA C - G0/G1;0,0;0,0;0,0;False;Adequado;8,5082;Topázio;9,5;9,7;6,89;6,25;8,4;8,17;10,0;8,0;8,7;;2,0;;;;;;0;2023;False;1
RA-884;2023;Aluno-884;F;7,0;2015,0;2023;0;Pública;;ALFA C - G0/G1;0,0;0,0;0,0;False;Adequado;8,4587;Topázio;9,0;9,7;4,39;6,875;8,8;8,66;10,0;8,4;9,2;;2,0;;;;;;0;2023;False;2
RA-884;2024;Aluno-884;F;8,0;2015,0;2023;1;Pública;EM Pedro Antonio de Almeida;ALFA B - G2/G3;0,0;1,0;-1,0;True;Moderada (1);8,0345030302;Topázio;10,002;8,818181818;6,26;7,5;8,75;8,223333333;5,0;10,0;7,5;;3,0;;;;;;-1;2023;False;2
RA-885;2023;Aluno-885;M;7,0;2015,0;2023;0;Pública;;ALFA C - G0/G1;0,0;0,0;0,0;False;Adequado;8,8252;Topázio;9,0;9,8;7,52;7,5;8,7;8,665;10,0;8,5;8,8;;2,0;;;;;;0;2023;False;2
RA-885;2024;Aluno-885;M;9,0;2015,0;2023;1;Pública;EE Dom Pedro Villas Boas de Souza;ALFA D - G2/G3;0,0;1,0;-1,0;True;Moderada (1);8,2072;Topázio;8,502;10,0;7,51;7,5;8,5;8,28;5,0;10,0;7,0;;3,0;;;;;;-1;2023;False;2
RA-886;2023;Aluno-886;F;7,0;2016,0;2023;0;Pública;;ALFA C - G0/G1;0,0;0,0;0,0;False;Adequado;8,6422;Topázio;8,5;9,4;7,52;7,5;8,1;9,0;10,0;7,6;8,5;;2,0;;;;;;0;2023;False;2
RA-886;2024;Aluno-886;F;8,0;2016,0;2023;1;Pública;EM Etelvina Delfim Simões;ALFA E - G2/G3;0,0;1,0;-1,0;True;Moderada (1);8,419200000000002;Topázio;9,502;10,0;8,13;7,5;8,75;8,28;5,0;9,0;8,5;;3,0;;;;;;-1;2023;False;2
RA-887;2023;Aluno-887;M;8,0;2015,0;2023;0;Pública;;ALFA C - G0/G1;0,0;0,0;0,0;False;Adequado;8,6718;Topázio;8,9;8,9;7,52;7,5;8,4;9,09;10,0;7,8;9,0;;2,0;;;;;;0;2023;False;1
RA-888;2023;Aluno-888;M;7,0;2016,0;2023;0;Pública;;ALFA C - G0/G1;0,0;0,0;0,0;False;Adequado;8,9182;Topázio;9,0;10,0;7,52;7,5;8,8;8,83;10,0;8,2;9,3;;2,0;;;;;;0;2023;False;2
RA-888;2024;Aluno-888;M;8,0;2016,0;2023;1;Pública;EE Dom Pedro Villas Boas de Souza;ALFA D - G2/G3;0,0;1,0;-1,0;True;Moderada (1);8,1942;Topázio;9,002;10,0;6,88;7,5;8,5;8,28;5,0;9,0;8,0;;3,0;;;;;;-1;2023;False;2
RA-889;2023;Aluno-889;M;8,0;2015,0;2023;0;Pública;;ALFA C - G0/G1;0,0;0,0;0,0;False;Adequado;8,8092;Topázio;8,5;9,5;6,89;7,5;9,1;9,0;10,0;8,7;9,5;;2,0;;;;;;0;2023;False;2
RA-889;2024;Aluno-889;M;9,0;2015,0;2023;1;Pública;EM Maria Ignez Concelles Irma Ines;ALFA B - G2/G3;0,0;1,0;-1,0;True;Moderada (1);8,191290909100001;Topázio;8,502;9,2954545455;6,26;7,5;9,75;8,28;5,0;10,0;9,5;;3,0;;;;;;-1;2023;False;2
RA-89;2022;Aluno-89;M;16,0;2006,0;2021;1;Pública;;K;5,0;6,0;-1,0;True;Moderada (1);7,323;Ametista;9,6;7,8;7,5;;5,9;8,0;5,0;7,5;5,7;4,7;4,0;383;24;5;False;True;-1;2021;False;2
RA-89;2023;Aluno-89;M;17,0;2006,0;2021;2;Pública;;6L;6,0;7,0;-1,0;True;Moderada (1);6,700775;Ágata;8,3;8,1;5,0;7,34375;5,1;7,465;5,0;6,3;2,3;6,7;4,0;;;;;;-1;2021;False;2
RA-890;2023;Aluno-890;M;8,0;2015,0;2023;0;Pública;;ALFA C - G0/G1;0,0;0,0;0,0;False;Adequado;6,989;Ágata;0,0;9,1;2,52;6,25;8,3;8,16;10,0;8,0;8,6;;2,0;;;;;;0;2023;False;1
RA-891;2023;Aluno-891;F;9,0;2014,0;2023;0;Pública;;ALFA C - G0/G1;0,0;1,0;-1,0;True;Moderada (1);7,8882;Ametista;9,5;9,5;6,89;7,5;7,5;7,995;5,0;6,2;8,8;;2,0;;;;;;-1;2023;False;2
RA-891;2024;Aluno-891;F;10,0;2014,0;2023;1;Pública;EE Chácara Florida II;ALFA B - G2/G3;0,0;1,0;-1,0;True;Moderada (1);8,035957575700001;Topázio;10,002;9,0454545455;6,26;7,5;8,75;8,003333333;5,0;10,0;7,5;;3,0;;;;;;-1;2023;False;2
RA-892;2023;Aluno-892;M;8,0;2015,0;2023;0;Pública;;ALFA D - G2/G3;0,0;0,0;0,0;False;Adequado;8,8112;Topázio;8,0;9,6;6,89;7,5;8,3;10,01;10,0;8,5;8,0;;2,0;;;;;;0;2023;False;2
RA-892;2024;Aluno-892;M;9,0;2015,0;2023;1;Pública;EE Dom Pedro Villas Boas de Souza;1C;1,0;1,0;0,0;False;Adequado;8,697700000000001;Topázio;8,002;10,0;7,51;8,125;8,75;7,92;10,0;10,0;7,5;;2,0;;;;;;0;2023;False;2
RA-893;2023;Aluno-893;M;9,0;2014,0;2023;0;Pública;;ALFA D - G2/G3;0,0;1,0;-1,0;True;Moderada (1);8,8042;Topázio;9,5;10,0;7,52;7,5;9,3;10,01;5,0;9,5;9,0;;2,0;;;;;;-1;2023;False;2
RA-893;2024;Aluno-893;M;10,0;2014,0;2023;1;Pública;EE Chácara Florida II;1B;1,0;1,0;0,0;False;Adequado;8,8910333334;Topázio;9,002;10,0;7,51;8,125;9,25;7,886666667;10,0;10,0;8,5;;3,0;;;;;;0;2023;False;2
RA-894;2023;Aluno-894;F;9,0;2014,0;2023;0;Pública;;ALFA D - G2/G3;0,0;1,0;-1,0;True;Moderada (1);8,8142;Topázio;9,5;9,9;7,52;7,5;9,4;10,01;5,0;9,3;9,5;;2,0;;;;;;-1;2023;False;2
RA-894;2024;Aluno-894;F;10,0;2014,0;2023;1;Pública;EE Dom Pedro Villas Boas de Souza;1C;1,0;2,0;-1,0;True;Moderada (1);8,67895;Topázio;10,002;10,0;7,51;8,4375;9,5;8,42;5,0;9,0;10,0;;2,0;;;;;;-1;2023;False;2
RA-895;2023;Aluno-895;F;8,0;2015,0;2023;0;Pública;;ALFA D - G2/G3;0,0;0,0;0,0;False;Adequado;8,5397;Topázio;9,5;9,5;7,52;6,875;6,8;9,5;10,0;6,8;6,7;;2,0;;;;;;0;2023;False;2
RA-895;2024;Aluno-895;F;9,0;2015,0;2023;1;Pública;EE Dom Pedro Villas Boas de Souza;ALFA B - G2/G3;0,0;1,0;-1,0;True;Moderada (1);8,2579575757;Topázio;9,502;9,5454545455;6,26;7,5;9,5;8,113333333;5,0;10,0;9,0;;3,0;;;;;;-1;2023;False;2
RA-896;2023;Aluno-896;M;7,0;2015,0;2023;0;Pública;;ALFA D - G2/G3;0,0;0,0;0,0;False;Adequado;9,0912;Topázio;9,5;10,0;6,89;7,5;8,5;10,01;10,0;9,0;8,0;;2,0;;;;;;0;2023;False;2
RA-896;2024;Aluno-896;M;8,0;2015,0;2023;1;Pública;EE Dom Pedro Villas Boas de Souza;1C;1,0;1,0;0,0;False;Adequado;8,2852454545;Topázio;8,502;9,7727272725;7,51;8,125;6,5;8,085;10,0;6,5;6,5;;2,0;;;;;;0;2023;False;2
RA-897;2023;Aluno-897;M;9,0;2014,0;2023;0;Pública;;ALFA D - G2/G3;0,0;1,0;-1,0;True;Moderada (1);5,48225;Quartzo;0,0;8,1;7,52;6,5625;6,5;3,32;5,0;7,2;5,7;;2,0;;;;;;-1;2023;False;2
RA-897;2024;Aluno-897;M;10,0;2014,0;2023;1;Pública;EE Francisco de Paula Teixeira;ALFA I - G2/G3;0,0;1,0;-1,0;True;Moderada (1);5,2212050505;Quartzo;7,002;2,7525252525;2,51;6,875;6,0;6,66;5,0;5,5;6,5;;2,0;;;;;;-1;2023;False;2
RA-898;2023;Aluno-898;M;9,0;2014,0;2023;0;Pública;;ALFA E - G2/G3;0,0;1,0;-1,0;True;Moderada (1);8,4217;Topázio;9,0;9,8;3,77;8,125;9,4;10,01;5,0;9,7;9,0;;2,0;;;;;;-1;2023;False;2
RA-898;2024;Aluno-898;M;10,0;2014,0;2023;1;Pública;EE Dom Pedro Villas Boas de Souza;1B;1,0;2,0;-1,0;True;Moderada (1);7,8661333334;Ametista;6,418;10,0;7,51;7,5;7,5;8,616666667;5,0;9,0;6,0;;3,0;;;;;;-1;2023;False;2
RA-899;2023;Aluno-899;M;8,0;2015,0;2023;0;Pública;;ALFA E - G2/G3;0,0;0,0;0,0;False;Adequado;8,8452;Topázio;10,0;9,8;3,77;7,5;9,5;9,34;10,0;9,3;9,6;;2,0;;;;;;0;2023;False;2
RA-899;2024;Aluno-899;M;9,0;2015,0;2023;1;Pública;EE Chácara Florida II;1B;1,0;1,0;0,0;False;Adequado;8,425024769300002;Topázio;10,002;9,1007905135;5,635;8,125;8,25;7,893333333;10,0;8,0;8,5;;3,0;;;;;;0;2023;False;2
RA-9;2022;Aluno-9;F;18,0;2004,0;2019;3;Pública;;A;7,0;8,0;-1,0;True;Moderada (1);8,109;Topázio;8,8;9,5;7,5;;6,7;9,5;5,0;5,5;6,0;8,7;4,0;113;1;1;True;True;-1;2019;False;1
RA-90;2022;Aluno-90;F;13,0;2009,0;2019;3;Privada - Parceira;;L;5,0;3,0;2,0;False;Adiantado;9,442;Topázio;10,0;9,7;9,4;;8,5;9,75;10,0;7,7;8,0;9,8;4,0;1;1;1;True;False;2;2019;True;3
RA-90;2023;Aluno-90;F;14,0;2009,0;2019;4;Privada - Apadrinhamento;;5L;5,0;4,0;1,0;False;Adiantado;8,699408333;Topázio;10,0;9,6;7,52;8,59375;7,7;8,1725;10,0;6,7;6,8;9,5;4,0;;;;;;1;2019;True;3
RA-90;2024;Aluno-90;F;15,0;2009,0;2019;5;Privada - Bolsa 100%;Colégio Poliedro - SP;7E;7,0;5,0;2,0;False;Adiantado;8,352033333333335;Topázio;10,002;9,0;6,885;7,5;8,066666666666666;7,5;10,0;7,7;8,3;8,2;0,0;;;;;;2;2021;True;3
RA-900;2023;Aluno-900;F;8,0;2015,0;2023;0;Pública;;ALFA E - G2/G3;0,0;0,0;0,0;False;Adequado;8,8947;Topázio;9,0;9,8;9,38;8,125;7,8;8,67;10,0;8,0;7,5;;2,0;;;;;;0;2023;False;2
RA-900;2024;Aluno-900;F;9,0;2015,0;2023;1;Pública;EE Dom Pedro Villas Boas de Souza;1B;1,0;1,0;0,0;False;Adequado;8,802003030200002;Topázio;9,002;9,318181818;8,13;8,125;8,5;8,563333333;10,0;8,0;9,0;;3,0;;;;;;0;2023;False;2
RA-901;2023;Aluno-901;M;10,0;2012,0;2023;0;Pública;;ALFA E - G2/G3;0,0;2,0;-2,0;True;Alta (2);7,3112;Ametista;8,5;8,7;3,77;6,25;7,5;8,595;5,0;7,7;7,3;;2,0;;;;;;-2;2023;False;1
RA-902;2023;Aluno-902;M;12,0;2011,0;2023;0;Pública;;ALFA E - G2/G3;0,0;3,0;-3,0;True;Severa (3+);5,97345;Quartzo;10,0;9,3;2,52;5,3125;3,9;6,5;2,5;4,5;3,3;;2,0;;;;;;-3;2023;False;1
RA-903;2023;Aluno-903;F;8,0;2015,0;2023;0;Pública;;ALFA E - G2/G3;0,0;0,0;0,0;False;Adequado;8,5242;Topázio;10,0;9,6;5,02;7,5;7,8;9,01;10,0;7,7;7,8;;2,0;;;;;;0;2023;False;2
RA-903;2024;Aluno-903;F;9,0;2015,0;2023;1;Pública;EE Dom Pedro Villas Boas de Souza;1B;1,0;1,0;0,0;False;Adequado;8,0758287879;Topázio;10,002;9,7727272725;7,505;7,8125;5,0;7,946666667;10,0;6,0;4,0;;3,0;;;;;;0;2023;False;2
RA-904;2023;Aluno-904;F;7,0;2016,0;2023;0;Pública;;ALFA F - G0/G1;0,0;0,0;0,0;False;Adequado;8,140783333;Topázio;9,0;9,3;7,52;7,8125;6,4;7,836666667;10,0;6,0;6,8;;2,0;;;;;;0;2023;False;2
RA-904;2024;Aluno-904;F;8,0;2016,0;2023;1;Pública;EE Chácara Florida II;ALFA F - G0/G1;0,0;1,0;-1,0;True;Moderada (1);7,6352;Ametista;9,502;8,75;7,51;7,5;6,0;8,67;5,0;6,0;6,0;;3,0;;;;;;-1;2023;False;2
RA-905;2023;Aluno-905;M;9,0;2013,0;2023;0;Pública;;ALFA F - G0/G1;0,0;1,0;-1,0;True;Moderada (1);7,831033333;Ametista;9,5;9,4;7,52;6,875;8,3;7,056666667;5,0;7,5;9,0;;2,0;;;;;;-1;2023;False;2
RA-905;2024;Aluno-905;M;10,0;2013,0;2023;1;Pública;EM Pedro Antonio de Almeida;ALFA J - G2/G3;0,0;2,0;-2,0;True;Alta (2);6,3925823529;Ágata;9,002;7,7794117645;7,51;6,875;3,0;6,99;5,0;2,0;4,0;;2,0;;;;;;-2;2023;False;2
RA-906;2023;Aluno-906;M;8,0;2015,0;2023;0;Pública;;ALFA F - G0/G1;0,0;0,0;0,0;False;Adequado;8,1922;Topázio;7,5;9,2;7,52;7,5;8,6;6,95;10,0;7,7;9,4;;2,0;;;;;;0;2023;False;1
RA-907;2023;Aluno-907;F;8,0;2015,0;2023;0;Privada;;ALFA F - G0/G1;0,0;0,0;0,0;False;Adequado;8,962033333;Topázio;9,5;9,6;7,52;8,125;9,3;8,336666667;10,0;9,2;9,4;;2,0;;;;;;0;2023;False;2
RA-907;2024;Aluno-907;F;9,0;2015,0;2023;1;Privada;EE Dom Pedro Villas Boas de Souza;ALFA J - G2/G3;0,0;1,0;-1,0;True;Moderada (1);7,9400888889;Ametista;9,002;8,9444444445;7,51;7,5;8,75;7,5;5,0;10,0;7,5;;2,0;;;;;;-1;2023;False;2
RA-908;2023;Aluno-908;F;8,0;2015,0;2023;0;Pública;;ALFA F - G0/G1;0,0;0,0;0,0;False;Adequado;8,479366667;Topázio;9,0;9,0;7,52;8,125;7,9;8,223333333;10,0;6,7;9,0;;2,0;;;;;;0;2023;False;2
RA-908;2024;Aluno-908;F;9,0;2015,0;2023;1;Pública;EE Joaquim Mendes Feliz;ALFA I - G2/G3;0,0;1,0;-1,0;True;Moderada (1);6,764292246;Ágata;8,502;8,14171123;7,51;7,1875;4,75;6,83;5,0;3,0;6,5;;2,0;;;;;;-1;2023;False;2
RA-909;2023;Aluno-909;F;10,0;2013,0;2023;0;Pública;;ALFA F - G0/G1;0,0;2,0;-2,0;True;Alta (2);8,486033333;Topázio;10,0;9,9;7,52;8,125;9,2;8,056666667;5,0;9,1;9,2;;2,0;;;;;;-2;2023;False;2
RA-909;2024;Aluno-909;F;11,0;2013,0;2023;1;Pública;EE Dom Pedro Villas Boas de Souza;ALFA J - G2/G3;0,0;2,0;-2,0;True;Alta (2);7,722033333300001;Ametista;10,002;8,1666666665;7,51;6,875;8,25;7,5;5,0;10,0;6,5;;2,0;;;;;;-2;2023;False;2
RA-91;2022;Aluno-91;F;16,0;2006,0;2016;6;Privada - Parceira;;L;5,0;6,0;-1,0;True;Moderada (1);6,645;Ágata;9,2;5,7;5,6;;6,6;7,125;5,0;5,5;5,7;8,5;4,0;608;36;8;False;False;-1;2016;True;3
RA-91;2023;Aluno-91;F;17,0;2006,0;2016;7;Privada - Apadrinhamento;;6L;6,0;7,0;-1,0;True;Moderada (1);7,42395;Ametista;10,0;7,4;6,89;7,8125;7,4;7,4675;5,0;9,5;5,0;7,7;4,0;;;;;;-1;2016;True;3
RA-91;2024;Aluno-91;F;18,0;2006,0;2016;8;Privada - Apadrinhamento;Colégio Arco Íris Evolução;6L;6,0;7,0;-1,0;True;Moderada (1);7,426704761933335;Ametista;10,002;7,476190476333334;5,635;7,875;7,333333333333333;8,068;5,0;9,0;4,0;9,0;5,0;;;;;;-1;2021;True;3
RA-910;2023;Aluno-910;M;8,0;2015,0;2023;0;Pública;;ALFA F - G0/G1;0,0;0,0;0,0;False;Adequado;7,801;Ametista;0,0;8,8;7,52;8,75;8,9;8,17;10,0;8,8;9,0;;2,0;;;;;;0;2023;False;2
RA-910;2024;Aluno-910;M;9,0;2015,0;2023;1;Pública;EM Etelvina Delfim Simões;1G;1,0;1,0;0,0;False;Adequado;8,1163818182;Topázio;8,502;8,674242424500001;7,51;7,916666667;7,5;7,443333333;10,0;9,0;6,0;;3,0;;;;;;0;2023;False;2
RA-911;2023;Aluno-911;M;11,0;2012,0;2023;0;Pública;;ALFA G - G2/G3;0,0;2,0;-2,0;True;Alta (2);5,59545;Quartzo;9,0;6,7;2,52;5,3125;3,4;7,01;5,0;3,7;3,0;;2,0;;;;;;-2;2023;False;2
RA-911;2024;Aluno-911;M;12,0;2012,0;2023;1;Pública;EE Leonice de Aquino Oliveira;1G;1,0;3,0;-2,0;True;Alta (2);5,4552454547;Quartzo;8,002;4,772727273;7,51;6,041666667;4,5;4,726666667;5,0;5,0;4,0;;3,0;;;;;;-2;2023;False;2
RA-912;2023;Aluno-912;F;9,0;2014,0;2023;0;Pública;;ALFA G - G2/G3;0,0;1,0;-1,0;True;Moderada (1);7,0797;Ametista;7,0;9,4;7,52;5,625;6,3;7,175;5,0;6,2;6,3;;2,0;;;;;;-1;2023;False;2
RA-912;2024;Aluno-912;F;10,0;2014,0;2023;1;Pública;EM Maria Ignez Concelles Irma Ines;ALFA G - G2/G3;0,0;2,0;-2,0;True;Alta (2);7,697103508700001;Ametista;9,002;9,4736842105;7,51;8,125;7,25;6,943333333;5,0;7,0;7,5;;3,0;;;;;;-2;2023;False;2
RA-913;2023;Aluno-913;F;10,0;2013,0;2023;0;Pública;;ALFA H - G0/G1;0,0;2,0;-2,0;True;Alta (2);7,7432;Ametista;8,0;8,5;6,89;6,25;7,9;9,245;5,0;9,5;6,3;;2,0;;;;;;-2;2023;False;1
RA-914;2023;Aluno-914;F;8,0;2015,0;2023;0;Pública;;ALFA H - G0/G1;0,0;0,0;0,0;False;Adequado;8,6912;Topázio;10,0;9,2;7,52;6,25;8,7;8,67;10,0;9,0;8,4;;2,0;;;;;;0;2023;False;1
RA-915;2023;Aluno-915;F;8,0;2015,0;2023;0;Pública;;ALFA H - G0/G1;0,0;0,0;0,0;False;Adequado;8,5962;Topázio;10,0;8,4;7,52;7,5;8,4;8,67;10,0;8,1;8,7;;2,0;;;;;;0;2023;False;1
RA-916;2023;Aluno-916;F;9,0;2014,0;2023;0;Pública;;ALFA H - G0/G1;0,0;1,0;-1,0;True;Moderada (1);7,3882;Ametista;9,5;9,7;2,52;6,25;6,6;9,005;5,0;7,7;5,5;;2,0;;;;;;-1;2023;False;2
RA-916;2024;Aluno-916;F;10,0;2014,0;2023;1;Pública;EM Maria Ignez Concelles Irma Ines;ALFA I - G2/G3;0,0;2,0;-2,0;True;Alta (2);5,5058531621;Quartzo;8,502;7,3320158105;2,51;6,5625;2,75;6,16;5,0;3,5;2,0;;2,0;;;;;;-2;2023;False;2
RA-917;2023;Aluno-917;F;7,0;2015,0;2023;0;Pública;;ALFA H - G0/G1;0,0;0,0;0,0;False;Adequado;5,987;Quartzo;0,0;7,2;2,52;6,25;7,0;6,35;10,0;5,3;8,7;;2,0;;;;;;0;2023;False;1
RA-918;2023;Aluno-918;F;7,0;2016,0;2023;0;Pública;;ALFA H - G0/G1;0,0;0,0;0,0;False;Adequado;7,4967;Ametista;10,0;8,7;2,52;5,625;7,7;7,01;10,0;7,1;8,3;;2,0;;;;;;0;2023;False;2
RA-918;2024;Aluno-918;F;8,0;2016,0;2023;1;Pública;EM Maria Ignez Concelles Irma Ines;ALFA G - G2/G3;0,0;1,0;-1,0;True;Moderada (1);5,657357017600001;Quartzo;7,918;8,697368421;2,51;5,9375;2,75;6,156666667;5,0;1,0;4,5;;3,0;;;;;;-1;2023;False;2
RA-919;2023;Aluno-919;M;9,0;2014,0;2023;0;Pública;;ALFA H - G0/G1;0,0;1,0;-1,0;True;Moderada (1);6,225;Ágata;0,0;8,4;7,52;6,25;5,3;8,09;5,0;5,5;5,0;;2,0;;;;;;-1;2023;False;2
RA-919;2024;Aluno-919;M;10,0;2014,0;2023;1;Pública;EM Maria Ignez Concelles Irma Ines;ALFA I - G2/G3;0,0;2,0;-2,0;True;Alta (2);5,799702673800001;Quartzo;7,002;4,692513369;6,255;6,875;5,25;6,49;5,0;6,5;4,0;;2,0;;;;;;-2;2023;False;2
RA-92;2022;Aluno-92;F;16,0;2006,0;2016;6;Privada - Parceira;;L;5,0;6,0;-1,0;True;Moderada (1);6,957;Ágata;9,2;7,1;5,0;;7,4;6,667;5,0;7,8;5,5;8,8;4,0;501;30;7;False;False;-1;2016;True;3
RA-92;2023;Aluno-92;F;17,0;2006,0;2016;7;Privada - Apadrinhamento;;6L;6,0;7,0;-1,0;True;Moderada (1);7,375916667;Ametista;9,6;9,4;5,63;7,1875;6,7;7,045;5,0;8,7;4,8;6,7;4,0;;;;;;-1;2016;True;3
RA-92;2024;Aluno-92;F;18,0;2006,0;2016;8;Privada - Apadrinhamento;Colégio Arco Íris Evolução;7A;7,0;7,0;0,0;False;Adequado;8,052279017;Topázio;10,002;8,769145085;7,51;7,8125;7,5;6,33;10,0;8,0;5,0;9,5;3,0;;;;;;0;2021;True;3
RA-920;2023;Aluno-920;F;8,0;2015,0;2023;0;Pública;;ALFA H - G0/G1;0,0;0,0;0,0;False;Adequado;6,9647;Ágata;9,0;6,3;7,52;5,625;6,1;6,35;10,0;6,0;6,2;;2,0;;;;;;0;2023;False;2
RA-920;2024;Aluno-920;F;9,0;2015,0;2023;1;Pública;EM Maria Ignez Concelles Irma Ines;ALFA G - G2/G3;0,0;1,0;-1,0;True;Moderada (1);7,7494938597;Ametista;9,502;7,6710526315;7,51;7,1875;8,25;8,226666667;5,0;9,0;7,5;;3,0;;;;;;-1;2023;False;2
RA-921;2023;Aluno-921;F;7,0;2016,0;2023;0;Pública;;ALFA I - G2/G3;0,0;0,0;0,0;False;Adequado;7,7407;Ametista;9,0;9,7;7,52;5,625;6,3;6,68;10,0;6,5;6,0;;2,0;;;;;;0;2023;False;2
RA-921;2024;Aluno-921;F;8,0;2016,0;2023;1;Pública;EE Dom Pedro Villas Boas de Souza;ALFA I - G2/G3;0,0;1,0;-1,0;True;Moderada (1);7,2838203209;Ametista;8,502;8,6631016045;7,51;7,5;6,0;7,5;5,0;5,0;7,0;;2,0;;;;;;-1;2023;False;2
RA-922;2023;Aluno-922;F;8,0;2014,0;2023;0;Pública;;ALFA I - G2/G3;0,0;0,0;0,0;False;Adequado;8,5262;Topázio;8,5;9,7;3,14;7,5;8,4;10,01;10,0;8,5;8,2;;2,0;;;;;;0;2023;False;2
RA-922;2024;Aluno-922;F;9,0;2014,0;2023;1;Pública;EE Francisco de Paula Teixeira;1C;1,0;1,0;0,0;False;Adequado;8,5209954545;Topázio;9,002;9,5227272725;7,51;7,8125;7,75;8,17;10,0;7,5;8,0;;2,0;;;;;;0;2023;False;2
RA-923;2023;Aluno-923;F;8,0;2015,0;2023;0;Pública;;ALFA I - G2/G3;0,0;0,0;0,0;False;Adequado;8,8842;Topázio;9,5;9,9;7,52;7,5;7,3;10,01;10,0;7,5;7,0;;2,0;;;;;;0;2023;False;2
RA-923;2024;Aluno-923;F;9,0;2015,0;2023;1;Pública;EE Dom Pedro Villas Boas de Souza;1D;1,0;1,0;0,0;False;Adequado;7,688609090900001;Ametista;8,002;7,9545454545;7,51;8,125;5,5;8,17;10,0;5,0;6,0;;2,0;;;;;;0;2023;False;2
RA-924;2023;Aluno-924;M;8,0;2015,0;2023;0;Pública;;ALFA I - G2/G3;0,0;0,0;0,0;False;Adequado;6,5207;Ágata;9,0;5,6;7,52;5,625;5,0;5,93;10,0;5,0;5,0;;2,0;;;;;;0;2023;False;2
RA-924;2024;Aluno-924;M;9,0;2015,0;2023;1;Pública;EE Dom Pedro Villas Boas de Souza;ALFA I - G2/G3;0,0;1,0;-1,0;True;Moderada (1);6,4727360962;Ágata;7,002;4,598930481;7,51;7,1875;7,0;7,415;5,0;7,5;6,5;;2,0;;;;;;-1;2023;False;2
RA-925;2023;Aluno-925;M;7,0;2015,0;2023;0;Pública;;ALFA I - G2/G3;0,0;0,0;0,0;False;Adequado;7,1837;Ametista;9,0;8,9;7,52;5,625;5,4;5,595;10,0;5,2;5,5;;2,0;;;;;;0;2023;False;2
RA-925;2024;Aluno-925;M;8,0;2015,0;2023;1;Pública;EE Dom Pedro Villas Boas de Souza;ALFA I - G2/G3;0,0;1,0;-1,0;True;Moderada (1);6,587019518800001;Ágata;8,002;7,005347594;7,51;7,1875;4,75;7,33;5,0;3,0;6,5;;2,0;;;;;;-1;2023;False;2
RA-926;2023;Aluno-926;F;9,0;2014,0;2023;0;Pública;;ALFA J - G2/G3;0,0;1,0;-1,0;True;Moderada (1);7,7792;Ametista;9,0;10,0;3,77;7,5;6,8;9,51;5,0;6,5;7,0;;2,0;;;;;;-1;2023;False;2
RA-926;2024;Aluno-926;F;10,0;2014,0;2023;1;Pública;EM Maria Ignez Concelles Irma Ines;1G;1,0;2,0;-1,0;True;Moderada (1);7,7830787878;Ametista;9,002;9,7727272725;7,51;8,333333333;7,0;7,22;5,0;7,0;7,0;;3,0;;;;;;-1;2023;False;2
RA-927;2023;Aluno-927;F;9,0;2014,0;2023;0;Pública;;ALFA J - G2/G3;0,0;1,0;-1,0;True;Moderada (1);7,5982;Ametista;9,0;9,7;3,77;7,5;6,4;9,255;5,0;7,0;5,8;;2,0;;;;;;-1;2023;False;2
RA-927;2024;Aluno-927;F;10,0;2014,0;2023;1;Pública;EM Maria Ignez Concelles Irma Ines;1G;1,0;1,0;0,0;False;Adequado;7,9921696969;Ametista;8,002;9,318181818;7,51;8,333333333;6,5;7,22;10,0;7,0;6,0;;3,0;;;;;;0;2023;False;2
RA-928;2023;Aluno-928;F;8,0;2015,0;2023;0;Pública;;ALFA K - G0/G1;0,0;0,0;0,0;False;Adequado;9,3712;Topázio;8,5;10,0;7,52;8,75;9,8;9,67;10,0;9,8;9,8;;2,0;;;;;;0;2023;False;2
RA-928;2024;Aluno-928;F;9,0;2015,0;2023;1;Pública;EM Amanda Consuelo da Cunha;1K;1,0;1,0;0,0;False;Adequado;8,8733666667;Topázio;8,002;10,0;7,51;8,541666667;8,75;8,59;10,0;8,5;9,0;;2,0;;;;;;0;2023;False;2
RA-929;2023;Aluno-929;F;8,0;2015,0;2023;0;Pública;;ALFA K - G0/G1;0,0;0,0;0,0;False;Adequado;9,1312;Topázio;8,5;9,8;7,52;8,75;8,8;9,67;10,0;8,7;8,9;;2,0;;;;;;0;2023;False;2
RA-929;2024;Aluno-929;F;9,0;2015,0;2023;1;Pública;EM Amanda Consuelo da Cunha;ALFA O - G2/G3;0,0;1,0;-1,0;True;Moderada (1);7,7244368421;Ametista;9,002;9,4736842105;7,51;8,125;6,75;7,58;5,0;7,0;6,5;;2,0;;;;;;-1;2023;False;2
RA-93;2022;Aluno-93;F;15,0;2007,0;2016;6;Privada - Parceira;;L;5,0;5,0;0,0;False;Adequado;8,941;Topázio;8,3;9,7;8,1;;8,5;9,083;10,0;8,8;8,3;8,4;4,0;6;4;3;True;False;0;2016;True;3
RA-93;2023;Aluno-93;F;16,0;2007,0;2016;7;Privada - Apadrinhamento;;7E;7,0;6,0;1,0;False;Adiantado;;;7,9;;3,14;;;;10,0;;;;;;;;;;1;2016;True;3
RA-93;2024;Aluno-93;F;17,0;2007,0;2016;8;Privada - Apadrinhamento;Colégio Albert Einstein - SP;7E;7,0;6,0;1,0;False;Adiantado;8,275550000066668;Topázio;9,168;9,931666667;6,2575;7,5;7,483333333333333;7,5;10,0;6,75;7,2;8,5;0,0;;;;;;1;2021;True;3
RA-930;2023;Aluno-930;M;8,0;2015,0;2023;0;Pública;;ALFA K - G0/G1;0,0;0,0;0,0;False;Adequado;8,8872;Topázio;9,0;8,8;7,52;8,75;9,0;9,0;10,0;8,7;9,3;;2,0;;;;;;0;2023;False;2
RA-930;2024;Aluno-930;M;9,0;2015,0;2023;1;Pública;EE Jardim Campestre;ALFA O - G2/G3;0,0;1,0;-1,0;True;Moderada (1);7,9298184211;Ametista;8,502;9,7368421055;7,51;7,8125;8,0;7,5;5,0;8,0;8,0;;2,0;;;;;;-1;2023;False;2
RA-931;2023;Aluno-931;M;8,0;2015,0;2023;0;Pública;;ALFA K - G0/G1;0,0;0,0;0,0;False;Adequado;7,3747;Ametista;8,5;8,2;2,52;5,625;7,8;7,6;10,0;7,0;8,5;;2,0;;;;;;0;2023;False;2
RA-931;2024;Aluno-931;M;9,0;2015,0;2023;1;Pública;EM Amanda Consuelo da Cunha;ALFA K - G0/G1;0,0;1,0;-1,0;True;Moderada (1);7,075466666700001;Ametista;7,918;8,5833333335;2,51;7,5;8,5;6,83;5,0;8,0;9,0;;2,0;;;;;;-1;2023;False;2
RA-932;2023;Aluno-932;F;7,0;2015,0;2023;0;Pública;;ALFA K - G0/G1;0,0;0,0;0,0;False;Adequado;8,3847;Topázio;9,5;7,9;7,52;8,125;7,5;9,0;10,0;6,5;8,4;;2,0;;;;;;0;2023;False;1
RA-933;2023;Aluno-933;F;8,0;2015,0;2023;0;Pública;;ALFA K - G0/G1;0,0;0,0;0,0;False;Adequado;8,6712;Topázio;9,0;8,4;7,52;8,75;7,7;9,67;10,0;8,0;7,3;;2,0;;;;;;0;2023;False;1
RA-934;2023;Aluno-934;F;8,0;2015,0;2023;0;Pública;;ALFA K - G0/G1;0,0;0,0;0,0;False;Adequado;9,1737;Topázio;9,0;9,6;7,52;9,375;8,7;9,67;10,0;8,3;9,0;;2,0;;;;;;0;2023;False;2
RA-934;2024;Aluno-934;F;9,0;2015,0;2023;1;Pública;EM Amanda Consuelo da Cunha;ALFA L - G2/G3;0,0;1,0;-1,0;True;Moderada (1);8,338700000000001;Topázio;9,502;9,75;7,51;9,375;8,5;7,75;5,0;10,0;7,0;;2,0;;;;;;-1;2023;False;2
RA-935;2023;Aluno-935;M;9,0;2014,0;2023;0;Pública;;ALFA K - G0/G1;0,0;1,0;-1,0;True;Moderada (1);7,9535;Ametista;0,0;9,8;7,52;9,375;9,4;9,67;5,0;9,2;9,5;;2,0;;;;;;-1;2023;False;2
RA-935;2024;Aluno-935;M;10,0;2014,0;2023;1;Pública;EE Jardim Campestre;ALFA O - G2/G3;0,0;1,0;-1,0;True;Moderada (1);8,3422;Topázio;9,502;10,0;7,51;8,75;8,5;7,83;5,0;10,0;7,0;;2,0;;;;;;-1;2023;False;2
RA-936;2023;Aluno-936;F;8,0;2015,0;2023;0;Pública;;ALFA K - G0/G1;0,0;0,0;0,0;False;Adequado;8,5477;Topázio;9,0;10,0;7,52;8,125;6,5;8,915;10,0;5,0;8,0;;2,0;;;;;;0;2023;False;1
RA-937;2023;Aluno-937;F;8,0;2015,0;2023;0;Pública;;ALFA K - G0/G1;0,0;0,0;0,0;False;Adequado;9,3237;Topázio;9,5;9,6;7,52;9,375;9,2;9,67;10,0;9,0;9,3;;2,0;;;;;;0;2023;False;2
RA-937;2024;Aluno-937;F;9,0;2015,0;2023;1;Pública;EE Helio Luiz Dobrochinski Prof;ALFA O - G2/G3;0,0;1,0;-1,0;True;Moderada (1);8,3792;Topázio;10,002;10,0;9,38;8,75;7,5;7,83;5,0;8,0;7,0;;2,0;;;;;;-1;2023;False;2
RA-938;2023;Aluno-938;M;9,0;2014,0;2023;0;Pública;;ALFA K - G0/G1;0,0;1,0;-1,0;True;Moderada (1);6,7372;Ágata;8,5;8,4;7,52;6,25;4,2;7,5;5,0;0,0;8,3;;2,0;;;;;;-1;2023;False;2
RA-938;2024;Aluno-938;M;10,0;2014,0;2023;1;Pública;EM Amanda Consuelo da Cunha;ALFA L - G2/G3;0,0;1,0;-1,0;True;Moderada (1);8,0056026915;Topázio;9,502;9,5445134575;7,51;8,125;7,75;7,665;5,0;10,0;5,5;;2,0;;;;;;-1;2023;False;2
RA-939;2023;Aluno-939;F;11,0;2012,0;2023;0;Pública;;ALFA L - G2/G3;0,0;2,0;-2,0;True;Alta (2);7,9742;Ametista;9,0;10,0;7,52;7,5;5,4;10,01;5,0;5,0;5,7;;2,0;;;;;;-2;2023;False;2
RA-939;2024;Aluno-939;F;12,0;2012,0;2023;1;Pública;EE Donizetti Aparecido Leite Professor;1N;1,0;2,0;-1,0;True;Moderada (1);7,051379841899999;Ametista;9,002;8,8833992095;5,63;8,125;5,0;7,495;5,0;6,0;4,0;;2,0;;;;;;-1;2023;False;2
RA-94;2022;Aluno-94;F;15,0;2007,0;2018;4;Privada - Parceira;;L;5,0;5,0;0,0;False;Adequado;8,921;Topázio;8,3;9,6;8,1;;7,7;9,583;10,0;7,0;6,7;9,5;4,0;7;5;4;True;False;0;2018;True;3
RA-94;2023;Aluno-94;F;16,0;2007,0;2018;5;Privada - Apadrinhamento;;5L;5,0;6,0;-1,0;True;Moderada (1);7,289333333;Ametista;7,5;9,6;2,52;8,75;7,2;7,795;5,0;7,7;4,8;9,0;4,0;;;;;;-1;2018;True;3
RA-94;2024;Aluno-94;F;17,0;2007,0;2018;6;Privada - Apadrinhamento;Colégio Arco Íris Evolução;6L;6,0;6,0;0,0;False;Adequado;8,637033333333335;Topázio;10,002;9,666666666666666;6,26;8,375;8,0;8,2;10,0;7,0;7,0;10,0;5,0;;;;;;0;2021;True;3
RA-940;2023;Aluno-940;M;11,0;2012,0;2023;0;Pública;;ALFA L - G2/G3;0,0;2,0;-2,0;True;Alta (2);6,6112;Ágata;9,0;8,4;2,52;6,25;6,3;7,02;5,0;6,8;5,7;;2,0;;;;;;-2;2023;False;1
RA-941;2023;Aluno-941;F;8,0;2015,0;2023;0;Pública;;ALFA L - G2/G3;0,0;0,0;0,0;False;Adequado;7,6872;Ametista;8,0;10,0;7,52;5,0;5,0;8,175;10,0;5,0;5,0;;2,0;;;;;;0;2023;False;2
RA-941;2024;Aluno-941;F;9,0;2015,0;2023;1;Pública;EM Amanda Consuelo da Cunha;ALFA L - G2/G3;0,0;1,0;-1,0;True;Moderada (1);7,746700000000001;Ametista;8,002;9,25;5,01;8,125;8,75;7,665;5,0;10,0;7,5;;2,0;;;;;;-1;2023;False;2
RA-942;2023;Aluno-942;F;10,0;2013,0;2023;0;Pública;;ALFA L - G2/G3;0,0;2,0;-2,0;True;Alta (2);6,8547;Ágata;9,5;8,9;2,52;5,625;7,1;7,0;5,0;7,3;6,8;;2,0;;;;;;-2;2023;False;1
RA-943;2023;Aluno-943;F;8,0;2015,0;2023;0;Pública;;ALFA L - G2/G3;0,0;0,0;0,0;False;Adequado;8,9172;Topázio;9,5;9,4;7,52;7,5;8,0;9,925;10,0;8,0;8,0;;2,0;;;;;;0;2023;False;2
RA-943;2024;Aluno-943;F;9,0;2015,0;2023;1;Pública;EM Amanda Consuelo da Cunha;1L;1,0;1,0;0,0;False;Adequado;8,965033333300001;Topázio;10,002;10,0;7,51;8,958333333;8,0;8,59;10,0;7,0;9,0;;2,0;;;;;;0;2023;False;2
RA-944;2023;Aluno-944;F;9,0;2014,0;2023;0;Pública;;ALFA M - G0/G1;0,0;1,0;-1,0;True;Moderada (1);7,0687;Ametista;9,0;7,6;7,52;5,625;7,5;6,67;5,0;9,2;5,8;;2,0;;;;;;-1;2023;False;2
RA-944;2024;Aluno-944;F;10,0;2014,0;2023;1;Pública;EM Cecilia Cristina de Oliveira Rodrigues;ALFA L - G2/G3;0,0;2,0;-2,0;True;Alta (2);7,8262;Ametista;9,002;7,25;7,51;8,75;9,0;7,75;5,0;10,0;8,0;;2,0;;;;;;-2;2023;False;2
RA-945;2023;Aluno-945;M;8,0;2015,0;2023;0;Pública;;ALFA M - G0/G1;0,0;0,0;0,0;False;Adequado;8,0777;Topázio;8,5;9,2;7,52;6,875;7,9;6,84;10,0;8,0;7,8;;2,0;;;;;;0;2023;False;2
RA-945;2024;Aluno-945;M;9,0;2015,0;2023;1;Pública;EM Cecilia Cristina de Oliveira Rodrigues;ALFA N - G2/G3;0,0;1,0;-1,0;True;Moderada (1);7,4195809524;Ametista;9,002;9,511904762;2,51;7,5;8,75;6,83;5,0;10,0;7,5;;2,0;;;;;;-1;2023;False;2
RA-946;2023;Aluno-946;M;7,0;2016,0;2023;0;Pública;;ALFA M - G0/G1;0,0;0,0;0,0;False;Adequado;8,5822;Topázio;9,5;9,4;7,52;7,5;9,3;7,0;10,0;9,0;9,5;;2,0;;;;;;0;2023;False;2
RA-946;2024;Aluno-946;M;8,0;2016,0;2023;1;Pública;EE Helio Luiz Dobrochinski Prof;ALFA N - G2/G3;0,0;1,0;-1,0;True;Moderada (1);6,677723809500001;Ágata;9,502;8,7976190475;2,51;7,5;4,5;7,835;5,0;3,0;6,0;;2,0;;;;;;-1;2023;False;2
RA-947;2023;Aluno-947;M;8,0;2015,0;2023;0;Pública;;ALFA M - G0/G1;0,0;0,0;0,0;False;Adequado;6,3457;Ágata;9,0;7,9;7,52;4,375;3,3;5,08;10,0;1,7;4,9;;2,0;;;;;;0;2023;False;2
RA-947;2024;Aluno-947;M;9,0;2015,0;2023;1;Pública;EE Helio Luiz Dobrochinski Prof;ALFA M - G0/G1;0,0;1,0;-1,0;True;Moderada (1);6,053509523800001;Ágata;9,002;7,619047619;7,51;5,625;4,5;4,58;5,0;4,0;5,0;;2,0;;;;;;-1;2023;False;2
RA-948;2023;Aluno-948;F;8,0;2015,0;2023;0;Pública;;ALFA M - G0/G1;0,0;0,0;0,0;False;Adequado;6,5277;Ágata;9,0;7,6;7,52;6,875;0,0;8,34;10,0;0,0;0,0;;2,0;;;;;;0;2023;False;1
RA-949;2023;Aluno-949;F;8,0;2015,0;2023;0;Pública;;ALFA M - G0/G1;0,0;0,0;0,0;False;Adequado;8,0172;Topázio;9,5;8,1;7,52;6,25;8,9;6,5;10,0;9,1;8,6;;2,0;;;;;;0;2023;False;2
RA-949;2024;Aluno-949;F;9,0;2015,0;2023;1;Pública;EE Luiz Schunck;ALFA N - G2/G3;0,0;1,0;-1,0;True;Moderada (1);7,1323428571;Ametista;9,002;8,7857142855;7,51;6,25;6,5;6,495;5,0;6,0;7,0;;2,0;;;;;;-1;2023;False;2
RA-95;2022;Aluno-95;F;17,0;2005,0;2022;0;Pública;;L;5,0;7,0;-2,0;True;Alta (2);6,308;Ágata;8,3;6,6;7,5;;4,8;6,292;5,0;6,0;8,0;0,5;4,0;685;41;9;False;False;-2;2022;False;1
RA-950;2023;Aluno-950;F;8,0;2014,0;2023;0;Pública;;ALFA M - G0/G1;0,0;0,0;0,0;False;Adequado;8,8862;Topázio;9,0;10,0;7,52;7,5;9,3;8,17;10,0;9,5;9,0;;2,0;;;;;;0;2023;False;2
RA-950;2024;Aluno-950;F;9,0;2014,0;2023;1;Pública;EE Helio Luiz Dobrochinski Prof;ALFA N - G2/G3;0,0;1,0;-1,0;True;Moderada (1);7,693461904800001;Ametista;9,502;9,023809524;7,51;6,875;7,0;8,0;5,0;7,5;6,5;;2,0;;;;;;-1;2023;False;2
RA-951;2023;Aluno-951;F;7,0;2016,0;2023;0;Pública;;ALFA M - G0/G1;0,0;0,0;0,0;False;Adequado;8,8902;Topázio;9,5;9,7;7,52;7,5;8,4;9,09;10,0;8,5;8,3;;2,0;;;;;;0;2023;False;2
RA-951;2024;Aluno-951;F;8,0;2016,0;2023;1;Privada;João Friaza Colégio;ALFA N - G2/G3;0,0;1,0;-1,0;True;Moderada (1);6,4483428571;Ágata;10,002;9,0357142855;2,51;6,25;4,0;7,325;5,0;5,0;3,0;;2,0;;;;;;-1;2023;False;2
RA-952;2023;Aluno-952;M;8,0;2015,0;2023;0;Pública;;ALFA N - G2/G3;0,0;0,0;0,0;False;Adequado;8,37095;Topázio;9,5;9,2;3,77;7,1875;9,0;8,425;10,0;8,8;9,2;;2,0;;;;;;0;2023;False;2
RA-952;2024;Aluno-952;M;9,0;2015,0;2023;1;Pública;EE Helio Luiz Dobrochinski Prof;1N;1,0;1,0;0,0;False;Adequado;8,853624242300002;Topázio;9,502;9,545454545;6,26;8,333333333;8,5;9,175;10,0;8,0;9,0;;2,0;;;;;;0;2023;False;2
RA-953;2023;Aluno-953;F;8,0;2015,0;2023;0;Pública;;ALFA N - G2/G3;0,0;0,0;0,0;False;Adequado;7,54005;Ametista;7,4;8,8;3,14;6,5625;8,3;7,09;10,0;8,5;8,0;;2,0;;;;;;0;2023;False;2
RA-953;2024;Aluno-953;F;9,0;2015,0;2023;1;Pública;EE Helio Luiz Dobrochinski Prof;1N;1,0;1,0;0,0;False;Adequado;7,961241502000001;Ametista;9,002;6,85770751;6,26;8,125;8,5;7,755;10,0;8,0;9,0;;2,0;;;;;;0;2023;False;2
RA-954;2023;Aluno-954;F;8,0;2015,0;2023;0;Pública;;ALFA N - G2/G3;0,0;0,0;0,0;False;Adequado;6,82375;Ágata;0,0;8,3;3,14;7,1875;7,7;8,005;10,0;7,8;7,5;;2,0;;;;;;0;2023;False;2
RA-954;2024;Aluno-954;F;9,0;2015,0;2023;1;Pública;EM Cecilia Cristina de Oliveira Rodrigues;1N;1,0;1,0;0,0;False;Adequado;8,2823798419;Topázio;9,502;8,8833992095;6,26;8,125;7,75;7,835;10,0;6,5;9,0;;2,0;;;;;;0;2023;False;2
RA-955;2023;Aluno-955;F;10,0;2013,0;2023;0;Pública;;ALFA N - G2/G3;0,0;2,0;-2,0;True;Alta (2);7,1297;Ametista;9,0;8,8;3,14;6,875;7,8;7,09;5,0;8,0;7,5;;2,0;;;;;;-2;2023;False;2
RA-955;2024;Aluno-955;F;11,0;2013,0;2023;1;Pública;EE Maria André Schunck Dona;1K;1,0;2,0;-1,0;True;Moderada (1);6,245452381;Ágata;0,0;6,904761905;7,51;8,125;5,75;8,255;5,0;6,5;5,0;;2,0;;;;;;-1;2023;False;2
RA-956;2023;Aluno-956;M;11,0;2012,0;2023;0;Pública;;ALFA O - G2/G3;0,0;2,0;-2,0;True;Alta (2);7,7312;Ametista;8,0;7,5;7,52;7,5;7,8;9,345;5,0;7,8;7,8;;2,0;;;;;;-2;2023;False;2
RA-956;2024;Aluno-956;M;12,0;2012,0;2023;1;Pública;Estuda em outra cidade;1N;1,0;2,0;-1,0;True;Moderada (1);6,1175906455;Ágata;9,502;6,017786561;6,885;7,083333333;3,25;7,085;5,0;6,5;0,0;;2,0;;;;;;-1;2023;False;2
RA-957;2023;Aluno-957;F;8,0;2014,0;2023;0;Pública;;ALFA O - G2/G3;0,0;0,0;0,0;False;Adequado;9,1672;Topázio;10,0;9,3;7,52;7,5;9,1;9,925;10,0;9,0;9,2;;2,0;;;;;;0;2023;False;1
RA-958;2023;Aluno-958;F;8,0;2015,0;2023;0;Pública;;ALFA O - G2/G3;0,0;0,0;0,0;False;Adequado;9,2902;Topázio;10,0;9,8;7,52;7,5;9,3;9,84;10,0;9,3;9,3;;2,0;;;;;;0;2023;False;2
RA-958;2024;Aluno-958;F;9,0;2015,0;2023;1;Pública;EE Jardim Campestre;1M;1,0;1,0;0,0;False;Adequado;9,531325;Topázio;10,002;10,0;6,26;9,53125;10,0;9,76;10,0;10,0;10,0;;2,0;;;;;;0;2023;False;2
RA-959;2023;Aluno-959;M;8,0;2015,0;2023;0;Pública;;ALFA O - G2/G3;0,0;0,0;0,0;False;Adequado;8,6677;Topázio;10,0;9,6;7,52;6,875;7,7;8,84;10,0;7,7;7,7;;2,0;;;;;;0;2023;False;2
RA-959;2024;Aluno-959;M;9,0;2015,0;2023;1;Pública;EE Jardim Campestre;ALFA O - G2/G3;0,0;1,0;-1,0;True;Moderada (1);8,379818421100001;Topázio;10,002;9,7368421055;7,51;7,8125;9,5;7,5;5,0;10,0;9,0;;2,0;;;;;;-1;2023;False;2
RA-96;2022;Aluno-96;M;16,0;2006,0;2021;1;Pública;;L;5,0;6,0;-1,0;True;Moderada (1);7,54;Ametista;9,2;7,8;6,9;;6,7;8,5;5,0;5,7;6,5;8,0;4,0;295;19;5;True;True;-1;2021;False;3
RA-96;2023;Aluno-96;M;17,0;2006,0;2021;2;Privada - Apadrinhamento;;6L;6,0;7,0;-1,0;True;Moderada (1);7,610791667;Ametista;9,6;8,9;7,52;7,65625;6,4;7,84;5,0;6,8;4,8;7,7;4,0;;;;;;-1;2021;False;3
RA-96;2024;Aluno-96;M;18,0;2006,0;2021;3;Concluiu o 3º EM;Concluiu o 3º EM;8F;8,0;8,0;0,0;False;Adequado;;;;0,0;;;;;10,0;;;;0,0;;;;;;0;2021;False;3
RA-960;2023;Aluno-960;M;10,0;2013,0;2023;0;Pública;;ALFA O - G2/G3;0,0;2,0;-2,0;True;Alta (2);7,0847;Ametista;8,5;10,0;7,52;5,625;6,3;5,85;5,0;6,5;6,0;;2,0;;;;;;-2;2023;False;2
RA-960;2024;Aluno-960;M;11,0;2013,0;2023;1;Pública;EM Cecilia Cristina de Oliveira Rodrigues;1K;1,0;2,0;-1,0;True;Moderada (1);5,286047619;Quartzo;0,0;8,095238095;7,51;7,5;3,0;5,33;5,0;6,0;0,0;;2,0;;;;;;-1;2023;False;2
RA-961;2023;Aluno-961;M;9,0;2014,0;2023;0;Pública;;ALFA O - G2/G3;0,0;1,0;-1,0;True;Moderada (1);5,99625;Quartzo;0,0;8,7;2,52;5,3125;6,2;8,665;5,0;6,2;6,2;;2,0;;;;;;-1;2023;False;2
RA-961;2024;Aluno-961;M;10,0;2014,0;2023;1;Pública;EM Alfredo Schunk;1M;1,0;2,0;-1,0;True;Moderada (1);6,529417908900001;Ágata;9,002;8,8923395445;6,26;5,9375;5,5;5,155;5,0;6,0;5,0;;2,0;;;;;;-1;2023;False;2
RA-962;2023;Aluno-962;F;9,0;2014,0;2023;0;Pública;;ALFA Q - G2/G3;0,0;1,0;-1,0;True;Moderada (1);8,4742;Topázio;9,0;9,2;7,52;7,5;8,7;10,01;5,0;9,5;7,8;;2,0;;;;;;-1;2023;False;1
RA-963;2023;Aluno-963;F;9,0;2014,0;2023;0;Pública;;ALFA Q - G2/G3;0,0;1,0;-1,0;True;Moderada (1);8,6142;Topázio;9,5;9,8;7,52;7,5;8,5;10,01;5,0;8,3;8,7;;2,0;;;;;;-1;2023;False;2
RA-963;2024;Aluno-963;F;10,0;2014,0;2023;1;Pública;EE Helio Luiz Dobrochinski Prof;1R;1,0;1,0;0,0;False;Adequado;8,375080952400001;Topázio;7,502;9,761904762;7,51;8,125;7,5;8,045;10,0;5,0;10,0;;4,0;;;;;;0;2023;False;2
RA-964;2023;Aluno-964;M;9,0;2014,0;2023;0;Pública;;ALFA Q - G2/G3;0,0;1,0;-1,0;True;Moderada (1);7,7997;Ametista;8,5;9,4;7,52;6,875;7,2;8,5;5,0;7,3;7,0;;2,0;;;;;;-1;2023;False;2
RA-964;2024;Aluno-964;M;10,0;2014,0;2023;1;Pública;EM Juvenal Coutinho;1R;1,0;2,0;-1,0;True;Moderada (1);7,548241666600001;Ametista;9,502;8,333333332999999;7,51;7,96875;7,25;7,1675;5,0;7,5;7,0;;4,0;;;;;;-1;2023;False;2
RA-965;2023;Aluno-965;F;9,0;2014,0;2023;0;Pública;;ALFA Q - G2/G3;0,0;1,0;-1,0;True;Moderada (1);6,4832;Ágata;8,5;8,2;6,27;5,0;4,7;7,18;5,0;5,3;4,0;;2,0;;;;;;-1;2023;False;2
RA-965;2024;Aluno-965;F;10,0;2014,0;2023;1;Pública;EE Luiz Schunck;ALFA Q - G2/G3;0,0;2,0;-2,0;True;Alta (2);6,1376545455;Ágata;9,002;6,4772727275;7,51;8,75;2,25;6,83;5,0;2,0;2,5;;2,0;;;;;;-2;2023;False;2
RA-966;2023;Aluno-966;M;9,0;2014,0;2023;0;Pública;;ALFA Q - G2/G3;0,0;1,0;-1,0;True;Moderada (1);7,44345;Ametista;10,0;10,0;7,52;6,5625;5,0;7,675;5,0;5,0;5,0;;2,0;;;;;;-1;2023;False;2
RA-966;2024;Aluno-966;M;10,0;2014,0;2023;1;Pública;EE Helio Luiz Dobrochinski Prof;ALFA Q - G2/G3;0,0;2,0;-2,0;True;Alta (2);7,9943363636;Ametista;9,502;8,568181818;7,51;8,125;9,0;7,335;5,0;9,5;8,5;;2,0;;;;;;-2;2023;False;2
RA-967;2023;Aluno-967;M;10,0;2013,0;2023;0;Pública;;ALFA Q - G2/G3;0,0;2,0;-2,0;True;Alta (2);7,1347;Ametista;9,5;8,0;7,52;5,625;6,5;7,35;5,0;6,5;6,5;;2,0;;;;;;-2;2023;False;2
RA-967;2024;Aluno-967;M;11,0;2013,0;2023;1;Pública;EE Luiz Schunck;1R;1,0;2,0;-1,0;True;Moderada (1);5,442610714300001;Quartzo;9,502;3,5714285715;7,51;5,78125;4,75;4,995;5,0;3,5;6,0;;4,0;;;;;;-1;2023;False;2
RA-968;2023;Aluno-968;F;9,0;2014,0;2023;0;Pública;;ALFA Q - G2/G3;0,0;1,0;-1,0;True;Moderada (1);8,4942;Topázio;9,0;9,7;7,52;7,5;8,3;10,01;5,0;8,0;8,5;;2,0;;;;;;-1;2023;False;2
RA-968;2024;Aluno-968;F;10,0;2014,0;2023;1;Pública;EE Luiz Schunck;1R;1,0;2,0;-1,0;True;Moderada (1);7,8403547619;Ametista;9,002;8,8095238095;7,51;8,4375;7,75;7,6675;5,0;8,5;7,0;;4,0;;;;;;-1;2023;False;2
RA-969;2023;Aluno-969;M;8,0;2015,0;2023;0;Pública;;ALFA Q - G2/G3;0,0;0,0;0,0;False;Adequado;7,7692;Ametista;8,5;9,7;7,52;6,25;5,5;7,51;10,0;6,0;5,0;;2,0;;;;;;0;2023;False;2
RA-969;2024;Aluno-969;M;9,0;2015,0;2023;1;Pública;EE Helio Luiz Dobrochinski Prof;ALFA Q - G2/G3;0,0;1,0;-1,0;True;Moderada (1);7,453427272700001;Ametista;9,002;7,863636363499999;7,51;8,125;7,25;7,335;5,0;9,0;5,5;;2,0;;;;;;-1;2023;False;2
RA-97;2022;Aluno-97;F;15,0;2007,0;2017;5;Privada - Parceira;;L;5,0;5,0;0,0;False;Adequado;7,468;Ametista;7,5;8,8;5,0;;6,9;6,292;10,0;5,3;6,7;8,8;4,0;328;22;6;False;False;0;2017;False;1
RA-970;2023;Aluno-970;F;8,0;2015,0;2023;0;Pública;;ALFA R - G0/G1;0,0;0,0;0,0;False;Adequado;8,9977;Topázio;8,5;8,1;7,52;9,375;9,4;9,84;10,0;9,2;9,5;;2,0;;;;;;0;2023;False;1
RA-971;2023;Aluno-971;M;8,0;2015,0;2023;0;Pública;;ALFA R - G0/G1;0,0;0,0;0,0;False;Adequado;7,0169;Ametista;7,8;6,4;3,77;5,625;6,9;8,17;10,0;5,5;8,3;;2,0;;;;;;0;2023;False;2
RA-971;2024;Aluno-971;M;9,0;2015,0;2023;1;Pública;EE Luiz Schunck;ALFA Q - G2/G3;0,0;1,0;-1,0;True;Moderada (1);6,8916181818;Ágata;7,418;7,909090909;7,51;7,5;6,75;6,085;5,0;8,5;5,0;;2,0;;;;;;-1;2023;False;2
RA-972;2023;Aluno-972;M;8,0;2015,0;2023;0;Pública;;ALFA R - G0/G1;0,0;0,0;0,0;False;Adequado;7,5427;Ametista;9,0;9,1;3,77;6,875;6,0;7,84;10,0;6,2;5,7;;2,0;;;;;;0;2023;False;2
RA-972;2024;Aluno-972;M;9,0;2015,0;2023;1;Pública;EM Etelvina Delfim Simões;ALFA Q - G2/G3;0,0;1,0;-1,0;True;Moderada (1);7,537472727300001;Ametista;9,502;8,3863636365;7,51;8,75;6,75;7,17;5,0;8,0;5,5;;2,0;;;;;;-1;2023;False;2
RA-973;2023;Aluno-973;M;9,0;2014,0;2023;0;Pública;;ALFA R - G0/G1;0,0;1,0;-1,0;True;Moderada (1);5,82875;Quartzo;0,0;8,6;3,77;7,1875;5,2;7,415;5,0;6,2;4,1;;2,0;;;;;;-1;2023;False;2
RA-973;2024;Aluno-973;M;10,0;2014,0;2023;1;Pública;EM Cecilia Cristina de Oliveira Rodrigues;ALFA Q - G2/G3;0,0;2,0;-2,0;True;Alta (2);6,9318363636;Ágata;10,002;9,318181818;7,51;7,5;3,75;6,585;5,0;6,5;1,0;;2,0;;;;;;-2;2023;False;2
RA-974;2023;Aluno-974;M;7,0;2015,0;2023;0;Pública;;ALFA R - G0/G1;0,0;0,0;0,0;False;Adequado;8,4752;Topázio;9,0;9,1;3,77;7,5;8,8;9,34;10,0;8,8;8,8;;2,0;;;;;;0;2023;False;2
RA-974;2024;Aluno-974;M;8,0;2015,0;2023;1;Pública;EE Helio Luiz Dobrochinski Prof;ALFA S - G2/G3;0,0;1,0;-1,0;True;Moderada (1);7,6077217391;Ametista;9,502;9,2826086955;7,51;7,5;6,5;7,5;5,0;6,0;7,0;;2,0;;;;;;-1;2023;False;2
RA-975;2023;Aluno-975;F;7,0;2015,0;2023;0;Pública;;ALFA R - G0/G1;0,0;0,0;0,0;False;Adequado;7,7803;Ametista;7,9;9,2;7,52;5,625;6,5;7,67;10,0;7,2;5,8;;2,0;;;;;;0;2023;False;2
RA-975;2024;Aluno-975;F;8,0;2015,0;2023;1;Pública;EE Luiz Schunck;ALFA R - G0/G1;0,0;1,0;-1,0;True;Moderada (1);7,1463666667000005;Ametista;8,502;7,708333333500001;5,01;6,875;8,0;7,33;5,0;8,0;8,0;;2,0;;;;;;-1;2023;False;2
RA-976;2023;Aluno-976;M;8,0;2015,0;2023;0;Pública;;ALFA R - G0/G1;0,0;0,0;0,0;False;Adequado;8,39895;Topázio;9,5;9,2;6,27;5,9375;8,6;8,34;10,0;9,0;8,2;;2,0;;;;;;0;2023;False;1
RA-977;2023;Aluno-977;F;7,0;2015,0;2023;0;Pública;;ALFA R - G0/G1;0,0;0,0;0,0;False;Adequado;7,1717;Ametista;8,5;7,4;5,02;5,625;5,8;8,085;10,0;5,7;5,9;;2,0;;;;;;0;2023;False;2
RA-977;2024;Aluno-977;F;8,0;2015,0;2023;1;Pública;EE Luiz Schunck;ALFA R - G0/G1;0,0;1,0;-1,0;True;Moderada (1);7,188033333300001;Ametista;10,002;7,291666666499999;6,26;6,875;7,0;7,58;5,0;5,0;9,0;;2,0;;;;;;-1;2023;False;2
RA-978;2023;Aluno-978;F;7,0;2015,0;2023;0;Pública;;ALFA R - G0/G1;0,0;0,0;0,0;False;Adequado;8,3877;Topázio;9,0;9,8;3,77;5,625;8,6;9,34;10,0;8,7;8,5;;2,0;;;;;;0;2023;False;2
RA-978;2024;Aluno-978;F;8,0;2015,0;2023;1;Pública;EE Luiz Schunck;ALFA S - G2/G3;0,0;1,0;-1,0;True;Moderada (1);7,4637;Ametista;9,502;9,5;6,26;6,875;6,5;7,5;5,0;6,0;7,0;;2,0;;;;;;-1;2023;False;2
RA-979;2023;Aluno-979;M;8,0;2015,0;2023;0;Pública;;ALFA S - G2/G3;0,0;0,0;0,0;False;Adequado;8,1617;Topázio;9,5;9,6;6,27;5,625;6,0;9,51;10,0;6,0;6,0;;2,0;;;;;;0;2023;False;2
RA-979;2024;Aluno-979;M;9,0;2015,0;2023;1;Pública;EM Etelvina Delfim Simões;ALFA Q - G2/G3;0,0;1,0;-1,0;True;Moderada (1);8,0352454545;Topázio;9,502;9,5227272725;7,51;8,125;8,25;7,335;5,0;9,5;7,0;;2,0;;;;;;-1;2023;False;2
RA-98;2022;Aluno-98;F;15,0;2007,0;2017;5;Privada - Parceira;;L;5,0;5,0;0,0;False;Adequado;9,354;Topázio;8,8;10,0;9,4;;8,5;9,667;10,0;8,4;8,2;8,9;4,0;2;2;2;True;False;0;2017;True;3
RA-98;2023;Aluno-98;F;15,0;2007,0;2017;6;Privada - Bolsa 100%;;7E;7,0;5,0;2,0;False;Adiantado;;;7,9;;2,52;;;;10,0;;;;;;;;;;2;2017;True;3
RA-98;2024;Aluno-98;F;16,0;2007,0;2017;7;Privada - Bolsa 100%;FIAP School - SP;7E;7,0;6,0;1,0;False;Adiantado;8,617450000000002;Topázio;9,585;9,546;7,1975;7,5;8,9;7,5;10,0;9,2;8,9;8,6;0,0;;;;;;1;2021;True;3
RA-980;2023;Aluno-980;F;8,0;2015,0;2023;0;Pública;;ALFA S - G2/G3;0,0;0,0;0,0;False;Adequado;7,1425;Ametista;0,0;9,8;5,02;5,625;6,3;9,34;10,0;6,5;6,0;;2,0;;;;;;0;2023;False;2
RA-980;2024;Aluno-980;F;9,0;2015,0;2023;1;Pública;EE Luiz Schunck;1P;1,0;1,0;0,0;False;Adequado;7,946388311600001;Ametista;9,002;9,058441558;7,51;7,5;6,25;7,4175;10,0;6,5;6,0;;4,0;;;;;;0;2023;False;2
RA-981;2023;Aluno-981;F;7,0;2016,0;2023;0;Pública;;ALFA S - G2/G3;0,0;0,0;0,0;False;Adequado;7,5367;Ametista;9,5;9,1;2,52;5,625;5,8;9,01;10,0;5,7;5,8;;2,0;;;;;;0;2023;False;2
RA-981;2024;Aluno-981;F;8,0;2016,0;2023;1;Pública;EE Helio Luiz Dobrochinski Prof;ALFA S - G2/G3;0,0;1,0;-1,0;True;Moderada (1);6,6513739130000005;Ágata;9,002;7,010869565;6,26;6,25;6,0;6,99;5,0;6,0;6,0;;2,0;;;;;;-1;2023;False;2
RA-982;2023;Aluno-982;M;7,0;2015,0;2023;0;Pública;;ALFA S - G2/G3;0,0;0,0;0,0;False;Adequado;7,1215;Ametista;0,0;9,1;2,52;5,625;8,6;8,835;10,0;8,7;8,5;;2,0;;;;;;0;2023;False;2
RA-982;2024;Aluno-982;M;8,0;2015,0;2023;1;Pública;EE Luiz Schunck;1P;1,0;1,0;0,0;False;Adequado;8,119860173100001;Topázio;10,002;8,365800865499999;7,51;6,875;8,25;6,79;10,0;6,5;10,0;;4,0;;;;;;0;2023;False;2
RA-983;2023;Aluno-983;M;8,0;2014,0;2023;0;Pública;;ALFA S - G2/G3;0,0;0,0;0,0;False;Adequado;8,3502;Topázio;8,5;9,9;2,52;6,25;8,8;9,415;10,0;8,8;8,8;;2,0;;;;;;0;2023;False;1
RA-984;2023;Aluno-984;F;8,0;2014,0;2023;0;Pública;;ALFA S - G2/G3;0,0;0,0;0,0;False;Adequado;8,8177;Topázio;8,0;9,8;7,52;6,875;8,3;9,84;10,0;8,3;8,2;;2,0;;;;;;0;2023;False;2
RA-984;2024;Aluno-984;F;9,0;2014,0;2023;1;Pública;EE Luiz Schunck;1R;1,0;1,0;0,0;False;Adequado;8,475080952400003;Topázio;9,502;9,761904762;7,51;8,125;7,0;8,045;10,0;7,5;6,5;;4,0;;;;;;0;2023;False;2
RA-985;2023;Aluno-985;M;8,0;2015,0;2023;0;Pública;;ALFA S - G2/G3;0,0;0,0;0,0;False;Adequado;7,6247;Ametista;9,0;9,3;2,52;5,625;6,8;8,5;10,0;7,3;6,2;;2,0;;;;;;0;2023;False;2
RA-985;2024;Aluno-985;M;9,0;2015,0;2023;1;Pública;EE Helio Luiz Dobrochinski Prof;1P;1,0;1,0;0,0;False;Adequado;8,2432;Topázio;8,502;10,0;6,26;7,5;7,5;7,585;10,0;8,0;7,0;;4,0;;;;;;0;2023;False;2
RA-986;2023;Aluno-986;F;8,0;2015,0;2023;0;Pública;;ALFA S - G2/G3;0,0;0,0;0,0;False;Adequado;8,0107;Topázio;9,5;9,1;2,52;5,625;8,3;8,83;10,0;8,3;8,3;;2,0;;;;;;0;2023;False;2
RA-986;2024;Aluno-986;F;9,0;2015,0;2023;1;Pública;EE Luiz Schunck;1P;1,0;1,0;0,0;False;Adequado;8,2603406926;Topázio;10,002;9,2965367965;6,26;7,083333333;8,5;6,8325;10,0;7,5;9,5;;4,0;;;;;;0;2023;False;2
RA-987;2023;Aluno-987;M;8,0;2015,0;2023;0;Pública;;ALFA S - G2/G3;0,0;0,0;0,0;False;Adequado;7,6765;Ametista;0,0;9,8;6,27;6,875;7,3;9,76;10,0;7,5;7,0;;2,0;;;;;;0;2023;False;2
RA-987;2024;Aluno-987;M;9,0;2015,0;2023;1;Pública;EE Luiz Schunck;1P;1,0;1,0;0,0;False;Adequado;8,3028861472;Topázio;9,002;9,0692640695;7,51;7,708333333;7,5;7,835;10,0;8,0;7,0;;4,0;;;;;;0;2023;False;2
RA-988;2023;Aluno-988;F;9,0;2014,0;2023;0;Pública;;ALFA S - G2/G3;0,0;1,0;-1,0;True;Moderada (1);7,9568;Ametista;7,9;8,1;7,52;6,25;8,5;9,84;5,0;8,5;8,5;;2,0;;;;;;-1;2023;False;2
RA-988;2024;Aluno-988;F;10,0;2014,0;2023;1;Pública;EE Helio Luiz Dobrochinski Prof;1P;1,0;2,0;-1,0;True;Moderada (1);8,1765333333;Topázio;9,502;10,0;7,51;8,333333333;7,75;7,96;5,0;6,5;9,0;;4,0;;;;;;-1;2023;False;2
RA-989;2023;Aluno-989;M;9,0;2014,0;2023;0;Pública;;ALFA S - G2/G3;0,0;1,0;-1,0;True;Moderada (1);7,7242;Ametista;9,5;8,1;2,52;7,5;8,3;10,01;5,0;8,7;7,8;;2,0;;;;;;-1;2023;False;2
RA-989;2024;Aluno-989;M;10,0;2014,0;2023;1;Pública;EE Luiz Schunck;1R;1,0;1,0;0,0;False;Adequado;7,3743785714;Ametista;9,502;7,857142856999999;6,26;7,1875;6,0;6,54;10,0;6,0;6,0;;4,0;;;;;;0;2023;False;2
RA-99;2022;Aluno-99;M;16,0;2006,0;2019;3;Pública;;L;5,0;6,0;-1,0;True;Moderada (1);6,158;Ágata;8,8;6,3;7,5;;5,0;5,833;5,0;5,7;3,4;5,8;4,0;701;44;10;False;False;-1;2019;False;2
RA-99;2023;Aluno-99;M;17,0;2006,0;2019;4;Pública;;6L;6,0;7,0;-1,0;True;Moderada (1);6,68045;Ágata;7,9;8,3;5,63;7,8125;4,5;7,4225;5,0;4,7;4,0;4,8;4,0;;;;;;-1;2019;False;2
RA-990;2023;Aluno-990;M;9,0;2014,0;2023;0;Pública;;ALFA T - G2/G3;0,0;1,0;-1,0;True;Moderada (1);7,254;Ametista;0,0;8,5;7,52;7,5;7,8;10,01;5,0;8,3;7,2;;2,0;;;;;;-1;2023;False;2
RA-990;2024;Aluno-990;M;10,0;2014,0;2023;1;Pública;EE Chácara Florida II;1A;1,0;2,0;-1,0;True;Moderada (1);7,812283333400001;Ametista;9,502;7,5;7,51;8,4375;8,0;8,336666667;5,0;9,5;6,5;;3,0;;;;;;-1;2023;False;2
RA-991;2023;Aluno-991;F;9,0;2014,0;2023;0;Pública;;ALFA T - G2/G3;0,0;1,0;-1,0;True;Moderada (1);7,7687;Ametista;10,0;9,1;3,14;6,875;7,7;9,585;5,0;8,0;7,3;;2,0;;;;;;-1;2023;False;2
RA-991;2024;Aluno-991;F;10,0;2014,0;2023;1;Pública;EM Etelvina Delfim Simões;1A;1,0;2,0;-1,0;True;Moderada (1);7,057230303000001;Ametista;9,002;8,181818182;6,26;7,5;6,5;6,723333333;5,0;7,0;6,0;;3,0;;;;;;-1;2023;False;2
RA-992;2023;Aluno-992;M;10,0;2012,0;2023;0;Pública;;ALFA T - G2/G3;0,0;2,0;-2,0;True;Alta (2);7,2722;Ametista;9,5;8,2;3,14;5,0;8,0;8,84;5,0;8,2;7,8;;2,0;;;;;;-2;2023;False;1
RA-993;2023;Aluno-993;F;8,0;2015,0;2023;0;Pública;;ALFA T - G2/G3;0,0;0,0;0,0;False;Adequado;8,7592;Topázio;9,5;9,8;3,77;7,5;8,6;10,01;10,0;8,5;8,7;;2,0;;;;;;0;2023;False;1
RA-994;2023;Aluno-994;F;8,0;2014,0;2023;0;Pública;;ALFA T - G2/G3;0,0;0,0;0,0;False;Adequado;7,4127;Ametista;9,5;9,4;3,77;5,625;6,0;7,265;10,0;6,2;5,7;;2,0;;;;;;0;2023;False;2
RA-994;2024;Aluno-994;F;9,0;2014,0;2023;1;Pública;EE Levi Pereira Martins Professor;ALFA T - G2/G3;0,0;1,0;-1,0;True;Moderada (1);7,7982217391;Ametista;9,002;9,5326086955;6,88;6,875;8,25;7,33;5,0;10,0;6,5;;2,0;;;;;;-1;2023;False;2
RA-995;2023;Aluno-995;F;11,0;2012,0;2023;0;Pública;;ALFA T - G2/G3;0,0;2,0;-2,0;True;Alta (2);6,4782;Ágata;9,5;7,9;3,77;6,25;5,1;7,18;5,0;5,3;4,8;;2,0;;;;;;-2;2023;False;2
RA-995;2024;Aluno-995;F;12,0;2012,0;2023;1;Pública;EE Mario Francisco de Amorim;1E;1,0;3,0;-2,0;True;Alta (2);5,110372077899999;Quartzo;10,002;5,3896103895;5,635;7,1875;2,0;4,25;5,0;0,0;4,0;;2,0;;;;;;-2;2023;False;2
RA-996;2023;Aluno-996;M;9,0;2014,0;2023;0;Pública;;ALFA T - G2/G3;0,0;1,0;-1,0;True;Moderada (1);8,1892;Topázio;10,0;9,2;3,77;7,5;8,6;10,01;5,0;8,7;8,5;;2,0;;;;;;-1;2023;False;1
RA-997;2023;Aluno-997;M;8,0;2015,0;2023;0;Pública;;ALFA T - G2/G3;0,0;0,0;0,0;False;Adequado;7,5687;Ametista;7,5;8,7;3,77;5,625;7,1;8,595;10,0;7,2;7,0;;2,0;;;;;;0;2023;False;1
RA-998;2023;Aluno-998;F;11,0;2012,0;2023;0;Pública;;ALFA U - G2/G3;0,0;2,0;-2,0;True;Alta (2);7,9752;Ametista;9,5;9,3;3,77;7,5;7,9;9,84;5,0;8,0;7,7;;2,0;;;;;;-2;2023;False;1
RA-999;2023;Aluno-999;M;9,0;2014,0;2023;0;Pública;;ALFA U - G2/G3;0,0;1,0;-1,0;True;Moderada (1);8,0352;Topázio;9,0;9,4;3,77;7,5;8,3;9,84;5,0;8,3;8,3;;2,0;;;;;;-1;2023;False;1
